{
  "RRR": {
    "R": 10.74051356105695,
    "P": 10.468547367480806,
    "S": 10.484457761391095
  },
  "RRP": {
    "R": 10.398073481583243,
    "P": 10.194108710669541,
    "S": 10.316333866632817
  },
  "RRS": {
    "R": 10.214105134708047,
    "P": 8.366240494785606,
    "S": 10.759515600320203
  },
  "RPR": {
    "R": 10.282150846462578,
    "P": 10.293447159209896,
    "S": 8.669979211891476
  },
  "RPP": {
    "R": 10.19875298956579,
    "P": 9.979503749188382,
    "S": 10.329267638586556
  },
  "RPS": {
    "R": 10.255493456612239,
    "P": 9.473472089940008,
    "S": 10.103475710009912
  },
  "RSR": {
    "R": 10.204510779466764,
    "P": 10.570798094914059,
    "S": 10.749790966999583
  },
  "RSP": {
    "R": 9.342405912229253,
    "P": 10.090198450897818,
    "S": 8.937557150411847
  },
  "RSS": {
    "R": 10.646443165185902,
    "P": 9.978026142552618,
    "S": 11.02155882010662
  },
  "PRR": {
    "R": 10.444902794854432,
    "P": 9.951054068345265,
    "S": 9.649365771377049
  },
  "PRP": {
    "R": 9.420552048486002,
    "P": 10.173646467272098,
    "S": 10.244388110316079
  },
  "PRS": {
    "R": 10.297116933010404,
    "P": 9.583650750157679,
    "S": 9.48407945166294
  },
  "PPR": {
    "R": 10.218093996672682,
    "P": 10.238073450312578,
    "S": 9.797529350972074
  },
  "PPP": {
    "R": 9.798625926812477,
    "P": 9.906625354033022,
    "S": 10.050063642894205
  },
  "PPS": {
    "R": 10.18732136124229,
    "P": 9.965063006309284,
    "S": 10.427460735602113
  },
  "PSR": {
    "R": 10.282362526208113,
    "P": 9.751081929771683,
    "S": 10.463109821466535
  },
  "PSP": {
    "R": 9.46785633950681,
    "P": 9.917469833471944,
    "S": 9.379975449452711
  },
  "PSS": {
    "R": 10.150943956834613,
    "P": 10.051147132583218,
    "S": 11.194533676833998
  },
  "SRR": {
    "R": 10.72510354615583,
    "P": 9.983463094221428,
    "S": 11.10613993051469
  },
  "SRP": {
    "R": 10.230640627724753,
    "P": 10.083694890909971,
    "S": 10.018570866074416
  },
  "SRS": {
    "R": 10.71849192801593,
    "P": 9.563498555483761,
    "S": 10.787103429250585
  },
  "SPR": {
    "R": 8.962282383571281,
    "P": 9.10687500838925,
    "S": 9.675805973754104
  },
  "SPP": {
    "R": 10.227757978203076,
    "P": 9.83163103712546,
    "S": 10.047188660860012
  },
  "SPS": {
    "R": 9.636529568402798,
    "P": 8.388514505236953,
    "S": 10.006817869179764
  },
  "SSR": {
    "R": 10.712728695744504,
    "P": 10.167348901014543,
    "S": 10.031123322808071
  },
  "SSP": {
    "R": 9.756307315989119,
    "P": 10.210457524413039,
    "S": 9.918764123044493
  },
  "SSS": {
    "R": 10.666615840243226,
    "P": 10.521422347453614,
    "S": 11.111062384485765
  }
}