{
  "RRR": {
    "R": 6.777963722956121,
    "P": 5.414059096128237,
    "S": 6.655079051502644
  },
  "RRP": {
    "R": 0,
    "P": 6.249413219749809,
    "S": 6.169712290973642
  },
  "RRS": {
    "R": 0,
    "P": 0.9422568610853208,
    "S": 6.550320535644044
  },
  "RPR": {
    "R": 0.7779351560441945,
    "P": 0,
    "S": 0.8163535998411668
  },
  "RPP": {
    "R": 0.4375810048000001,
    "P": 0,
    "S": 6.250306193582519
  },
  "RPS": {
    "R": 0,
    "P": 0.32000000000000006,
    "S": 6.4285392880430265
  },
  "RSR": {
    "R": 0,
    "P": 0.08000000000000002,
    "S": 0
  },
  "RSP": {
    "R": 2.9013724959692158,
    "P": 0.8690245196389914,
    "S": 0
  },
  "RSS": {
    "R": 0.08000000000000002,
    "P": 0.8428861380313291,
    "S": 6.703631596388764
  },
  "PRR": {
    "R": 6.606127079933537,
    "P": 5.682042686407937,
    "S": 1.0158685142658783
  },
  "PRP": {
    "R": 0.7780081155106995,
    "P": 0.4834696192000001,
    "S": 0
  },
  "PRS": {
    "R": 0.08000000000000002,
    "P": 2.9044247420266434,
    "S": 0.93199598505505
  },
  "PPR": {
    "R": 6.390657101044567,
    "P": 0.70085663710904,
    "S": 0.3433856000000001
  },
  "PPP": {
    "R": 6.6412404006135475,
    "P": 6.666148657107691,
    "S": 1.6685575402330504
  },
  "PPS": {
    "R": 6.252569248209947,
    "P": 1.3515456903705356,
    "S": 1.7011759840487042
  },
  "PSR": {
    "R": 6.252512184141743,
    "P": 0,
    "S": 0
  },
  "PSP": {
    "R": 0.9749978705488582,
    "P": 3.974021421168926,
    "S": 0
  },
  "PSS": {
    "R": 0,
    "P": 1.8603133016743463,
    "S": 6.776379394501361
  },
  "SRR": {
    "R": 1.3381487174895896,
    "P": 6.250463659960289,
    "S": 0
  },
  "SRP": {
    "R": 0,
    "P": 0,
    "S": 0.8604776359377471
  },
  "SRS": {
    "R": 0,
    "P": 0,
    "S": 2.0649413722704844
  },
  "SPR": {
    "R": 0.9025103867542263,
    "P": 0,
    "S": 2.902899174300555
  },
  "SPP": {
    "R": 4.347065390370661,
    "P": 6.659936765687041,
    "S": 1.006649679168464
  },
  "SPS": {
    "R": 0,
    "P": 0,
    "S": 0
  },
  "SSR": {
    "R": 0.9111982625184144,
    "P": 0.33548800000000006,
    "S": 1.7901412110985764
  },
  "SSP": {
    "R": 1.1338660090676562,
    "P": 6.6101221964935375,
    "S": 0
  },
  "SSS": {
    "R": 0.9987883936892901,
    "P": 6.885747789122324,
    "S": 6.8534185358837805
  }
}