{
  "RRR": {
    "R": 0,
    "P": 0,
    "S": 0
  },
  "RRP": {
    "R": 0,
    "P": 0,
    "S": 0
  },
  "RRS": {
    "R": 0,
    "P": 0.9142693546250733,
    "S": 0.5723609903923201
  },
  "RPR": {
    "R": 0,
    "P": 0.7601672499074228,
    "S": 0.10238720000000001
  },
  "RPP": {
    "R": 0,
    "P": 0,
    "S": 0.8848542572692963
  },
  "RPS": {
    "R": 0,
    "P": 0.32000000000000006,
    "S": 0.7895689893007852
  },
  "RSR": {
    "R": 0,
    "P": 0,
    "S": 0.742852852129722
  },
  "RSP": {
    "R": 0.6097236992000001,
    "P": 0.7422090746384257,
    "S": 0.32000000000000006
  },
  "RSS": {
    "R": 0.3160834048,
    "P": 0,
    "S": 0.8361375116492801
  },
  "PRR": {
    "R": 0,
    "P": 0,
    "S": 0.8437472556785042
  },
  "PRP": {
    "R": 0.768611150175405,
    "P": 0,
    "S": 0.702391881057747
  },
  "PRS": {
    "R": 0.6658399827553227,
    "P": 0,
    "S": 0
  },
  "PPR": {
    "R": 0,
    "P": 0.7464823780217809,
    "S": 0.5583988432589292
  },
  "PPP": {
    "R": 0,
    "P": 0.08000000000000002,
    "S": 0.7893423295692801
  },
  "PPS": {
    "R": 0,
    "P": 0.5878536192,
    "S": 0.6618817445931306
  },
  "PSR": {
    "R": 0,
    "P": 0,
    "S": 0.008
  },
  "PSP": {
    "R": 0,
    "P": 0.49942294396928016,
    "S": 0
  },
  "PSS": {
    "R": 0.212949839839232,
    "P": 0.5749974630400001,
    "S": 0.641765013979136
  },
  "SRR": {
    "R": 0,
    "P": 0,
    "S": 0
  },
  "SRP": {
    "R": 0,
    "P": 0.08000000000000002,
    "S": 0
  },
  "SRS": {
    "R": 0,
    "P": 0.7498562743013367,
    "S": 0.10238720000000001
  },
  "SPR": {
    "R": 0.483349654959816,
    "P": 0,
    "S": 0
  },
  "SPP": {
    "R": 0.7506207905936945,
    "P": 0.32000000000000006,
    "S": 0.5314696192000001
  },
  "SPS": {
    "R": 0,
    "P": 0,
    "S": 0.32000000000000006
  },
  "SSR": {
    "R": 0,
    "P": 0.32000000000000006,
    "S": 0.16652034048
  },
  "SSP": {
    "R": 0,
    "P": 0.6228263318112452,
    "S": 0
  },
  "SSS": {
    "R": 0,
    "P": 0.8427115710730734,
    "S": 0.65343047548928
  }
}