{
  "RRR": {
    "R": 15.088766028714616,
    "P": 15.188915612537599,
    "S": 14.683167813664102
  },
  "RRP": {
    "R": 15.113019022660286,
    "P": 14.939223363407727,
    "S": 15.44447628154403
  },
  "RRS": {
    "R": 14.950325311618764,
    "P": 13.973179640840375,
    "S": 14.453506262368524
  },
  "RPR": {
    "R": 15.134324931372701,
    "P": 14.597467873009785,
    "S": 15.024465048244352
  },
  "RPP": {
    "R": 14.89079308563973,
    "P": 14.899809215773827,
    "S": 14.808074579768231
  },
  "RPS": {
    "R": 15.166455432493464,
    "P": 15.051383932109802,
    "S": 15.072993070138448
  },
  "RSR": {
    "R": 14.73719662160895,
    "P": 14.681361744024201,
    "S": 15.026266510958344
  },
  "RSP": {
    "R": 14.225633235993667,
    "P": 15.064386030467215,
    "S": 14.625951256681624
  },
  "RSS": {
    "R": 14.485306482937165,
    "P": 15.110147966089619,
    "S": 14.936001295854986
  },
  "PRR": {
    "R": 15.068478873138016,
    "P": 15.157661443648097,
    "S": 14.848572998190495
  },
  "PRP": {
    "R": 13.766604943935082,
    "P": 13.49426692352552,
    "S": 14.72729238611874
  },
  "PRS": {
    "R": 14.739174706153705,
    "P": 14.332154675034994,
    "S": 14.525352321200602
  },
  "PPR": {
    "R": 15.132062153147173,
    "P": 13.756355299937194,
    "S": 14.689751890020663
  },
  "PPP": {
    "R": 15.080428562334035,
    "P": 14.771342996850898,
    "S": 14.884367398913477
  },
  "PPS": {
    "R": 15.192412421395236,
    "P": 14.14232270869045,
    "S": 15.340226826352414
  },
  "PSR": {
    "R": 15.057516605253408,
    "P": 14.798893566807108,
    "S": 15.120727197567135
  },
  "PSP": {
    "R": 14.993012702775577,
    "P": 14.965658120362118,
    "S": 14.301242458129622
  },
  "PSS": {
    "R": 14.70080841563087,
    "P": 15.082596342350413,
    "S": 14.93398128560267
  },
  "SRR": {
    "R": 14.675658171032907,
    "P": 15.097407501372865,
    "S": 14.66053064484621
  },
  "SRP": {
    "R": 15.105404129299714,
    "P": 14.472418786702013,
    "S": 15.277136911582216
  },
  "SRS": {
    "R": 14.719663694295905,
    "P": 14.861874663029838,
    "S": 14.95691263162905
  },
  "SPR": {
    "R": 15.032902167037024,
    "P": 13.887826260029046,
    "S": 14.662655184555154
  },
  "SPP": {
    "R": 14.517105373506004,
    "P": 15.022894968965486,
    "S": 15.1918384843706
  },
  "SPS": {
    "R": 14.278930377110935,
    "P": 14.864328124562885,
    "S": 15.06965100949528
  },
  "SSR": {
    "R": 14.43299616973626,
    "P": 15.21604625972586,
    "S": 14.771575622435781
  },
  "SSP": {
    "R": 14.230419952721782,
    "P": 14.981771404931772,
    "S": 14.816097626977724
  },
  "SSS": {
    "R": 15.295873852859417,
    "P": 14.872517649896611,
    "S": 14.711356755797723
  }
}