{
  "RRR": {
    "R": 5.735975316194444,
    "P": 5.175335705338829,
    "S": 5.715696359104255
  },
  "RRP": {
    "R": 4.901689440140245,
    "P": 5.477436605217874,
    "S": 5.012891109066306
  },
  "RRS": {
    "R": 5.979668709585239,
    "P": 4.742552574228097,
    "S": 6.000494211920255
  },
  "RPR": {
    "R": 5.4257935446573935,
    "P": 5.551122341060383,
    "S": 5.565325939832375
  },
  "RPP": {
    "R": 5.560388711952128,
    "P": 5.589075171385901,
    "S": 5.309378203459028
  },
  "RPS": {
    "R": 5.674679472009204,
    "P": 4.391775372265398,
    "S": 5.3331059859286185
  },
  "RSR": {
    "R": 5.960162082695127,
    "P": 5.464102504054321,
    "S": 4.882712465986915
  },
  "RSP": {
    "R": 4.512132437989788,
    "P": 4.757447267221248,
    "S": 4.519550882631155
  },
  "RSS": {
    "R": 5.884233941179768,
    "P": 5.48330455921889,
    "S": 5.4192282706913755
  },
  "PRR": {
    "R": 5.440689253298756,
    "P": 5.269068391247249,
    "S": 5.402445622439832
  },
  "PRP": {
    "R": 5.456590925171834,
    "P": 5.6092471081632596,
    "S": 4.768791502151987
  },
  "PRS": {
    "R": 5.097210315461994,
    "P": 4.772880869053696,
    "S": 5.377167280035179
  },
  "PPR": {
    "R": 5.514663630754796,
    "P": 5.472373111978936,
    "S": 4.7424743592238965
  },
  "PPP": {
    "R": 5.3933587897169755,
    "P": 5.643703558231634,
    "S": 5.5488779145188305
  },
  "PPS": {
    "R": 5.606308765508771,
    "P": 5.659851804482168,
    "S": 5.802416431160706
  },
  "PSR": {
    "R": 5.749436755195239,
    "P": 5.286592216837605,
    "S": 5.574460409306543
  },
  "PSP": {
    "R": 5.500688893488675,
    "P": 5.426449787325769,
    "S": 4.1819092619110965
  },
  "PSS": {
    "R": 5.035479930743287,
    "P": 5.49546251190857,
    "S": 5.445878140500083
  },
  "SRR": {
    "R": 5.755614104279541,
    "P": 5.540593533497614,
    "S": 6.007237971844701
  },
  "SRP": {
    "R": 5.443719972924702,
    "P": 5.763332176554107,
    "S": 5.470699969458465
  },
  "SRS": {
    "R": 5.638059270718747,
    "P": 3.967176730556644,
    "S": 5.670342856948887
  },
  "SPR": {
    "R": 5.368345901470278,
    "P": 4.538034028069298,
    "S": 5.388810324228195
  },
  "SPP": {
    "R": 5.485229449321818,
    "P": 4.522648680672025,
    "S": 5.956740240956487
  },
  "SPS": {
    "R": 4.516472778608048,
    "P": 5.2469921023475345,
    "S": 5.238073872174311
  },
  "SSR": {
    "R": 5.649910140316856,
    "P": 5.289979884242709,
    "S": 5.74541944116193
  },
  "SSP": {
    "R": 5.447149856073188,
    "P": 5.2859454241581005,
    "S": 5.462908628492762
  },
  "SSS": {
    "R": 5.503217383276997,
    "P": 5.389584568880923,
    "S": 5.135042392786403
  }
}