{
  "RRR": {
    "R": 5.9999999999996e-05,
    "P": 0,
    "S": 0
  },
  "RRP": {
    "R": 0,
    "P": 0.04726519213730561,
    "S": 0
  },
  "RRS": {
    "R": 0,
    "P": 0,
    "S": 0.00023995680345588032
  },
  "RPR": {
    "R": 0.0003598920172784209,
    "P": 0,
    "S": 0
  },
  "RPP": {
    "R": 0,
    "P": 0.051697778277461894,
    "S": 0
  },
  "RPS": {
    "R": 0,
    "P": 0,
    "S": 0.00029992800863946163
  },
  "RSR": {
    "R": 0.0005397408725629018,
    "P": 0,
    "S": 0
  },
  "RSP": {
    "R": 0,
    "P": 0.00023995680345588032,
    "S": 0
  },
  "RSS": {
    "R": 0,
    "P": 0,
    "S": 0.000119992799999992
  },
  "PRR": {
    "R": 0.00023995680345588032,
    "P": 0,
    "S": 0
  },
  "PRP": {
    "R": 0,
    "P": 0.000119992799999992,
    "S": 0
  },
  "PRS": {
    "R": 0,
    "P": 0,
    "S": 0.00041984883023634344
  },
  "PPR": {
    "R": 0.00017997840086398802,
    "P": 0,
    "S": 0
  },
  "PPP": {
    "R": 0,
    "P": 5.9999999999996e-05,
    "S": 0
  },
  "PPS": {
    "R": 0,
    "P": 0,
    "S": 0.05055971156192423
  },
  "PSR": {
    "R": 0.049391922858462674,
    "P": 0,
    "S": 0
  },
  "PSP": {
    "R": 0,
    "P": 0.00023995680345588032,
    "S": 0
  },
  "PSS": {
    "R": 0,
    "P": 0,
    "S": 0.00023995680345588032
  },
  "SRR": {
    "R": 0.04832971294609049,
    "P": 0,
    "S": 0
  },
  "SRP": {
    "R": 0,
    "P": 0.0005397408725629018,
    "S": 0
  },
  "SRS": {
    "R": 0,
    "P": 0,
    "S": 0.00029992800863946163
  },
  "SPR": {
    "R": 0.00023995680345588032,
    "P": 0,
    "S": 0
  },
  "SPP": {
    "R": 0,
    "P": 0.00017997840086398802,
    "S": 0
  },
  "SPS": {
    "R": 0,
    "P": 0,
    "S": 0.000119992799999992
  },
  "SSR": {
    "R": 0.00029992800863946163,
    "P": 0,
    "S": 0
  },
  "SSP": {
    "R": 0,
    "P": 5.9999999999996e-05,
    "S": 0
  },
  "SSS": {
    "R": 0,
    "P": 0,
    "S": 0.00023995680345588032
  }
}