{
  "RRR": {
    "R": 0.0012584891484996449,
    "P": 0,
    "S": 0
  },
  "RRP": {
    "R": 0,
    "P": 0.04862144254468593,
    "S": 0
  },
  "RRS": {
    "R": 0,
    "P": 0,
    "S": 0.0011986329844577838
  },
  "RPR": {
    "R": 0.0017370799545948581,
    "P": 0,
    "S": 0
  },
  "RPP": {
    "R": 0,
    "P": 0.05309438516758171,
    "S": 0
  },
  "RPS": {
    "R": 0,
    "P": 0,
    "S": 0.002155470162857275
  },
  "RSR": {
    "R": 0.002155470162857275,
    "P": 0,
    "S": 0
  },
  "RSP": {
    "R": 0,
    "P": 0.0015576622448506988,
    "S": 0
  },
  "RSS": {
    "R": 0,
    "P": 0,
    "S": 0.0015576622448506988
  },
  "PRR": {
    "R": 0.0013781799292262407,
    "P": 0,
    "S": 0
  },
  "PRP": {
    "R": 0,
    "P": 0.0017968715050003029,
    "S": 0
  },
  "PRS": {
    "R": 0,
    "P": 0,
    "S": 0.001976203109744235
  },
  "PPR": {
    "R": 0.0016772812283422632,
    "P": 0,
    "S": 0
  },
  "PPP": {
    "R": 0,
    "P": 0.0014978419858890093,
    "S": 0
  },
  "PPS": {
    "R": 0,
    "P": 0,
    "S": 0.05185231490805848
  },
  "PSR": {
    "R": 0.05063396087419012,
    "P": 0,
    "S": 0
  },
  "PSP": {
    "R": 0,
    "P": 0.0017370799545948581,
    "S": 0
  },
  "PSS": {
    "R": 0,
    "P": 0,
    "S": 0.002334672687575221
  },
  "SRR": {
    "R": 0.04952062126913391,
    "P": 0,
    "S": 0
  },
  "SRP": {
    "R": 0,
    "P": 0.002155470162857275,
    "S": 0
  },
  "SRS": {
    "R": 0,
    "P": 0,
    "S": 0.002155470162857275
  },
  "SPR": {
    "R": 0.0017370799545948581,
    "P": 0,
    "S": 0
  },
  "SPP": {
    "R": 0,
    "P": 0.0015576622448506988,
    "S": 0
  },
  "SPS": {
    "R": 0,
    "P": 0,
    "S": 0.0017968715050003029
  },
  "SSR": {
    "R": 0.002095721649455213,
    "P": 0,
    "S": 0
  },
  "SSP": {
    "R": 0,
    "P": 0.0017968715050003029,
    "S": 0
  },
  "SSS": {
    "R": 0,
    "P": 0,
    "S": 0.002513810707125508
  }
}