{
  "RRR": {
    "R": 0.0008393451143921855,
    "P": 0,
    "S": 0
  },
  "RRP": {
    "R": 0,
    "P": 0.04807943061225905,
    "S": 0
  },
  "RRS": {
    "R": 0,
    "P": 0,
    "S": 0.0008992443929784545
  },
  "RPR": {
    "R": 0.0013183381298018208,
    "P": 0,
    "S": 0
  },
  "RPP": {
    "R": 0,
    "P": 0.05266512400877095,
    "S": 0
  },
  "RPS": {
    "R": 0,
    "P": 0,
    "S": 0.0014978419858890093
  },
  "RSR": {
    "R": 0.0016174753253813128,
    "P": 0,
    "S": 0
  },
  "RSP": {
    "R": 0,
    "P": 0.0013781799292262407,
    "S": 0
  },
  "RSS": {
    "R": 0,
    "P": 0,
    "S": 0.0011387696368142055
  },
  "PRR": {
    "R": 0.001019021387273251,
    "P": 0,
    "S": 0
  },
  "PRP": {
    "R": 0,
    "P": 0.0011387696368142055,
    "S": 0
  },
  "PRS": {
    "R": 0,
    "P": 0,
    "S": 0.0016772812283422632
  },
  "PPR": {
    "R": 0.0010788991047067742,
    "P": 0,
    "S": 0
  },
  "PPP": {
    "R": 0,
    "P": 0.0008992443929784545,
    "S": 0
  },
  "PPS": {
    "R": 0,
    "P": 0,
    "S": 0.05163713947045645
  },
  "PSR": {
    "R": 0.050256312151691525,
    "P": 0,
    "S": 0
  },
  "PSP": {
    "R": 0,
    "P": 0.0013183381298018208,
    "S": 0
  },
  "PSS": {
    "R": 0,
    "P": 0,
    "S": 0.0020359659653710616
  },
  "SRR": {
    "R": 0.04903381150098025,
    "P": 0,
    "S": 0
  },
  "SRP": {
    "R": 0,
    "P": 0.001856655880419699,
    "S": 0
  },
  "SRS": {
    "R": 0,
    "P": 0,
    "S": 0.0015576622448506988
  },
  "SPR": {
    "R": 0.0014978419858890093,
    "P": 0,
    "S": 0
  },
  "SPP": {
    "R": 0,
    "P": 0.0011986329844577838,
    "S": 0
  },
  "SPS": {
    "R": 0,
    "P": 0,
    "S": 0.0015576622448506988
  },
  "SSR": {
    "R": 0.0016174753253813128,
    "P": 0,
    "S": 0
  },
  "SSP": {
    "R": 0,
    "P": 0.0015576622448506988,
    "S": 0
  },
  "SSS": {
    "R": 0,
    "P": 0,
    "S": 0.002155470162857275
  }
}