{
  "RRR": {
    "R": 4.775487632451151,
    "P": 4.897984857157466,
    "S": 4.699510134262846
  },
  "RRP": {
    "R": 4.901689440140245,
    "P": 4.778708452862202,
    "S": 4.102034439080456
  },
  "RRS": {
    "R": 4.75069793963126,
    "P": 4.742552574228097,
    "S": 4.615950450790664
  },
  "RPR": {
    "R": 4.539222039548816,
    "P": 4.712772350009539,
    "S": 4.155108279583204
  },
  "RPP": {
    "R": 4.7100013758811805,
    "P": 4.274267953918651,
    "S": 4.900204810754811
  },
  "RPS": {
    "R": 4.1319705290922615,
    "P": 4.391775372265398,
    "S": 4.365575190371195
  },
  "RSR": {
    "R": 4.722621663458764,
    "P": 3.752868745869047,
    "S": 4.882712465986915
  },
  "RSP": {
    "R": 4.512132437989788,
    "P": 4.699031918991918,
    "S": 4.519550882631155
  },
  "RSS": {
    "R": 4.438815132537418,
    "P": 3.6710176989478103,
    "S": 5.055820213147157
  },
  "PRR": {
    "R": 4.8350475397437185,
    "P": 4.835135932776055,
    "S": 3.7698355625767537
  },
  "PRP": {
    "R": 4.708076219503883,
    "P": 4.979604307175684,
    "S": 4.728375208563635
  },
  "PRS": {
    "R": 4.733951872263841,
    "P": 4.725199293229943,
    "S": 4.077494497062172
  },
  "PPR": {
    "R": 4.726344191040502,
    "P": 4.707934724440351,
    "S": 4.765216240460017
  },
  "PPP": {
    "R": 4.9364788448967865,
    "P": 4.4942042918058505,
    "S": 3.9357118283812937
  },
  "PPS": {
    "R": 4.093210511776858,
    "P": 4.30694036149344,
    "S": 4.609736977122803
  },
  "PSR": {
    "R": 4.446528995334549,
    "P": 4.4649977742727565,
    "S": 4.3585644289020715
  },
  "PSP": {
    "R": 4.711325741691032,
    "P": 4.387302261635034,
    "S": 4.1819092619110965
  },
  "PSS": {
    "R": 4.441072402664455,
    "P": 4.670272882063295,
    "S": 5.029392456162906
  },
  "SRR": {
    "R": 4.700889390240844,
    "P": 4.017024810168892,
    "S": 5.0126817191188255
  },
  "SRP": {
    "R": 3.9908286916911404,
    "P": 3.8763358819785783,
    "S": 4.435975427565959
  },
  "SRS": {
    "R": 4.336286543389539,
    "P": 3.967176730556644,
    "S": 4.793662886375503
  },
  "SPR": {
    "R": 4.5831023730414415,
    "P": 4.538034028069298,
    "S": 4.562885808953452
  },
  "SPP": {
    "R": 4.811227438926161,
    "P": 4.522648680672025,
    "S": 4.640464695790128
  },
  "SPS": {
    "R": 4.516472778608048,
    "P": 4.096007579644235,
    "S": 4.649169030200736
  },
  "SSR": {
    "R": 4.732616347708349,
    "P": 3.948951197029518,
    "S": 4.965976499072643
  },
  "SSP": {
    "R": 4.738843375259259,
    "P": 5.0633083804944645,
    "S": 4.864130048029429
  },
  "SSS": {
    "R": 4.833252870962283,
    "P": 5.140486247727304,
    "S": 5.135242551763012
  }
}