{
  "RRR": {
    "R": 5.9999999999996e-05,
    "P": 0,
    "S": 0
  },
  "RRP": {
    "R": 0,
    "P": 0.0474281571107748,
    "S": 0
  },
  "RRS": {
    "R": 0,
    "P": 0,
    "S": 0.0003598920172784209
  },
  "RPR": {
    "R": 0.00047979844837671106,
    "P": 0,
    "S": 0
  },
  "RPP": {
    "R": 0,
    "P": 0.05191292461367533,
    "S": 0
  },
  "RPS": {
    "R": 0,
    "P": 0,
    "S": 0.0003598920172784209
  },
  "RSR": {
    "R": 0.0007195249900286404,
    "P": 0,
    "S": 0
  },
  "RSP": {
    "R": 0,
    "P": 0.0003598920172784209,
    "S": 0
  },
  "RSS": {
    "R": 0,
    "P": 0,
    "S": 0.00029992800863946163
  },
  "PRR": {
    "R": 0.00041984883023634344,
    "P": 0,
    "S": 0
  },
  "PRP": {
    "R": 0,
    "P": 0.00017997840086398802,
    "S": 0
  },
  "PRS": {
    "R": 0,
    "P": 0,
    "S": 0.00047979844837671106
  },
  "PPR": {
    "R": 0.00023995680345588032,
    "P": 0,
    "S": 0
  },
  "PPP": {
    "R": 0,
    "P": 0.00023995680345588032,
    "S": 0
  },
  "PPS": {
    "R": 0,
    "P": 0,
    "S": 0.050883211506028585
  },
  "PSR": {
    "R": 0.049554122300743346,
    "P": 0,
    "S": 0
  },
  "PSP": {
    "R": 0,
    "P": 0.0003598920172784209,
    "S": 0
  },
  "PSS": {
    "R": 0,
    "P": 0,
    "S": 0.00047979844837671106
  },
  "SRR": {
    "R": 0.04843810731093128,
    "P": 0,
    "S": 0
  },
  "SRP": {
    "R": 0,
    "P": 0.0007195249900286404,
    "S": 0
  },
  "SRS": {
    "R": 0,
    "P": 0,
    "S": 0.0005397408725629018
  },
  "SPR": {
    "R": 0.0003598920172784209,
    "P": 0,
    "S": 0
  },
  "SPP": {
    "R": 0,
    "P": 0.0003598920172784209,
    "S": 0
  },
  "SPS": {
    "R": 0,
    "P": 0,
    "S": 0.00023995680345588032
  },
  "SSR": {
    "R": 0.0005397408725629018,
    "P": 0,
    "S": 0
  },
  "SSP": {
    "R": 0,
    "P": 0.00023995680345588032,
    "S": 0
  },
  "SSS": {
    "R": 0,
    "P": 0,
    "S": 0.0005397408725629018
  }
}