{
  "RRR": {
    "R": 6.99370798486094,
    "P": 6.954618519287522,
    "S": 5.715696359104255
  },
  "RRP": {
    "R": 7.349373930187033,
    "P": 7.183709099076897,
    "S": 6.006318779138947
  },
  "RRS": {
    "R": 7.0099311901111845,
    "P": 4.742552574228097,
    "S": 6.8992259222267265
  },
  "RPR": {
    "R": 7.054103016199125,
    "P": 6.905967509611534,
    "S": 5.954284959006465
  },
  "RPP": {
    "R": 7.127614188080999,
    "P": 7.720687472353304,
    "S": 7.265926634203991
  },
  "RPS": {
    "R": 7.137546388708433,
    "P": 7.0046918840032735,
    "S": 7.161405169541424
  },
  "RSR": {
    "R": 6.000238529110269,
    "P": 6.990544121507023,
    "S": 7.051658399281147
  },
  "RSP": {
    "R": 4.512132437989788,
    "P": 6.514671372754986,
    "S": 4.519550882631155
  },
  "RSS": {
    "R": 6.974193964283576,
    "P": 5.534126465711386,
    "S": 7.334401522293957
  },
  "PRR": {
    "R": 6.635070906223974,
    "P": 7.179168407168624,
    "S": 6.570438131544514
  },
  "PRP": {
    "R": 6.058564935147201,
    "P": 7.500098979010816,
    "S": 5.813279577064796
  },
  "PRS": {
    "R": 5.941978311590157,
    "P": 4.828418981742197,
    "S": 6.03968794304923
  },
  "PPR": {
    "R": 7.09064769446665,
    "P": 5.472373111978936,
    "S": 5.917313156073776
  },
  "PPP": {
    "R": 6.9784592300293715,
    "P": 8.128456864530063,
    "S": 7.6115679156167255
  },
  "PPS": {
    "R": 6.523452736283939,
    "P": 7.7650187621345825,
    "S": 7.647262407004341
  },
  "PSR": {
    "R": 5.749436755195239,
    "P": 7.204889922101203,
    "S": 6.653641157200161
  },
  "PSP": {
    "R": 5.477148085960081,
    "P": 7.731380951269438,
    "S": 7.537819269910455
  },
  "PSS": {
    "R": 7.181813661217419,
    "P": 7.573275926894245,
    "S": 7.620797615195911
  },
  "SRR": {
    "R": 6.775508607215371,
    "P": 6.962496612461094,
    "S": 7.022129362782575
  },
  "SRP": {
    "R": 7.193147583894635,
    "P": 7.151275907333752,
    "S": 7.45024037400051
  },
  "SRS": {
    "R": 6.987574357714843,
    "P": 5.6626830104752,
    "S": 7.285723446617768
  },
  "SPR": {
    "R": 5.368345901470278,
    "P": 6.469109523153424,
    "S": 5.3796362639509105
  },
  "SPP": {
    "R": 6.241395984162,
    "P": 7.185374943366653,
    "S": 7.529861480028888
  },
  "SPS": {
    "R": 6.667742630158877,
    "P": 5.2469921023475345,
    "S": 7.613602099565848
  },
  "SSR": {
    "R": 7.280261873324338,
    "P": 7.353106276763259,
    "S": 7.137010762731669
  },
  "SSP": {
    "R": 5.447149856073188,
    "P": 7.309290165084241,
    "S": 6.026728181649391
  },
  "SSS": {
    "R": 7.593673562512785,
    "P": 7.565168871167012,
    "S": 7.494874640326467
  }
}