{
  "RRR": {
    "R": 0.0008393451143921855,
    "P": 0,
    "S": 0
  },
  "RRP": {
    "R": 0,
    "P": 0.04791670015353168,
    "S": 0
  },
  "RRS": {
    "R": 0,
    "P": 0,
    "S": 0.0008992443929784545
  },
  "RPR": {
    "R": 0.0011986329844577838,
    "P": 0,
    "S": 0
  },
  "RPP": {
    "R": 0,
    "P": 0.052611437381256704,
    "S": 0
  },
  "RPS": {
    "R": 0,
    "P": 0,
    "S": 0.0012584891484996449
  },
  "RSR": {
    "R": 0.0015576622448506988,
    "P": 0,
    "S": 0
  },
  "RSP": {
    "R": 0,
    "P": 0.0013183381298018208,
    "S": 0
  },
  "RSS": {
    "R": 0,
    "P": 0,
    "S": 0.0011387696368142055
  },
  "PRR": {
    "R": 0.000959136483651293,
    "P": 0,
    "S": 0
  },
  "PRP": {
    "R": 0,
    "P": 0.0011387696368142055,
    "S": 0
  },
  "PRS": {
    "R": 0,
    "P": 0,
    "S": 0.0016174753253813128
  },
  "PPR": {
    "R": 0.001019021387273251,
    "P": 0,
    "S": 0
  },
  "PPP": {
    "R": 0,
    "P": 0.0008992443929784545,
    "S": 0
  },
  "PPS": {
    "R": 0,
    "P": 0,
    "S": 0.05152951301155424
  },
  "PSR": {
    "R": 0.05009436555843853,
    "P": 0,
    "S": 0
  },
  "PSP": {
    "R": 0,
    "P": 0.0012584891484996449,
    "S": 0
  },
  "PSS": {
    "R": 0,
    "P": 0,
    "S": 0.0017968715050003029
  },
  "SRR": {
    "R": 0.04897968906366789,
    "P": 0,
    "S": 0
  },
  "SRP": {
    "R": 0,
    "P": 0.0016174753253813128,
    "S": 0
  },
  "SRS": {
    "R": 0,
    "P": 0,
    "S": 0.0014978419858890093
  },
  "SPR": {
    "R": 0.0014978419858890093,
    "P": 0,
    "S": 0
  },
  "SPP": {
    "R": 0,
    "P": 0.0010788991047067742,
    "S": 0
  },
  "SPS": {
    "R": 0,
    "P": 0,
    "S": 0.0014380145476347295
  },
  "SSR": {
    "R": 0.0014978419858890093,
    "P": 0,
    "S": 0
  },
  "SSP": {
    "R": 0,
    "P": 0.0014380145476347295,
    "S": 0
  },
  "SSS": {
    "R": 0,
    "P": 0,
    "S": 0.001976203109744235
  }
}