{
  "RRR": {
    "R": 1.2656061210872847,
    "P": 0.8521083737304775,
    "S": 0.51460192
  },
  "RRP": {
    "R": 0.7530038099584,
    "P": 1.772928921217402,
    "S": 0
  },
  "RRS": {
    "R": 3.333906183260983,
    "P": 2.399170016729601,
    "S": 1.7527213397615813
  },
  "RPR": {
    "R": 2.2322450695933544,
    "P": 1.4765204294563603,
    "S": 0
  },
  "RPP": {
    "R": 1.9998495927224746,
    "P": 0,
    "S": 2.022159788644609
  },
  "RPS": {
    "R": 0.296,
    "P": 0,
    "S": 0.51460192
  },
  "RSR": {
    "R": 2.990378115931909,
    "P": 0.9859048729304776,
    "S": 0
  },
  "RSP": {
    "R": 1.1091200744365206,
    "P": 2.1466297222840685,
    "S": 0
  },
  "RSS": {
    "R": 0.51460192,
    "P": 2.0705308490262473,
    "S": 0.9508356463008457
  },
  "PRR": {
    "R": 0.7530038099584,
    "P": 0.51460192,
    "S": 2.621790973288949
  },
  "PRP": {
    "R": 1.3864398675621112,
    "P": 1.4173264505448195,
    "S": 0
  },
  "PRS": {
    "R": 0,
    "P": 0.296,
    "S": 1.825128442622864
  },
  "PPR": {
    "R": 2.8320946256078745,
    "P": 0.296,
    "S": 0.5915619200000001
  },
  "PPP": {
    "R": 0.5915619200000001,
    "P": 3.2305624751593616,
    "S": 1.414134282815387
  },
  "PPS": {
    "R": 0,
    "P": 1.5140203147042555,
    "S": 2.210726114501941
  },
  "PSR": {
    "R": 2.4773422118076467,
    "P": 0,
    "S": 0
  },
  "PSP": {
    "R": 0,
    "P": 1.5112830845329313,
    "S": 1.2708332586645918
  },
  "PSS": {
    "R": 0.7328803091584001,
    "P": 1.9450578099433318,
    "S": 1.4922797960258438
  },
  "SRR": {
    "R": 0,
    "P": 0.296,
    "S": 3.4199803341387285
  },
  "SRP": {
    "R": 0,
    "P": 0,
    "S": 0.7530038099584
  },
  "SRS": {
    "R": 0,
    "P": 0,
    "S": 0
  },
  "SPR": {
    "R": 2.1557538840564314,
    "P": 0,
    "S": 0
  },
  "SPP": {
    "R": 2.489840347206276,
    "P": 1.4741629497448197,
    "S": 1.3875510536637425
  },
  "SPS": {
    "R": 0,
    "P": 0,
    "S": 1.7141796601053407
  },
  "SSR": {
    "R": 2.631148311007647,
    "P": 0.296,
    "S": 0
  },
  "SSP": {
    "R": 0.296,
    "P": 1.8416553531305278,
    "S": 0
  },
  "SSS": {
    "R": 0.5915619200000001,
    "P": 0.7530038099584,
    "S": 1.1813741124740298
  }
}