{
  "RRR": {
    "R": 1.1968521842921664,
    "P": 0.296,
    "S": 1.086758317864592
  },
  "RRP": {
    "R": 0,
    "P": 0,
    "S": 1.309793184510121
  },
  "RRS": {
    "R": 0.074,
    "P": 1.9508128797730606,
    "S": 1.9455829962246647
  },
  "RPR": {
    "R": 0.9501148658528383,
    "P": 0,
    "S": 0
  },
  "RPP": {
    "R": 0.8294629367086322,
    "P": 2.7225340443497177,
    "S": 0
  },
  "RPS": {
    "R": 0,
    "P": 1.673337464808158,
    "S": 1.5357844282922173
  },
  "RSR": {
    "R": 0.296,
    "P": 0,
    "S": 0.6760438099584
  },
  "RSP": {
    "R": 1.8910017940873738,
    "P": 2.681395787455533,
    "S": 0
  },
  "RSS": {
    "R": 2.380412819228101,
    "P": 1.4437995728617554,
    "S": 1.4922797960258438
  },
  "PRR": {
    "R": 0,
    "P": 0,
    "S": 1.7807037131636674
  },
  "PRP": {
    "R": 0,
    "P": 0,
    "S": 1.4976452920324526
  },
  "PRS": {
    "R": 0,
    "P": 0,
    "S": 2.724633886452378
  },
  "PPR": {
    "R": 1.106468395349657,
    "P": 0.42761048,
    "S": 1.292684649253776
  },
  "PPP": {
    "R": 1.4773100613400827,
    "P": 3.5862726051423355,
    "S": 1.2942468284376552
  },
  "PPS": {
    "R": 0.5915619200000001,
    "P": 0.49677415737777364,
    "S": 1.1964721866082577
  },
  "PSR": {
    "R": 0,
    "P": 1.620554393802185,
    "S": 0
  },
  "PSP": {
    "R": 0,
    "P": 2.5865619813075105,
    "S": 1.8060621564022208
  },
  "PSS": {
    "R": 1.6078455653573245,
    "P": 1.2838539237235762,
    "S": 1.4156856775825404
  },
  "SRR": {
    "R": 0.8958327529093586,
    "P": 0,
    "S": 1.0296066684892085
  },
  "SRP": {
    "R": 0.296,
    "P": 0.985534968018059,
    "S": 1.6893170040109748
  },
  "SRS": {
    "R": 0.51460192,
    "P": 1.2977153617469213,
    "S": 1.839936081808577
  },
  "SPR": {
    "R": 0.9010502696381654,
    "P": 0,
    "S": 2.527494173795743
  },
  "SPP": {
    "R": 1.0550901990052297,
    "P": 3.3191976718710814,
    "S": 1.5304893808378726
  },
  "SPS": {
    "R": 0,
    "P": 2.3543395941434198,
    "S": 0
  },
  "SSR": {
    "R": 1.3310452471839396,
    "P": 2.0054367907486514,
    "S": 2.105094889872961
  },
  "SSP": {
    "R": 0,
    "P": 1.5541888816304978,
    "S": 0.296
  },
  "SSS": {
    "R": 1.6848055653573244,
    "P": 0.6803502420896,
    "S": 1.4756256787875683
  }
}