{
  "RRR": {
    "R": 0.0007794386470298331,
    "P": 0,
    "S": 0
  },
  "RRP": {
    "R": 0,
    "P": 0.04775391109777644,
    "S": 0
  },
  "RRS": {
    "R": 0,
    "P": 0,
    "S": 0.0008393451143921855
  },
  "RPR": {
    "R": 0.000959136483651293,
    "P": 0,
    "S": 0
  },
  "RPP": {
    "R": 0,
    "P": 0.05255774431057397,
    "S": 0
  },
  "RPS": {
    "R": 0,
    "P": 0,
    "S": 0.0010788991047067742
  },
  "RSR": {
    "R": 0.0013781799292262407,
    "P": 0,
    "S": 0
  },
  "RSP": {
    "R": 0,
    "P": 0.0011387696368142055,
    "S": 0
  },
  "RSS": {
    "R": 0,
    "P": 0,
    "S": 0.000959136483651293
  },
  "PRR": {
    "R": 0.0008992443929784545,
    "P": 0,
    "S": 0
  },
  "PRP": {
    "R": 0,
    "P": 0.000959136483651293,
    "S": 0
  },
  "PRS": {
    "R": 0,
    "P": 0,
    "S": 0.0013781799292262407
  },
  "PPR": {
    "R": 0.000959136483651293,
    "P": 0,
    "S": 0
  },
  "PPP": {
    "R": 0,
    "P": 0.0007195249900286404,
    "S": 0
  },
  "PPS": {
    "R": 0,
    "P": 0,
    "S": 0.05136802488063737
  },
  "PSR": {
    "R": 0.04987834605194323,
    "P": 0,
    "S": 0
  },
  "PSP": {
    "R": 0,
    "P": 0.0010788991047067742,
    "S": 0
  },
  "PSS": {
    "R": 0,
    "P": 0,
    "S": 0.0016174753253813128
  },
  "SRR": {
    "R": 0.048763134351903145,
    "P": 0,
    "S": 0
  },
  "SRP": {
    "R": 0,
    "P": 0.0014978419858890093,
    "S": 0
  },
  "SRS": {
    "R": 0,
    "P": 0,
    "S": 0.0012584891484996449
  },
  "SPR": {
    "R": 0.0013183381298018208,
    "P": 0,
    "S": 0
  },
  "SPP": {
    "R": 0,
    "P": 0.0008992443929784545,
    "S": 0
  },
  "SPS": {
    "R": 0,
    "P": 0,
    "S": 0.0011986329844577838
  },
  "SSR": {
    "R": 0.0013183381298018208,
    "P": 0,
    "S": 0
  },
  "SSP": {
    "R": 0,
    "P": 0.0011986329844577838,
    "S": 0
  },
  "SSS": {
    "R": 0,
    "P": 0,
    "S": 0.0016772812283422632
  }
}