{
  "RRR": {
    "R": 12.386653560467089,
    "P": 10.86845576669958,
    "S": 12.98473255392993
  },
  "RRP": {
    "R": 8.377315279815368,
    "P": 14.027758078009821,
    "S": 10.56926200949053
  },
  "RRS": {
    "R": 12.156919157564458,
    "P": 14.645933974905383,
    "S": 14.421447392969457
  },
  "RPR": {
    "R": 12.812056733859377,
    "P": 11.293596120431816,
    "S": 6.106579260813872
  },
  "RPP": {
    "R": 11.74276753498016,
    "P": 8.867493203846447,
    "S": 14.38201257714482
  },
  "RPS": {
    "R": 11.965015298944795,
    "P": 11.126950311161677,
    "S": 7.015104179167643
  },
  "RSR": {
    "R": 11.629646561156324,
    "P": 10.494654430606037,
    "S": 13.983423726905679
  },
  "RSP": {
    "R": 9.25047403454167,
    "P": 13.977631289599355,
    "S": 15.142031394430509
  },
  "RSS": {
    "R": 12.516257520705102,
    "P": 9.045929421831001,
    "S": 14.978013152563886
  },
  "PRR": {
    "R": 12.854991867675608,
    "P": 10.846941247855106,
    "S": 13.127650508553492
  },
  "PRP": {
    "R": 11.775736993612194,
    "P": 11.678853781588769,
    "S": 11.016714460424735
  },
  "PRS": {
    "R": 13.317878269798829,
    "P": 8.678674745323304,
    "S": 6.105185971504677
  },
  "PPR": {
    "R": 12.387321924918679,
    "P": 11.96080646016348,
    "S": 10.323541877323759
  },
  "PPP": {
    "R": 12.1761321928254,
    "P": 16.025531531277036,
    "S": 14.47999330192348
  },
  "PPS": {
    "R": 8.99874239058692,
    "P": 16.090352661990668,
    "S": 16.445797170231163
  },
  "PSR": {
    "R": 11.246909207052585,
    "P": 11.269184357264372,
    "S": 12.417515443679136
  },
  "PSP": {
    "R": 2.3220152254747264,
    "P": 16.60702209855915,
    "S": 15.823678172048918
  },
  "PSS": {
    "R": 11.246559908460915,
    "P": 16.75835323439584,
    "S": 15.568408260261098
  },
  "SRR": {
    "R": 11.621514139179379,
    "P": 11.942272156903734,
    "S": 11.82789530042549
  },
  "SRP": {
    "R": 10.909765404968791,
    "P": 10.967423922432197,
    "S": 10.6510870144283
  },
  "SRS": {
    "R": 13.935153344013814,
    "P": 8.496299703792012,
    "S": 12.261642908697807
  },
  "SPR": {
    "R": 8.809883610742112,
    "P": 11.320315311093918,
    "S": 2.7433451030097036
  },
  "SPP": {
    "R": 11.112611484001357,
    "P": 15.568382554347059,
    "S": 16.444987482624168
  },
  "SPS": {
    "R": 11.600287282282508,
    "P": 14.461383643760144,
    "S": 16.937554851940895
  },
  "SSR": {
    "R": 11.879771576278246,
    "P": 9.849109186779595,
    "S": 12.797320727954936
  },
  "SSP": {
    "R": 6.2004752580903375,
    "P": 16.785995397603905,
    "S": 14.950833507472725
  },
  "SSS": {
    "R": 12.635655118900422,
    "P": 13.553207983306665,
    "S": 15.37884292318105
  }
}