{
  "RRR": {
    "R": 16.104287288286876,
    "P": 15.108884033152911,
    "S": 16.086366075524545
  },
  "RRP": {
    "R": 17.51930853451988,
    "P": 15.34016690655675,
    "S": 7.849324824852382
  },
  "RRS": {
    "R": 16.03024083630638,
    "P": 17.60217434505136,
    "S": 15.842496235200194
  },
  "RPR": {
    "R": 15.718834438278291,
    "P": 15.765780154513951,
    "S": 18.448256389916303
  },
  "RPP": {
    "R": 17.52954311084362,
    "P": 17.022707203133276,
    "S": 16.96570171424471
  },
  "RPS": {
    "R": 16.64627171127914,
    "P": 15.194539103632309,
    "S": 15.011180489872013
  },
  "RSR": {
    "R": 16.06638547957758,
    "P": 15.70736535586768,
    "S": 16.328648117386813
  },
  "RSP": {
    "R": 64.43820143197611,
    "P": 16.99814424695534,
    "S": 15.078830842406113
  },
  "RSS": {
    "R": 18.177043069747786,
    "P": 16.301554222721055,
    "S": 16.558913914914424
  },
  "PRR": {
    "R": 14.80153938161862,
    "P": 15.408223345468805,
    "S": 17.54410850827194
  },
  "PRP": {
    "R": 15.791762430840038,
    "P": 17.41769039338225,
    "S": 15.604444374836277
  },
  "PRS": {
    "R": 15.56734184164216,
    "P": 64.61573131628533,
    "S": 18.29445305049433
  },
  "PPR": {
    "R": 15.585762050327261,
    "P": 17.310302705817175,
    "S": 18.1987328152491
  },
  "PPP": {
    "R": 12.943349550181994,
    "P": 14.944621404237827,
    "S": 18.506849669111638
  },
  "PPS": {
    "R": 14.35787278360403,
    "P": 18.764230813866426,
    "S": 17.959758053191216
  },
  "PSR": {
    "R": 15.560175282185627,
    "P": 15.07854273599338,
    "S": 18.37168993619779
  },
  "PSP": {
    "R": 18.711656745532242,
    "P": 16.718834120210783,
    "S": 18.452802964692594
  },
  "PSS": {
    "R": 17.970847319381086,
    "P": 17.94979419179614,
    "S": 14.738174070814313
  },
  "SRR": {
    "R": 14.851179636920387,
    "P": 16.427961547666463,
    "S": 15.451021099572362
  },
  "SRP": {
    "R": 14.774188140688697,
    "P": 17.136095405052604,
    "S": 16.68886765912764
  },
  "SRS": {
    "R": 14.608392689183127,
    "P": 18.322801855489413,
    "S": 16.890734423030366
  },
  "SPR": {
    "R": 17.60714602445369,
    "P": 16.30690358050841,
    "S": 64.52699545451517
  },
  "SPP": {
    "R": 16.63921021814651,
    "P": 15.883258147264232,
    "S": 18.25806782034335
  },
  "SPS": {
    "R": 17.832351042931464,
    "P": 18.661756872500135,
    "S": 14.534019659864033
  },
  "SSR": {
    "R": 16.35406222897876,
    "P": 15.871361261183262,
    "S": 18.43390987197283
  },
  "SSP": {
    "R": 17.74708251776326,
    "P": 16.129328572356805,
    "S": 17.936739608121464
  },
  "SSS": {
    "R": 16.467764372223048,
    "P": 15.126210699689688,
    "S": 16.514270861815568
  }
}