{
  "RRR": {
    "R": 6.990757297043345,
    "P": 7.19496626121091,
    "S": 6.959055435888018
  },
  "RRP": {
    "R": 7.193800365861662,
    "P": 7.183709099076897,
    "S": 7.307266685881222
  },
  "RRS": {
    "R": 7.0099311901111845,
    "P": 4.742552574228097,
    "S": 7.5064009520234825
  },
  "RPR": {
    "R": 7.545700520549786,
    "P": 7.555846369825943,
    "S": 5.954284959006465
  },
  "RPP": {
    "R": 7.127614188080999,
    "P": 7.720687472353304,
    "S": 7.697762581104669
  },
  "RPS": {
    "R": 7.37911472039362,
    "P": 7.0046918840032735,
    "S": 7.786076798855255
  },
  "RSR": {
    "R": 6.000238529110269,
    "P": 7.70760660223271,
    "S": 7.051658399281147
  },
  "RSP": {
    "R": 4.512132437989788,
    "P": 6.514671372754986,
    "S": 4.519550882631155
  },
  "RSS": {
    "R": 6.974193964283576,
    "P": 5.534126465711386,
    "S": 7.52242419518337
  },
  "PRR": {
    "R": 7.186111656597735,
    "P": 7.30164342078557,
    "S": 6.570438131544514
  },
  "PRP": {
    "R": 7.389883685924249,
    "P": 7.500098979010816,
    "S": 7.216116134705372
  },
  "PRS": {
    "R": 5.941978311590157,
    "P": 4.828418981742197,
    "S": 6.03968794304923
  },
  "PPR": {
    "R": 7.09064769446665,
    "P": 5.472373111978936,
    "S": 5.917313156073776
  },
  "PPP": {
    "R": 6.9784592300293715,
    "P": 8.128456864530063,
    "S": 7.6115679156167255
  },
  "PPS": {
    "R": 7.478625916580507,
    "P": 7.7650187621345825,
    "S": 7.647262407004341
  },
  "PSR": {
    "R": 6.976836533352949,
    "P": 7.42908547520268,
    "S": 7.1845991806681955
  },
  "PSP": {
    "R": 5.477148085960081,
    "P": 7.731380951269438,
    "S": 7.537819269910455
  },
  "PSS": {
    "R": 7.181813661217419,
    "P": 7.573275926894245,
    "S": 7.5968871793378785
  },
  "SRR": {
    "R": 6.998446316888447,
    "P": 6.962496612461094,
    "S": 7.022129362782575
  },
  "SRP": {
    "R": 7.57469686757418,
    "P": 7.635213847989137,
    "S": 7.45024037400051
  },
  "SRS": {
    "R": 7.098560094042972,
    "P": 5.6626830104752,
    "S": 7.285723446617768
  },
  "SPR": {
    "R": 5.368345901470278,
    "P": 6.469109523153424,
    "S": 5.3796362639509105
  },
  "SPP": {
    "R": 6.241395984162,
    "P": 7.185374943366653,
    "S": 7.529861480028888
  },
  "SPS": {
    "R": 7.4481218227981225,
    "P": 5.2469921023475345,
    "S": 7.613602099565848
  },
  "SSR": {
    "R": 7.280261873324338,
    "P": 7.353106276763259,
    "S": 7.137010762731669
  },
  "SSP": {
    "R": 5.447149856073188,
    "P": 7.309290165084241,
    "S": 7.585371577519425
  },
  "SSS": {
    "R": 7.593673562512785,
    "P": 7.406197201315588,
    "S": 7.494874640326467
  }
}