{
  "RRR": {
    "R": 0.0007195249900286404,
    "P": 0,
    "S": 0
  },
  "RRP": {
    "R": 0,
    "P": 0.04775391109777644,
    "S": 0
  },
  "RRS": {
    "R": 0,
    "P": 0,
    "S": 0.0007794386470298331
  },
  "RPR": {
    "R": 0.0008393451143921855,
    "P": 0,
    "S": 0
  },
  "RPP": {
    "R": 0,
    "P": 0.05245033883660988,
    "S": 0
  },
  "RPS": {
    "R": 0,
    "P": 0,
    "S": 0.001019021387273251
  },
  "RSR": {
    "R": 0.0013183381298018208,
    "P": 0,
    "S": 0
  },
  "RSP": {
    "R": 0,
    "P": 0.001019021387273251,
    "S": 0
  },
  "RSS": {
    "R": 0,
    "P": 0,
    "S": 0.0008992443929784545
  },
  "PRR": {
    "R": 0.0008992443929784545,
    "P": 0,
    "S": 0
  },
  "PRP": {
    "R": 0,
    "P": 0.0007195249900286404,
    "S": 0
  },
  "PRS": {
    "R": 0,
    "P": 0,
    "S": 0.0012584891484996449
  },
  "PPR": {
    "R": 0.0008393451143921855,
    "P": 0,
    "S": 0
  },
  "PPP": {
    "R": 0,
    "P": 0.0005397408725629018,
    "S": 0
  },
  "PPS": {
    "R": 0,
    "P": 0,
    "S": 0.05136802488063737
  },
  "PSR": {
    "R": 0.04982432497093975,
    "P": 0,
    "S": 0
  },
  "PSP": {
    "R": 0,
    "P": 0.001019021387273251,
    "S": 0
  },
  "PSS": {
    "R": 0,
    "P": 0,
    "S": 0.0014978419858890093
  },
  "SRR": {
    "R": 0.04870897942943468,
    "P": 0,
    "S": 0
  },
  "SRP": {
    "R": 0,
    "P": 0.0014380145476347295,
    "S": 0
  },
  "SRS": {
    "R": 0,
    "P": 0,
    "S": 0.0011986329844577838
  },
  "SPR": {
    "R": 0.0011986329844577838,
    "P": 0,
    "S": 0
  },
  "SPP": {
    "R": 0,
    "P": 0.0008992443929784545,
    "S": 0
  },
  "SPS": {
    "R": 0,
    "P": 0,
    "S": 0.001019021387273251
  },
  "SSR": {
    "R": 0.0012584891484996449,
    "P": 0,
    "S": 0
  },
  "SSP": {
    "R": 0,
    "P": 0.0010788991047067742,
    "S": 0
  },
  "SSS": {
    "R": 0,
    "P": 0,
    "S": 0.0014380145476347295
  }
}