{
  "RRR": {
    "R": 1.4254522276598494,
    "P": 1.2295292451780306,
    "S": 1.5440407322974226
  },
  "RRP": {
    "R": 1.2211102081912546,
    "P": 1.1076931992514278,
    "S": 1.4401290830308398
  },
  "RRS": {
    "R": 0,
    "P": 1.19712467883415,
    "S": 0.8513410842550184
  },
  "RPR": {
    "R": 1.3983259650566462,
    "P": 1.2896442684557263,
    "S": 0
  },
  "RPP": {
    "R": 1.1723550006628807,
    "P": 1.318914310186801,
    "S": 0
  },
  "RPS": {
    "R": 0,
    "P": 1.1638762837031582,
    "S": 0.8545684008378087
  },
  "RSR": {
    "R": 0,
    "P": 0.6297248048384922,
    "S": 0
  },
  "RSP": {
    "R": 1.048954755255145,
    "P": 0.9638237084328134,
    "S": 0
  },
  "RSS": {
    "R": 0.7627820198937116,
    "P": 0,
    "S": 0.7120204394336355
  },
  "PRR": {
    "R": 1.1167288182254138,
    "P": 1.269597910876525,
    "S": 0.9856537487186297
  },
  "PRP": {
    "R": 1.349651983935052,
    "P": 1.292703853099999,
    "S": 0.6524439239224606
  },
  "PRS": {
    "R": 0.08000000000000002,
    "P": 0,
    "S": 0.7748795978593954
  },
  "PPR": {
    "R": 1.103115294040014,
    "P": 0.4834696192000001,
    "S": 0.32000000000000006
  },
  "PPP": {
    "R": 1.3805394252820407,
    "P": 1.3194841357986147,
    "S": 0.7794696192000001
  },
  "PPS": {
    "R": 0.15987200000000001,
    "P": 0,
    "S": 0.597106795077904
  },
  "PSR": {
    "R": 0,
    "P": 0.5737248048384922,
    "S": 0
  },
  "PSP": {
    "R": 1.1374067048042287,
    "P": 0.9268261314060878,
    "S": 0
  },
  "PSS": {
    "R": 0.874434752038382,
    "P": 0.8040664031664505,
    "S": 0.5936988916306412
  },
  "SRR": {
    "R": 1.3752972702763484,
    "P": 0,
    "S": 0
  },
  "SRP": {
    "R": 0.52671254396928,
    "P": 0.5878536192,
    "S": 0.6885330721925003
  },
  "SRS": {
    "R": 0,
    "P": 0,
    "S": 0
  },
  "SPR": {
    "R": 1.065323618027426,
    "P": 0,
    "S": 0.849068410176981
  },
  "SPP": {
    "R": 0.6831657405120513,
    "P": 0.9423285439692801,
    "S": 0.6808760782282381
  },
  "SPS": {
    "R": 0,
    "P": 0,
    "S": 0
  },
  "SSR": {
    "R": 1.299031117157197,
    "P": 0.6944323046572919,
    "S": 0
  },
  "SSP": {
    "R": 0.5991419890892802,
    "P": 0.8258281335050732,
    "S": 0
  },
  "SSS": {
    "R": 0,
    "P": 0.8015297241520505,
    "S": 0.6603849867284972
  }
}