{
  "RRR": {
    "R": 0,
    "P": 0.074,
    "S": 0
  },
  "RRP": {
    "R": 0,
    "P": 0,
    "S": 0.296
  },
  "RRS": {
    "R": 0.079465048,
    "P": 0.8279792889169533,
    "S": 0.6760438099584
  },
  "RPR": {
    "R": 0,
    "P": 0.8602523591530887,
    "S": 0.4885683809749007
  },
  "RPP": {
    "R": 0.5266525286523012,
    "P": 0,
    "S": 0.5920624195449675
  },
  "RPS": {
    "R": 0.8086390016228953,
    "P": 0.5835901788305641,
    "S": 0.706900198386149
  },
  "RSR": {
    "R": 0.0074,
    "P": 0.9785345353159047,
    "S": 0.6535677520471763
  },
  "RSP": {
    "R": 0.712939600021474,
    "P": 0.6833633128351363,
    "S": 0.7203315941571702
  },
  "RSS": {
    "R": 0.46866823335268254,
    "P": 0.6688663918866719,
    "S": 0.9154158076530016
  },
  "PRR": {
    "R": 0.074,
    "P": 0,
    "S": 0.296
  },
  "PRP": {
    "R": 0,
    "P": 0.7970128372823494,
    "S": 0.6844355174852949
  },
  "PRS": {
    "R": 0.7786728562418805,
    "P": 1.040324716311488,
    "S": 0.9329733451581628
  },
  "PPR": {
    "R": 0.51460192,
    "P": 0.61291844317324,
    "S": 0.677159019382353
  },
  "PPP": {
    "R": 0,
    "P": 0,
    "S": 0.6350443843511071
  },
  "PPS": {
    "R": 0.699476528905615,
    "P": 0.45908625947991544,
    "S": 0.301465048
  },
  "PSR": {
    "R": 0.6613241847782483,
    "P": 0.7851560625778246,
    "S": 0.8355806823160195
  },
  "PSP": {
    "R": 0.11662007728960003,
    "P": 0.7567707220941758,
    "S": 0.4965037475084017
  },
  "PSS": {
    "R": 0.0074,
    "P": 0.5037905263787679,
    "S": 0.2555241608571077
  },
  "SRR": {
    "R": 0,
    "P": 0,
    "S": 0.7134425619084017
  },
  "SRP": {
    "R": 0.48210468465169115,
    "P": 0.300724138772702,
    "S": 0.8172916584516967
  },
  "SRS": {
    "R": 0.8556328562418806,
    "P": 0.5428551819724018,
    "S": 0.7388631766106375
  },
  "SPR": {
    "R": 0.074,
    "P": 0.074,
    "S": 1.0006427857423008
  },
  "SPP": {
    "R": 0.502989057605696,
    "P": 0.296,
    "S": 0.3648838387336896
  },
  "SPS": {
    "R": 0.8398377976463984,
    "P": 0,
    "S": 0.8018558787412476
  },
  "SSR": {
    "R": 0,
    "P": 0.5183166725447647,
    "S": 0.8302718930952717
  },
  "SSP": {
    "R": 0.8910559486933274,
    "P": 0.4762645115727019,
    "S": 0.4540438099584
  },
  "SSS": {
    "R": 0.5678768994485298,
    "P": 0.6845432510747128,
    "S": 0.9936285289015709
  }
}