{
  "RRR": {
    "R": 0.0016174753253813128,
    "P": 0,
    "S": 0
  },
  "RRP": {
    "R": 0,
    "P": 0.04883806525627693,
    "S": 0
  },
  "RRS": {
    "R": 0,
    "P": 0,
    "S": 0.0017968715050003029
  },
  "RPR": {
    "R": 0.001856655880419699,
    "P": 0,
    "S": 0
  },
  "RPP": {
    "R": 0,
    "P": 0.053308861253145066,
    "S": 0
  },
  "RPS": {
    "R": 0,
    "P": 0,
    "S": 0.0024541051997494815
  },
  "RSR": {
    "R": 0.002633200228754664,
    "P": 0,
    "S": 0
  },
  "RSP": {
    "R": 0,
    "P": 0.0016772812283422632,
    "S": 0
  },
  "RSS": {
    "R": 0,
    "P": 0,
    "S": 0.0020359659653710616
  },
  "PRR": {
    "R": 0.0017968715050003029,
    "P": 0,
    "S": 0
  },
  "PRP": {
    "R": 0,
    "P": 0.001976203109744235,
    "S": 0
  },
  "PRS": {
    "R": 0,
    "P": 0,
    "S": 0.002095721649455213
  },
  "PPR": {
    "R": 0.0020359659653710616,
    "P": 0,
    "S": 0
  },
  "PPP": {
    "R": 0,
    "P": 0.0015576622448506988,
    "S": 0
  },
  "PPS": {
    "R": 0,
    "P": 0,
    "S": 0.05185231490805848
  },
  "PSR": {
    "R": 0.05090351579672055,
    "P": 0,
    "S": 0
  },
  "PSP": {
    "R": 0,
    "P": 0.0020359659653710616,
    "S": 0
  },
  "PSS": {
    "R": 0,
    "P": 0,
    "S": 0.002513810707125508
  },
  "SRR": {
    "R": 0.049898887749545415,
    "P": 0,
    "S": 0
  },
  "SRP": {
    "R": 0,
    "P": 0.002394392526852708,
    "S": 0
  },
  "SRS": {
    "R": 0,
    "P": 0,
    "S": 0.002513810707125508
  },
  "SPR": {
    "R": 0.001976203109744235,
    "P": 0,
    "S": 0
  },
  "SPP": {
    "R": 0,
    "P": 0.0016772812283422632,
    "S": 0
  },
  "SPS": {
    "R": 0,
    "P": 0,
    "S": 0.0022749456810569517
  },
  "SSR": {
    "R": 0.002334672687575221,
    "P": 0,
    "S": 0
  },
  "SSP": {
    "R": 0,
    "P": 0.002215211506437728,
    "S": 0
  },
  "SSS": {
    "R": 0,
    "P": 0,
    "S": 0.0031104718663633327
  }
}