{
  "RRR": {
    "R": 0.001019021387273251,
    "P": 0,
    "S": 0
  },
  "RRP": {
    "R": 0,
    "P": 0.04824210249505095,
    "S": 0
  },
  "RRS": {
    "R": 0,
    "P": 0,
    "S": 0.001019021387273251
  },
  "RPR": {
    "R": 0.0014380145476347295,
    "P": 0,
    "S": 0
  },
  "RPP": {
    "R": 0,
    "P": 0.0527188041938899,
    "S": 0
  },
  "RPS": {
    "R": 0,
    "P": 0,
    "S": 0.0016174753253813128
  },
  "RSR": {
    "R": 0.0017968715050003029,
    "P": 0,
    "S": 0
  },
  "RSP": {
    "R": 0,
    "P": 0.0013781799292262407,
    "S": 0
  },
  "RSS": {
    "R": 0,
    "P": 0,
    "S": 0.0014380145476347295
  },
  "PRR": {
    "R": 0.0010788991047067742,
    "P": 0,
    "S": 0
  },
  "PRP": {
    "R": 0,
    "P": 0.0011986329844577838,
    "S": 0
  },
  "PRS": {
    "R": 0,
    "P": 0,
    "S": 0.0017968715050003029
  },
  "PPR": {
    "R": 0.0011387696368142055,
    "P": 0,
    "S": 0
  },
  "PPP": {
    "R": 0,
    "P": 0.0010788991047067742,
    "S": 0
  },
  "PPS": {
    "R": 0,
    "P": 0,
    "S": 0.051798530731746284
  },
  "PSR": {
    "R": 0.05036424416046601,
    "P": 0,
    "S": 0
  },
  "PSP": {
    "R": 0,
    "P": 0.0013781799292262407,
    "S": 0
  },
  "PSS": {
    "R": 0,
    "P": 0,
    "S": 0.002215211506437728
  },
  "SRR": {
    "R": 0.049304326282740736,
    "P": 0,
    "S": 0
  },
  "SRP": {
    "R": 0,
    "P": 0.0019164330817140448,
    "S": 0
  },
  "SRS": {
    "R": 0,
    "P": 0,
    "S": 0.0017968715050003029
  },
  "SPR": {
    "R": 0.0014978419858890093,
    "P": 0,
    "S": 0
  },
  "SPP": {
    "R": 0,
    "P": 0.0013781799292262407,
    "S": 0
  },
  "SPS": {
    "R": 0,
    "P": 0,
    "S": 0.0016174753253813128
  },
  "SSR": {
    "R": 0.0019164330817140448,
    "P": 0,
    "S": 0
  },
  "SSP": {
    "R": 0,
    "P": 0.0017370799545948581,
    "S": 0
  },
  "SSS": {
    "R": 0,
    "P": 0,
    "S": 0.002334672687575221
  }
}