{
  "RRR": {
    "R": 0.00023995680345588032,
    "P": 0,
    "S": 0
  },
  "RRP": {
    "R": 0,
    "P": 0.047482465731921504,
    "S": 0
  },
  "RRS": {
    "R": 0,
    "P": 0,
    "S": 0.00041984883023634344
  },
  "RPR": {
    "R": 0.0005397408725629018,
    "P": 0,
    "S": 0
  },
  "RPP": {
    "R": 0,
    "P": 0.05196669506272169,
    "S": 0
  },
  "RPS": {
    "R": 0,
    "P": 0,
    "S": 0.00041984883023634344
  },
  "RSR": {
    "R": 0.0008992443929784545,
    "P": 0,
    "S": 0
  },
  "RSP": {
    "R": 0,
    "P": 0.0005397408725629018,
    "S": 0
  },
  "RSS": {
    "R": 0,
    "P": 0,
    "S": 0.00029992800863946163
  },
  "PRR": {
    "R": 0.00047979844837671106,
    "P": 0,
    "S": 0
  },
  "PRP": {
    "R": 0,
    "P": 0.00017997840086398802,
    "S": 0
  },
  "PRS": {
    "R": 0,
    "P": 0,
    "S": 0.0006596041425257474
  },
  "PPR": {
    "R": 0.0003598920172784209,
    "P": 0,
    "S": 0
  },
  "PPP": {
    "R": 0,
    "P": 0.00023995680345588032,
    "S": 0
  },
  "PPS": {
    "R": 0,
    "P": 0,
    "S": 0.050883211506028585
  },
  "PSR": {
    "R": 0.04960817580606726,
    "P": 0,
    "S": 0
  },
  "PSP": {
    "R": 0,
    "P": 0.00047979844837671106,
    "S": 0
  },
  "PSS": {
    "R": 0,
    "P": 0,
    "S": 0.00047979844837671106
  },
  "SRR": {
    "R": 0.04849229473805397,
    "P": 0,
    "S": 0
  },
  "SRP": {
    "R": 0,
    "P": 0.0008393451143921855,
    "S": 0
  },
  "SRS": {
    "R": 0,
    "P": 0,
    "S": 0.0006596041425257474
  },
  "SPR": {
    "R": 0.00041984883023634344,
    "P": 0,
    "S": 0
  },
  "SPP": {
    "R": 0,
    "P": 0.00041984883023634344,
    "S": 0
  },
  "SPS": {
    "R": 0,
    "P": 0,
    "S": 0.00041984883023634344
  },
  "SSR": {
    "R": 0.0005397408725629018,
    "P": 0,
    "S": 0
  },
  "SSP": {
    "R": 0,
    "P": 0.00023995680345588032,
    "S": 0
  },
  "SSS": {
    "R": 0,
    "P": 0,
    "S": 0.0005397408725629018
  }
}