{
  "RRR": {
    "R": 7.70821698784468,
    "P": 7.341253820771836,
    "S": 7.648981644419267
  },
  "RRP": {
    "R": 7.193800365861662,
    "P": 7.971253373108623,
    "S": 7.307266685881222
  },
  "RRS": {
    "R": 7.0099311901111845,
    "P": 7.9425876028269355,
    "S": 7.516637207306584
  },
  "RPR": {
    "R": 7.650291834461504,
    "P": 7.555846369825943,
    "S": 5.954284959006465
  },
  "RPP": {
    "R": 7.802437760115225,
    "P": 8.014387273018484,
    "S": 7.697762581104669
  },
  "RPS": {
    "R": 7.37911472039362,
    "P": 7.0046918840032735,
    "S": 7.786076798855255
  },
  "RSR": {
    "R": 6.000238529110269,
    "P": 7.70760660223271,
    "S": 7.051658399281147
  },
  "RSP": {
    "R": 6.246721198916612,
    "P": 8.049606551305779,
    "S": 4.519550882631155
  },
  "RSS": {
    "R": 6.974193964283576,
    "P": 7.932545553807031,
    "S": 7.52242419518337
  },
  "PRR": {
    "R": 7.710956443488724,
    "P": 7.7813645262203845,
    "S": 7.614793549524735
  },
  "PRP": {
    "R": 7.389883685924249,
    "P": 7.500098979010816,
    "S": 7.216116134705372
  },
  "PRS": {
    "R": 5.941978311590157,
    "P": 4.828418981742197,
    "S": 6.03968794304923
  },
  "PPR": {
    "R": 7.65484762933186,
    "P": 5.472373111978936,
    "S": 5.917313156073776
  },
  "PPP": {
    "R": 7.75293314711163,
    "P": 8.123826748370558,
    "S": 7.6115679156167255
  },
  "PPS": {
    "R": 7.478625916580507,
    "P": 7.7650187621345825,
    "S": 7.647262407004341
  },
  "PSR": {
    "R": 6.976836533352949,
    "P": 7.577720354569634,
    "S": 7.1845991806681955
  },
  "PSP": {
    "R": 5.477148085960081,
    "P": 7.731380951269438,
    "S": 7.537819269910455
  },
  "PSS": {
    "R": 7.181813661217419,
    "P": 7.573275926894245,
    "S": 7.5968871793378785
  },
  "SRR": {
    "R": 6.998446316888447,
    "P": 6.962496612461094,
    "S": 7.022129362782575
  },
  "SRP": {
    "R": 7.845564846613143,
    "P": 7.635213847989137,
    "S": 7.45024037400051
  },
  "SRS": {
    "R": 7.098560094042972,
    "P": 5.6626830104752,
    "S": 7.285723446617768
  },
  "SPR": {
    "R": 7.31544726657728,
    "P": 6.469109523153424,
    "S": 5.3796362639509105
  },
  "SPP": {
    "R": 7.86066327244818,
    "P": 8.167225448868072,
    "S": 7.529861480028888
  },
  "SPS": {
    "R": 7.4481218227981225,
    "P": 5.2469921023475345,
    "S": 7.613602099565848
  },
  "SSR": {
    "R": 7.280261873324338,
    "P": 7.353106276763259,
    "S": 7.137010762731669
  },
  "SSP": {
    "R": 5.447149856073188,
    "P": 8.055975211717787,
    "S": 7.585371577519425
  },
  "SSS": {
    "R": 7.593673562512785,
    "P": 7.406197201315588,
    "S": 7.494874640326467
  }
}