{
  "RRR": {
    "R": 12.386653560467089,
    "P": 13.259578395113705,
    "S": 12.98473255392993
  },
  "RRP": {
    "R": 8.377315279815368,
    "P": 14.564621028755546,
    "S": 10.56926200949053
  },
  "RRS": {
    "R": 12.156919157564458,
    "P": 14.645933974905383,
    "S": 14.421447392969457
  },
  "RPR": {
    "R": 12.812056733859377,
    "P": 17.21387038232022,
    "S": 13.745560967946638
  },
  "RPP": {
    "R": 12.744623632251585,
    "P": 8.867493203846447,
    "S": 14.38201257714482
  },
  "RPS": {
    "R": 11.965015298944795,
    "P": 16.690635166356675,
    "S": 16.441418621150913
  },
  "RSR": {
    "R": 11.629646561156324,
    "P": 10.494654430606037,
    "S": 14.001079616616558
  },
  "RSP": {
    "R": 9.25047403454167,
    "P": 13.977631289599355,
    "S": 16.74165117180732
  },
  "RSS": {
    "R": 12.516257520705102,
    "P": 9.045929421831001,
    "S": 14.978013152563886
  },
  "PRR": {
    "R": 13.005782571323989,
    "P": 10.846941247855106,
    "S": 13.127650508553492
  },
  "PRP": {
    "R": 17.25899368944164,
    "P": 11.678853781588769,
    "S": 16.60794704162452
  },
  "PRS": {
    "R": 14.2983557931086,
    "P": 8.678674745323304,
    "S": 6.105185971504677
  },
  "PPR": {
    "R": 12.387321924918679,
    "P": 17.326048315221037,
    "S": 10.323541877323759
  },
  "PPP": {
    "R": 12.1761321928254,
    "P": 16.025531531277036,
    "S": 14.47999330192348
  },
  "PPS": {
    "R": 8.99874239058692,
    "P": 16.090352661990668,
    "S": 16.445797170231163
  },
  "PSR": {
    "R": 11.246909207052585,
    "P": 11.269184357264372,
    "S": 12.417515443679136
  },
  "PSP": {
    "R": 2.3220152254747264,
    "P": 16.808493102268578,
    "S": 15.823678172048918
  },
  "PSS": {
    "R": 11.246559908460915,
    "P": 16.827965161981357,
    "S": 15.479369223295555
  },
  "SRR": {
    "R": 11.621514139179379,
    "P": 11.942272156903734,
    "S": 11.82789530042549
  },
  "SRP": {
    "R": 10.909765404968791,
    "P": 13.768934148305364,
    "S": 10.6510870144283
  },
  "SRS": {
    "R": 13.935153344013814,
    "P": 13.687730948400743,
    "S": 12.261642908697807
  },
  "SPR": {
    "R": 12.281602192369874,
    "P": 11.320315311093918,
    "S": 2.7433451030097036
  },
  "SPP": {
    "R": 16.575077862243432,
    "P": 15.568382554347059,
    "S": 16.444987482624168
  },
  "SPS": {
    "R": 11.600287282282508,
    "P": 16.461791823853623,
    "S": 16.937554851940895
  },
  "SSR": {
    "R": 11.879771576278246,
    "P": 10.73443030375732,
    "S": 12.797320727954936
  },
  "SSP": {
    "R": 10.268402830652567,
    "P": 16.785995397603905,
    "S": 14.950833507472725
  },
  "SSS": {
    "R": 13.032347634923388,
    "P": 13.553207983306665,
    "S": 15.37884292318105
  }
}