{
  "RRR": {
    "R": 0.296,
    "P": 0,
    "S": 1.086758317864592
  },
  "RRP": {
    "R": 0,
    "P": 0,
    "S": 0
  },
  "RRS": {
    "R": 0.074,
    "P": 0.9933470569371289,
    "S": 1.9455829962246647
  },
  "RPR": {
    "R": 0.9501148658528383,
    "P": 0,
    "S": 0
  },
  "RPP": {
    "R": 0,
    "P": 0,
    "S": 0
  },
  "RPS": {
    "R": 0,
    "P": 1.673337464808158,
    "S": 1.6010470833998438
  },
  "RSR": {
    "R": 0.296,
    "P": 0,
    "S": 0
  },
  "RSP": {
    "R": 0.9860194425836258,
    "P": 0.6003920108665468,
    "S": 0
  },
  "RSS": {
    "R": 2.0905812730983278,
    "P": 0,
    "S": 1.2454284095443204
  },
  "PRR": {
    "R": 0,
    "P": 0,
    "S": 1.0378913799685698
  },
  "PRP": {
    "R": 0,
    "P": 0,
    "S": 1.4976452920324526
  },
  "PRS": {
    "R": 0,
    "P": 0,
    "S": 1.3495702882166714
  },
  "PPR": {
    "R": 1.0229417439048802,
    "P": 0.42761048,
    "S": 0
  },
  "PPP": {
    "R": 0.8716792083584001,
    "P": 3.2951494262932495,
    "S": 0.4408776507066334
  },
  "PPS": {
    "R": 0.296,
    "P": 0.49677415737777364,
    "S": 1.1964721866082577
  },
  "PSR": {
    "R": 0,
    "P": 0.296,
    "S": 0
  },
  "PSP": {
    "R": 0,
    "P": 2.3678627032523,
    "S": 0
  },
  "PSS": {
    "R": 0,
    "P": 1.2838539237235762,
    "S": 1.4156856775825404
  },
  "SRR": {
    "R": 0.074,
    "P": 0,
    "S": 1.0296066684892085
  },
  "SRP": {
    "R": 0.296,
    "P": 0,
    "S": 1.6893170040109748
  },
  "SRS": {
    "R": 0,
    "P": 0,
    "S": 0
  },
  "SPR": {
    "R": 0.9010502696381654,
    "P": 0,
    "S": 0.7530038099584
  },
  "SPP": {
    "R": 1.0550901990052297,
    "P": 2.267938144480735,
    "S": 1.3495028522459305
  },
  "SPS": {
    "R": 0,
    "P": 0,
    "S": 0
  },
  "SSR": {
    "R": 1.0563851168126503,
    "P": 1.7763169113325632,
    "S": 0
  },
  "SSP": {
    "R": 0,
    "P": 1.5541888816304978,
    "S": 0
  },
  "SSS": {
    "R": 0.296,
    "P": 0.6803502420896,
    "S": 1.1813741124740298
  }
}