{
  "RRR": {
    "R": 0.0005996761036581904,
    "P": 0,
    "S": 0
  },
  "RRP": {
    "R": 0,
    "P": 0.04775391109777644,
    "S": 0
  },
  "RRS": {
    "R": 0,
    "P": 0,
    "S": 0.0006596041425257474
  },
  "RPR": {
    "R": 0.0007794386470298331,
    "P": 0,
    "S": 0
  },
  "RPP": {
    "R": 0,
    "P": 0.05245033883660988,
    "S": 0
  },
  "RPS": {
    "R": 0,
    "P": 0,
    "S": 0.0008992443929784545
  },
  "RSR": {
    "R": 0.0011387696368142055,
    "P": 0,
    "S": 0
  },
  "RSP": {
    "R": 0,
    "P": 0.0008992443929784545,
    "S": 0
  },
  "RSS": {
    "R": 0,
    "P": 0,
    "S": 0.0007195249900286404
  },
  "PRR": {
    "R": 0.0008393451143921855,
    "P": 0,
    "S": 0
  },
  "PRP": {
    "R": 0,
    "P": 0.0006596041425257474,
    "S": 0
  },
  "PRS": {
    "R": 0,
    "P": 0,
    "S": 0.001019021387273251
  },
  "PPR": {
    "R": 0.0007195249900286404,
    "P": 0,
    "S": 0
  },
  "PPP": {
    "R": 0,
    "P": 0.00041984883023634344,
    "S": 0
  },
  "PPS": {
    "R": 0,
    "P": 0,
    "S": 0.051314182582547274
  },
  "PSR": {
    "R": 0.04982432497093975,
    "P": 0,
    "S": 0
  },
  "PSP": {
    "R": 0,
    "P": 0.0008992443929784545,
    "S": 0
  },
  "PSS": {
    "R": 0,
    "P": 0,
    "S": 0.0013183381298018208
  },
  "SRR": {
    "R": 0.04865481800759559,
    "P": 0,
    "S": 0
  },
  "SRP": {
    "R": 0,
    "P": 0.0013183381298018208,
    "S": 0
  },
  "SRS": {
    "R": 0,
    "P": 0,
    "S": 0.0010788991047067742
  },
  "SPR": {
    "R": 0.001019021387273251,
    "P": 0,
    "S": 0
  },
  "SPP": {
    "R": 0,
    "P": 0.0007195249900286404,
    "S": 0
  },
  "SPS": {
    "R": 0,
    "P": 0,
    "S": 0.000959136483651293
  },
  "SSR": {
    "R": 0.0011387696368142055,
    "P": 0,
    "S": 0
  },
  "SSP": {
    "R": 0,
    "P": 0.0008992443929784545,
    "S": 0
  },
  "SSS": {
    "R": 0,
    "P": 0,
    "S": 0.0010788991047067742
  }
}