{
  "RRR": {
    "R": 12.386653560467089,
    "P": 10.86845576669958,
    "S": 12.629707662781243
  },
  "RRP": {
    "R": 8.377315279815368,
    "P": 11.962900575141646,
    "S": 10.56926200949053
  },
  "RRS": {
    "R": 12.156919157564458,
    "P": 5.987881107732382,
    "S": 12.638019690530676
  },
  "RPR": {
    "R": 11.624569768244562,
    "P": 11.293596120431816,
    "S": 6.106579260813872
  },
  "RPP": {
    "R": 11.74276753498016,
    "P": 8.867493203846447,
    "S": 9.326789727736424
  },
  "RPS": {
    "R": 11.965015298944795,
    "P": 11.126950311161677,
    "S": 7.015104179167643
  },
  "RSR": {
    "R": 11.629646561156324,
    "P": 10.494654430606037,
    "S": 13.983423726905679
  },
  "RSP": {
    "R": 8.228852903371243,
    "P": 5.9103043612759825,
    "S": 15.142031394430509
  },
  "RSS": {
    "R": 10.650693141137781,
    "P": 9.045929421831001,
    "S": 14.978013152563886
  },
  "PRR": {
    "R": 12.42961601753232,
    "P": 10.846941247855106,
    "S": 7.751289805409111
  },
  "PRP": {
    "R": 11.133691262954688,
    "P": 11.678853781588769,
    "S": 11.016714460424735
  },
  "PRS": {
    "R": 13.317878269798829,
    "P": 8.678674745323304,
    "S": 6.105185971504677
  },
  "PPR": {
    "R": 11.199238090964261,
    "P": 11.96080646016348,
    "S": 10.323541877323759
  },
  "PPP": {
    "R": 11.71860540717487,
    "P": 15.75284574297664,
    "S": 14.47999330192348
  },
  "PPS": {
    "R": 8.99874239058692,
    "P": 16.090352661990668,
    "S": 15.36699284448133
  },
  "PSR": {
    "R": 11.246909207052585,
    "P": 11.269184357264372,
    "S": 12.417515443679136
  },
  "PSP": {
    "R": 2.3220152254747264,
    "P": 16.60702209855915,
    "S": 15.823678172048918
  },
  "PSS": {
    "R": 6.621086940198599,
    "P": 16.75835323439584,
    "S": 15.568408260261098
  },
  "SRR": {
    "R": 11.621514139179379,
    "P": 11.667041631346645,
    "S": 11.82789530042549
  },
  "SRP": {
    "R": 10.909765404968791,
    "P": 8.542904778840963,
    "S": 10.6510870144283
  },
  "SRS": {
    "R": 13.935153344013814,
    "P": 8.496299703792012,
    "S": 12.261642908697807
  },
  "SPR": {
    "R": 8.809883610742112,
    "P": 9.227877755057609,
    "S": 2.7433451030097036
  },
  "SPP": {
    "R": 11.112611484001357,
    "P": 13.994580447092115,
    "S": 16.444987482624168
  },
  "SPS": {
    "R": 11.600287282282508,
    "P": 14.461383643760144,
    "S": 16.937554851940895
  },
  "SSR": {
    "R": 11.81013207310774,
    "P": 6.60780476885401,
    "S": 12.797320727954936
  },
  "SSP": {
    "R": 6.2004752580903375,
    "P": 16.785995397603905,
    "S": 14.950833507472725
  },
  "SSS": {
    "R": 12.635655118900422,
    "P": 13.553207983306665,
    "S": 15.37884292318105
  }
}