{
  "RRR": {
    "R": 0.0007794386470298331,
    "P": 0,
    "S": 0
  },
  "RRP": {
    "R": 0,
    "P": 0.04780818062844471,
    "S": 0
  },
  "RRS": {
    "R": 0,
    "P": 0,
    "S": 0.0008393451143921855
  },
  "RPR": {
    "R": 0.000959136483651293,
    "P": 0,
    "S": 0
  },
  "RPP": {
    "R": 0,
    "P": 0.052611437381256704,
    "S": 0
  },
  "RPS": {
    "R": 0,
    "P": 0,
    "S": 0.0011387696368142055
  },
  "RSR": {
    "R": 0.0014380145476347295,
    "P": 0,
    "S": 0
  },
  "RSP": {
    "R": 0,
    "P": 0.0011387696368142055,
    "S": 0
  },
  "RSS": {
    "R": 0,
    "P": 0,
    "S": 0.000959136483651293
  },
  "PRR": {
    "R": 0.0008992443929784545,
    "P": 0,
    "S": 0
  },
  "PRP": {
    "R": 0,
    "P": 0.000959136483651293,
    "S": 0
  },
  "PRS": {
    "R": 0,
    "P": 0,
    "S": 0.0013781799292262407
  },
  "PPR": {
    "R": 0.000959136483651293,
    "P": 0,
    "S": 0
  },
  "PPP": {
    "R": 0,
    "P": 0.0007794386470298331,
    "S": 0
  },
  "PPS": {
    "R": 0,
    "P": 0,
    "S": 0.05142186071765169
  },
  "PSR": {
    "R": 0.049932360650417,
    "P": 0,
    "S": 0
  },
  "PSP": {
    "R": 0,
    "P": 0.0010788991047067742,
    "S": 0
  },
  "PSS": {
    "R": 0,
    "P": 0,
    "S": 0.0016772812283422632
  },
  "SRR": {
    "R": 0.048817282775780915,
    "P": 0,
    "S": 0
  },
  "SRP": {
    "R": 0,
    "P": 0.0015576622448506988,
    "S": 0
  },
  "SRS": {
    "R": 0,
    "P": 0,
    "S": 0.0013183381298018208
  },
  "SPR": {
    "R": 0.0013183381298018208,
    "P": 0,
    "S": 0
  },
  "SPP": {
    "R": 0,
    "P": 0.0008992443929784545,
    "S": 0
  },
  "SPS": {
    "R": 0,
    "P": 0,
    "S": 0.0011986329844577838
  },
  "SSR": {
    "R": 0.0014380145476347295,
    "P": 0,
    "S": 0
  },
  "SSP": {
    "R": 0,
    "P": 0.0011986329844577838,
    "S": 0
  },
  "SSS": {
    "R": 0,
    "P": 0,
    "S": 0.0017968715050003029
  }
}