{
  "RRR": {
    "R": 10.62462474682365,
    "P": 11.437611261348412,
    "S": 12.94591197300773
  },
  "RRP": {
    "R": 16.030852387480806,
    "P": 14.916071299744123,
    "S": 7.849324824852382
  },
  "RRS": {
    "R": 14.832124382642341,
    "P": 11.755420299468001,
    "S": 12.747778084650841
  },
  "RPR": {
    "R": 15.718834438278291,
    "P": 14.643260631115261,
    "S": 14.583165709050453
  },
  "RPP": {
    "R": 15.119412295703945,
    "P": 14.78012283315361,
    "S": 14.500429889703808
  },
  "RPS": {
    "R": 15.295916467244018,
    "P": 12.133877935023579,
    "S": 14.547537875134354
  },
  "RSR": {
    "R": 14.373832579463503,
    "P": 11.870395431725903,
    "S": 14.743323066341716
  },
  "RSP": {
    "R": 8.939912936623553,
    "P": 14.899117468390456,
    "S": 9.644560340951898
  },
  "RSS": {
    "R": 13.422000106023114,
    "P": 14.844171632798721,
    "S": 14.103177717186831
  },
  "PRR": {
    "R": 11.60583533690913,
    "P": 15.408223345468805,
    "S": 13.967626306822101
  },
  "PRP": {
    "R": 14.950341621087514,
    "P": 13.907114912364914,
    "S": 15.431169790181631
  },
  "PRS": {
    "R": 0,
    "P": 3.5055038615029965,
    "S": 14.998513639627092
  },
  "PPR": {
    "R": 15.585762050327261,
    "P": 13.934269320858608,
    "S": 12.96799925935605
  },
  "PPP": {
    "R": 12.943349550181994,
    "P": 14.944621404237827,
    "S": 14.963408657499862
  },
  "PPS": {
    "R": 14.35787278360403,
    "P": 12.086236266570639,
    "S": 14.882504354372186
  },
  "PSR": {
    "R": 13.276840040609676,
    "P": 15.07854273599338,
    "S": 14.470126525441927
  },
  "PSP": {
    "R": 9.82933706894993,
    "P": 14.830520096503864,
    "S": 13.801297229788027
  },
  "PSS": {
    "R": 12.810717593523085,
    "P": 14.803689327759681,
    "S": 14.194188744151937
  },
  "SRR": {
    "R": 11.012073418321112,
    "P": 15.99441703897946,
    "S": 14.085414194708537
  },
  "SRP": {
    "R": 14.774188140688697,
    "P": 14.97760471858605,
    "S": 12.041931110932712
  },
  "SRS": {
    "R": 14.608392689183127,
    "P": 13.802433602124811,
    "S": 14.794404191195266
  },
  "SPR": {
    "R": 12.539995664641179,
    "P": 14.767701485951328,
    "S": 3.060950173258071
  },
  "SPP": {
    "R": 15.293395688407328,
    "P": 14.526077298669389,
    "S": 14.979010685487438
  },
  "SPS": {
    "R": 14.13143147886913,
    "P": 14.78094076791105,
    "S": 12.712303913565199
  },
  "SSR": {
    "R": 15.886439588450418,
    "P": 12.000658639577065,
    "S": 13.449075786019213
  },
  "SSP": {
    "R": 13.753869849454869,
    "P": 13.716352144619949,
    "S": 14.497522435410302
  },
  "SSS": {
    "R": 14.55842089223692,
    "P": 14.127913317679674,
    "S": 13.044877747834967
  }
}