{
  "RRR": {
    "R": 0.35065048000000004,
    "P": 0.9586411586015099,
    "S": 0.8693643507476563
  },
  "RRP": {
    "R": 0.7093135722817391,
    "P": 0.5112499380823494,
    "S": 0.9701560754785408
  },
  "RRS": {
    "R": 0.079465048,
    "P": 0.8279792889169533,
    "S": 0.971289823273217
  },
  "RPR": {
    "R": 0.8907359152548421,
    "P": 0.8602523591530887,
    "S": 0.4885683809749007
  },
  "RPP": {
    "R": 0.9138248961089255,
    "P": 0,
    "S": 0.5920624195449675
  },
  "RPS": {
    "R": 0.8347391859259794,
    "P": 0.5835901788305641,
    "S": 0.706900198386149
  },
  "RSR": {
    "R": 0.0074,
    "P": 0.9785345353159047,
    "S": 0.6535677520471763
  },
  "RSP": {
    "R": 0.712939600021474,
    "P": 0.6833633128351363,
    "S": 0.7203315941571702
  },
  "RSS": {
    "R": 0.8090261391604174,
    "P": 0.6688663918866719,
    "S": 1.0980349388872432
  },
  "PRR": {
    "R": 0.858822987891285,
    "P": 0.5978422594015099,
    "S": 0.296
  },
  "PRP": {
    "R": 0,
    "P": 0.7970128372823494,
    "S": 0.6844355174852949
  },
  "PRS": {
    "R": 0.7786728562418805,
    "P": 1.040324716311488,
    "S": 0.992625952009017
  },
  "PPR": {
    "R": 0.8025324144548422,
    "P": 0.61291844317324,
    "S": 0.951761954529772
  },
  "PPP": {
    "R": 0,
    "P": 0,
    "S": 0.6350443843511071
  },
  "PPS": {
    "R": 0.699476528905615,
    "P": 0.45908625947991544,
    "S": 0.301465048
  },
  "PSR": {
    "R": 0.6613241847782483,
    "P": 0.7851560625778246,
    "S": 0.8355806823160195
  },
  "PSP": {
    "R": 0.11662007728960003,
    "P": 0.7567707220941758,
    "S": 0.4965037475084017
  },
  "PSS": {
    "R": 0.0074,
    "P": 0.5037905263787679,
    "S": 0.2555241608571077
  },
  "SRR": {
    "R": 0.12865048,
    "P": 0,
    "S": 0.7134425619084017
  },
  "SRP": {
    "R": 0.48210468465169115,
    "P": 0.300724138772702,
    "S": 0.8172916584516967
  },
  "SRS": {
    "R": 0.8556328562418806,
    "P": 0.5428551819724018,
    "S": 0.7388631766106375
  },
  "SPR": {
    "R": 0.5978069769062667,
    "P": 0.074,
    "S": 1.0006427857423008
  },
  "SPP": {
    "R": 0.6382726339717363,
    "P": 0.296,
    "S": 0.3648838387336896
  },
  "SPS": {
    "R": 0.8398377976463984,
    "P": 0,
    "S": 0.8018558787412476
  },
  "SSR": {
    "R": 0.6008916008205928,
    "P": 0.5183166725447647,
    "S": 0.8302718930952717
  },
  "SSP": {
    "R": 1.000692716890938,
    "P": 0.4762645115727019,
    "S": 0.4540438099584
  },
  "SSS": {
    "R": 0.5678768994485298,
    "P": 1.0240551174942802,
    "S": 1.017293646606122
  }
}