{
  "RRR": {
    "R": 10.62462474682365,
    "P": 11.437611261348412,
    "S": 12.94591197300773
  },
  "RRP": {
    "R": 15.869918377398163,
    "P": 14.916071299744123,
    "S": 7.849324824852382
  },
  "RRS": {
    "R": 14.030328583414066,
    "P": 11.755420299468001,
    "S": 12.747778084650841
  },
  "RPR": {
    "R": 15.718834438278291,
    "P": 12.715901296575815,
    "S": 13.53462819176152
  },
  "RPP": {
    "R": 15.119412295703945,
    "P": 14.78012283315361,
    "S": 14.500429889703808
  },
  "RPS": {
    "R": 14.861965714839174,
    "P": 12.133877935023579,
    "S": 12.764297049220286
  },
  "RSR": {
    "R": 14.373832579463503,
    "P": 11.870395431725903,
    "S": 14.072049605869982
  },
  "RSP": {
    "R": 8.939912936623553,
    "P": 14.899117468390456,
    "S": 9.644560340951898
  },
  "RSS": {
    "R": 13.422000106023114,
    "P": 14.774851399228863,
    "S": 12.974735283900147
  },
  "PRR": {
    "R": 11.60583533690913,
    "P": 15.408223345468805,
    "S": 13.967626306822101
  },
  "PRP": {
    "R": 11.714107737423964,
    "P": 13.907114912364914,
    "S": 13.434116000955491
  },
  "PRS": {
    "R": 0,
    "P": 3.5055038615029965,
    "S": 14.580732247186885
  },
  "PPR": {
    "R": 15.585762050327261,
    "P": 13.934269320858608,
    "S": 12.96799925935605
  },
  "PPP": {
    "R": 12.943349550181994,
    "P": 14.944621404237827,
    "S": 14.963408657499862
  },
  "PPS": {
    "R": 14.35787278360403,
    "P": 12.086236266570639,
    "S": 14.882504354372186
  },
  "PSR": {
    "R": 13.276840040609676,
    "P": 15.07854273599338,
    "S": 14.126367009976594
  },
  "PSP": {
    "R": 9.82933706894993,
    "P": 14.830520096503864,
    "S": 13.801297229788027
  },
  "PSS": {
    "R": 12.810717593523085,
    "P": 14.803689327759681,
    "S": 13.324777695304398
  },
  "SRR": {
    "R": 11.012073418321112,
    "P": 15.300634303474506,
    "S": 13.18359972802146
  },
  "SRP": {
    "R": 14.774188140688697,
    "P": 14.97760471858605,
    "S": 12.041931110932712
  },
  "SRS": {
    "R": 14.219345586914388,
    "P": 13.802433602124811,
    "S": 13.795695907064484
  },
  "SPR": {
    "R": 12.539995664641179,
    "P": 12.134856723225987,
    "S": 3.060950173258071
  },
  "SPP": {
    "R": 15.293395688407328,
    "P": 14.526077298669389,
    "S": 14.979010685487438
  },
  "SPS": {
    "R": 14.13143147886913,
    "P": 14.78094076791105,
    "S": 12.712303913565199
  },
  "SSR": {
    "R": 11.291839658502777,
    "P": 12.000658639577065,
    "S": 13.449075786019213
  },
  "SSP": {
    "R": 12.784948250468453,
    "P": 13.716352144619949,
    "S": 14.497522435410302
  },
  "SSS": {
    "R": 12.88581058077297,
    "P": 14.127913317679674,
    "S": 13.044877747834967
  }
}