{
  "RRR": {
    "R": 0.0016772812283422632,
    "P": 0,
    "S": 0
  },
  "RRP": {
    "R": 0,
    "P": 0.04883806525627693,
    "S": 0
  },
  "RRS": {
    "R": 0,
    "P": 0,
    "S": 0.001856655880419699
  },
  "RPR": {
    "R": 0.001976203109744235,
    "P": 0,
    "S": 0
  },
  "RPP": {
    "R": 0,
    "P": 0.053308861253145066,
    "S": 0
  },
  "RPS": {
    "R": 0,
    "P": 0,
    "S": 0.0024541051997494815
  },
  "RSR": {
    "R": 0.0027525610986178384,
    "P": 0,
    "S": 0
  },
  "RSP": {
    "R": 0,
    "P": 0.001856655880419699,
    "S": 0
  },
  "RSS": {
    "R": 0,
    "P": 0,
    "S": 0.002155470162857275
  },
  "PRR": {
    "R": 0.001856655880419699,
    "P": 0,
    "S": 0
  },
  "PRP": {
    "R": 0,
    "P": 0.0020359659653710616,
    "S": 0
  },
  "PRS": {
    "R": 0,
    "P": 0,
    "S": 0.002215211506437728
  },
  "PPR": {
    "R": 0.0020359659653710616,
    "P": 0,
    "S": 0
  },
  "PPP": {
    "R": 0,
    "P": 0.0015576622448506988,
    "S": 0
  },
  "PPS": {
    "R": 0,
    "P": 0,
    "S": 0.05190609263026951
  },
  "PSR": {
    "R": 0.05095740737482494,
    "P": 0,
    "S": 0
  },
  "PSP": {
    "R": 0,
    "P": 0.002155470162857275,
    "S": 0
  },
  "PSS": {
    "R": 0,
    "P": 0,
    "S": 0.002573509049840649
  },
  "SRR": {
    "R": 0.04995289988301547,
    "P": 0,
    "S": 0
  },
  "SRP": {
    "R": 0,
    "P": 0.0024541051997494815,
    "S": 0
  },
  "SRS": {
    "R": 0,
    "P": 0,
    "S": 0.00269288424472721
  },
  "SPR": {
    "R": 0.002095721649455213,
    "P": 0,
    "S": 0
  },
  "SPP": {
    "R": 0,
    "P": 0.0017370799545948581,
    "S": 0
  },
  "SPS": {
    "R": 0,
    "P": 0,
    "S": 0.0024541051997494815
  },
  "SSR": {
    "R": 0.0024541051997494815,
    "P": 0,
    "S": 0
  },
  "SSP": {
    "R": 0,
    "P": 0.0022749456810569517,
    "S": 0
  },
  "SSS": {
    "R": 0,
    "P": 0,
    "S": 0.0031104718663633327
  }
}