{
  "RRR": {
    "R": 0.0011387696368142055,
    "P": 0,
    "S": 0
  },
  "RRP": {
    "R": 0,
    "P": 0.04856727061715999,
    "S": 0
  },
  "RRS": {
    "R": 0,
    "P": 0,
    "S": 0.0010788991047067742
  },
  "RPR": {
    "R": 0.0015576622448506988,
    "P": 0,
    "S": 0
  },
  "RPP": {
    "R": 0,
    "P": 0.05309438516758171,
    "S": 0
  },
  "RPS": {
    "R": 0,
    "P": 0,
    "S": 0.001976203109744235
  },
  "RSR": {
    "R": 0.0019164330817140448,
    "P": 0,
    "S": 0
  },
  "RSP": {
    "R": 0,
    "P": 0.0013781799292262407,
    "S": 0
  },
  "RSS": {
    "R": 0,
    "P": 0,
    "S": 0.0015576622448506988
  },
  "PRR": {
    "R": 0.0012584891484996449,
    "P": 0,
    "S": 0
  },
  "PRP": {
    "R": 0,
    "P": 0.0016772812283422632,
    "S": 0
  },
  "PRS": {
    "R": 0,
    "P": 0,
    "S": 0.001856655880419699
  },
  "PPR": {
    "R": 0.0016174753253813128,
    "P": 0,
    "S": 0
  },
  "PPP": {
    "R": 0,
    "P": 0.0012584891484996449,
    "S": 0
  },
  "PPS": {
    "R": 0,
    "P": 0,
    "S": 0.051798530731746284
  },
  "PSR": {
    "R": 0.05052609360908056,
    "P": 0,
    "S": 0
  },
  "PSP": {
    "R": 0,
    "P": 0.0015576622448506988,
    "S": 0
  },
  "PSS": {
    "R": 0,
    "P": 0,
    "S": 0.0022749456810569517
  },
  "SRR": {
    "R": 0.049466557256004635,
    "P": 0,
    "S": 0
  },
  "SRP": {
    "R": 0,
    "P": 0.0020359659653710616,
    "S": 0
  },
  "SRS": {
    "R": 0,
    "P": 0,
    "S": 0.0019164330817140448
  },
  "SPR": {
    "R": 0.0016174753253813128,
    "P": 0,
    "S": 0
  },
  "SPP": {
    "R": 0,
    "P": 0.0014380145476347295,
    "S": 0
  },
  "SPS": {
    "R": 0,
    "P": 0,
    "S": 0.0016772812283422632
  },
  "SSR": {
    "R": 0.0020359659653710616,
    "P": 0,
    "S": 0
  },
  "SSP": {
    "R": 0,
    "P": 0.0017968715050003029,
    "S": 0
  },
  "SSS": {
    "R": 0,
    "P": 0,
    "S": 0.002513810707125508
  }
}