{
  "RRR": {
    "R": 16.104287288286876,
    "P": 15.108884033152911,
    "S": 16.086366075524545
  },
  "RRP": {
    "R": 16.030852387480806,
    "P": 15.34016690655675,
    "S": 7.849324824852382
  },
  "RRS": {
    "R": 16.03024083630638,
    "P": 17.60217434505136,
    "S": 15.842496235200194
  },
  "RPR": {
    "R": 15.718834438278291,
    "P": 15.765780154513951,
    "S": 14.583165709050453
  },
  "RPP": {
    "R": 15.119412295703945,
    "P": 14.78012283315361,
    "S": 15.96321354615238
  },
  "RPS": {
    "R": 16.64627171127914,
    "P": 15.194539103632309,
    "S": 15.011180489872013
  },
  "RSR": {
    "R": 14.373832579463503,
    "P": 11.870395431725903,
    "S": 16.328648117386813
  },
  "RSP": {
    "R": 18.091542970811727,
    "P": 16.97597967942223,
    "S": 15.078830842406113
  },
  "RSS": {
    "R": 18.177043069747786,
    "P": 16.301554222721055,
    "S": 16.558913914914424
  },
  "PRR": {
    "R": 14.80153938161862,
    "P": 15.408223345468805,
    "S": 17.54410850827194
  },
  "PRP": {
    "R": 15.791762430840038,
    "P": 16.005390412022376,
    "S": 15.604444374836277
  },
  "PRS": {
    "R": 0,
    "P": 18.108629672493883,
    "S": 18.29445305049433
  },
  "PPR": {
    "R": 15.585762050327261,
    "P": 13.934269320858608,
    "S": 16.8919744169155
  },
  "PPP": {
    "R": 12.943349550181994,
    "P": 14.944621404237827,
    "S": 15.7817437792106
  },
  "PPS": {
    "R": 14.35787278360403,
    "P": 14.3910571309784,
    "S": 16.951830948715124
  },
  "PSR": {
    "R": 15.560175282185627,
    "P": 15.07854273599338,
    "S": 18.37168993619779
  },
  "PSP": {
    "R": 17.62850837201048,
    "P": 15.901709961173939,
    "S": 18.452802964692594
  },
  "PSS": {
    "R": 15.619370002814282,
    "P": 17.94979419179614,
    "S": 14.738174070814313
  },
  "SRR": {
    "R": 14.851179636920387,
    "P": 15.99441703897946,
    "S": 15.451021099572362
  },
  "SRP": {
    "R": 14.774188140688697,
    "P": 14.97760471858605,
    "S": 16.68886765912764
  },
  "SRS": {
    "R": 14.608392689183127,
    "P": 18.322801855489413,
    "S": 16.890734423030366
  },
  "SPR": {
    "R": 17.60714602445369,
    "P": 16.117702513160175,
    "S": 18.427040244779924
  },
  "SPP": {
    "R": 16.63921021814651,
    "P": 15.12355665939084,
    "S": 15.78580030648737
  },
  "SPS": {
    "R": 17.832351042931464,
    "P": 18.661756872500135,
    "S": 14.534019659864033
  },
  "SSR": {
    "R": 16.33025137442941,
    "P": 15.871361261183262,
    "S": 18.43390987197283
  },
  "SSP": {
    "R": 17.74708251776326,
    "P": 16.129328572356805,
    "S": 17.936739608121464
  },
  "SSS": {
    "R": 16.467764372223048,
    "P": 15.126210699689688,
    "S": 16.514270861815568
  }
}