{
  "RRR": {
    "R": 0,
    "P": 0.33548800000000006,
    "S": 0.7045101559257465
  },
  "RRP": {
    "R": 0.008,
    "P": 0.32000000000000006,
    "S": 0.36266240000000005
  },
  "RRS": {
    "R": 0.7621620189450733,
    "P": 1.1389093371160366,
    "S": 1.068231313797793
  },
  "RPR": {
    "R": 0.33708800000000005,
    "P": 0,
    "S": 0.32638720000000004
  },
  "RPP": {
    "R": 0,
    "P": 0.5982554313523201,
    "S": 0
  },
  "RPS": {
    "R": 0.32000000000000006,
    "P": 0.08000000000000002,
    "S": 0.5754880000000001
  },
  "RSR": {
    "R": 0.9924876553649722,
    "P": 0.08000000000000002,
    "S": 0.5538101439692801
  },
  "RSP": {
    "R": 0,
    "P": 0.7693152870509758,
    "S": 0.22557745833626835
  },
  "RSS": {
    "R": 0.8098135466834268,
    "P": 0.6058936045349587,
    "S": 0
  },
  "PRR": {
    "R": 0.32000000000000006,
    "P": 0.08638720000000001,
    "S": 0.9770150218990512
  },
  "PRP": {
    "R": 0,
    "P": 0,
    "S": 0
  },
  "PRS": {
    "R": 0.008,
    "P": 0,
    "S": 0.8037454538607112
  },
  "PPR": {
    "R": 0.07697154048,
    "P": 0,
    "S": 0
  },
  "PPP": {
    "R": 0,
    "P": 0.7032578048000001,
    "S": 0.7582928945645186
  },
  "PPS": {
    "R": 0.8268917378740256,
    "P": 0.44847836767846405,
    "S": 0.7207301868561583
  },
  "PSR": {
    "R": 0.8380199052195096,
    "P": 0,
    "S": 0.6708992388373101
  },
  "PSP": {
    "R": 0.08000000000000002,
    "P": 0.34238720000000006,
    "S": 0.7658255668272916
  },
  "PSS": {
    "R": 0.7438762630846364,
    "P": 0.6274326852122013,
    "S": 0.32000000000000006
  },
  "SRR": {
    "R": 0.39342434304000007,
    "P": 0.37638404096000005,
    "S": 1.0830109018176899
  },
  "SRP": {
    "R": 0.33386498048,
    "P": 0.19486740480000003,
    "S": 0
  },
  "SRS": {
    "R": 0.9840133326004085,
    "P": 0,
    "S": 0.6261983091726628
  },
  "SPR": {
    "R": 0,
    "P": 0,
    "S": 0.32000000000000006
  },
  "SPP": {
    "R": 0.008,
    "P": 0,
    "S": 0.7379073064206482
  },
  "SPS": {
    "R": 0.810185478290696,
    "P": 0.19235653599232005,
    "S": 0.8804267563540243
  },
  "SSR": {
    "R": 0.4372599305797633,
    "P": 0.6757039676784641,
    "S": 0.9428067855968879
  },
  "SSP": {
    "R": 0,
    "P": 0.9326854616721653,
    "S": 0.6856621808770056
  },
  "SSS": {
    "R": 0.008,
    "P": 0,
    "S": 0.32000000000000006
  }
}