{
  "RRR": {
    "R": 0.0014380145476347295,
    "P": 0,
    "S": 0
  },
  "RRP": {
    "R": 0,
    "P": 0.04872976689862397,
    "S": 0
  },
  "RRS": {
    "R": 0,
    "P": 0,
    "S": 0.0014978419858890093
  },
  "RPR": {
    "R": 0.0017968715050003029,
    "P": 0,
    "S": 0
  },
  "RPP": {
    "R": 0,
    "P": 0.05320163607970064,
    "S": 0
  },
  "RPS": {
    "R": 0,
    "P": 0,
    "S": 0.002334672687575221
  },
  "RSR": {
    "R": 0.002513810707125508,
    "P": 0,
    "S": 0
  },
  "RSP": {
    "R": 0,
    "P": 0.0016174753253813128,
    "S": 0
  },
  "RSS": {
    "R": 0,
    "P": 0,
    "S": 0.001856655880419699
  },
  "PRR": {
    "R": 0.0015576622448506988,
    "P": 0,
    "S": 0
  },
  "PRP": {
    "R": 0,
    "P": 0.0019164330817140448,
    "S": 0
  },
  "PRS": {
    "R": 0,
    "P": 0,
    "S": 0.002095721649455213
  },
  "PPR": {
    "R": 0.0019164330817140448,
    "P": 0,
    "S": 0
  },
  "PPP": {
    "R": 0,
    "P": 0.0014978419858890093,
    "S": 0
  },
  "PPS": {
    "R": 0,
    "P": 0,
    "S": 0.05185231490805848
  },
  "PSR": {
    "R": 0.05074180225270935,
    "P": 0,
    "S": 0
  },
  "PSP": {
    "R": 0,
    "P": 0.001976203109744235,
    "S": 0
  },
  "PSS": {
    "R": 0,
    "P": 0,
    "S": 0.002513810707125508
  },
  "SRR": {
    "R": 0.04973681245262001,
    "P": 0,
    "S": 0
  },
  "SRP": {
    "R": 0,
    "P": 0.0022749456810569517,
    "S": 0
  },
  "SRS": {
    "R": 0,
    "P": 0,
    "S": 0.002394392526852708
  },
  "SPR": {
    "R": 0.0019164330817140448,
    "P": 0,
    "S": 0
  },
  "SPP": {
    "R": 0,
    "P": 0.0016772812283422632,
    "S": 0
  },
  "SPS": {
    "R": 0,
    "P": 0,
    "S": 0.002155470162857275
  },
  "SSR": {
    "R": 0.002215211506437728,
    "P": 0,
    "S": 0
  },
  "SSP": {
    "R": 0,
    "P": 0.002155470162857275,
    "S": 0
  },
  "SSS": {
    "R": 0,
    "P": 0,
    "S": 0.003050837966919367
  }
}