{
  "RRR": {
    "R": 0.0005397408725629018,
    "P": 0,
    "S": 0
  },
  "RRP": {
    "R": 0,
    "P": 0.04775391109777644,
    "S": 0
  },
  "RRS": {
    "R": 0,
    "P": 0,
    "S": 0.0005996761036581904
  },
  "RPR": {
    "R": 0.0007195249900286404,
    "P": 0,
    "S": 0
  },
  "RPP": {
    "R": 0,
    "P": 0.052396626431781695,
    "S": 0
  },
  "RPS": {
    "R": 0,
    "P": 0,
    "S": 0.0007794386470298331
  },
  "RSR": {
    "R": 0.000959136483651293,
    "P": 0,
    "S": 0
  },
  "RSP": {
    "R": 0,
    "P": 0.0007794386470298331,
    "S": 0
  },
  "RSS": {
    "R": 0,
    "P": 0,
    "S": 0.0005397408725629018
  },
  "PRR": {
    "R": 0.0008393451143921855,
    "P": 0,
    "S": 0
  },
  "PRP": {
    "R": 0,
    "P": 0.0005996761036581904,
    "S": 0
  },
  "PRS": {
    "R": 0,
    "P": 0,
    "S": 0.0007794386470298331
  },
  "PPR": {
    "R": 0.0006596041425257474,
    "P": 0,
    "S": 0
  },
  "PPP": {
    "R": 0,
    "P": 0.0003598920172784209,
    "S": 0
  },
  "PPS": {
    "R": 0,
    "P": 0,
    "S": 0.05109874876391936
  },
  "PSR": {
    "R": 0.04977029740662854,
    "P": 0,
    "S": 0
  },
  "PSP": {
    "R": 0,
    "P": 0.0005996761036581904,
    "S": 0
  },
  "PSS": {
    "R": 0,
    "P": 0,
    "S": 0.0010788991047067742
  },
  "SRR": {
    "R": 0.04860065008560587,
    "P": 0,
    "S": 0
  },
  "SRP": {
    "R": 0,
    "P": 0.0011986329844577838,
    "S": 0
  },
  "SRS": {
    "R": 0,
    "P": 0,
    "S": 0.0008992443929784545
  },
  "SPR": {
    "R": 0.0008393451143921855,
    "P": 0,
    "S": 0
  },
  "SPP": {
    "R": 0,
    "P": 0.00047979844837671106,
    "S": 0
  },
  "SPS": {
    "R": 0,
    "P": 0,
    "S": 0.0006596041425257474
  },
  "SSR": {
    "R": 0.001019021387273251,
    "P": 0,
    "S": 0
  },
  "SSP": {
    "R": 0,
    "P": 0.0005996761036581904,
    "S": 0
  },
  "SSS": {
    "R": 0,
    "P": 0,
    "S": 0.0008992443929784545
  }
}