{
  "RRR": {
    "R": 5.735975316194444,
    "P": 5.175335705338829,
    "S": 5.715696359104255
  },
  "RRP": {
    "R": 4.901689440140245,
    "P": 5.477436605217874,
    "S": 5.012891109066306
  },
  "RRS": {
    "R": 5.784499262589364,
    "P": 4.742552574228097,
    "S": 6.000494211920255
  },
  "RPR": {
    "R": 5.4257935446573935,
    "P": 5.551122341060383,
    "S": 5.565325939832375
  },
  "RPP": {
    "R": 5.560388711952128,
    "P": 5.178394625226195,
    "S": 5.574736572103888
  },
  "RPS": {
    "R": 5.466174767547757,
    "P": 4.391775372265398,
    "S": 5.3331059859286185
  },
  "RSR": {
    "R": 5.761214407429704,
    "P": 5.191850625422519,
    "S": 4.882712465986915
  },
  "RSP": {
    "R": 4.512132437989788,
    "P": 4.757447267221248,
    "S": 4.519550882631155
  },
  "RSS": {
    "R": 5.714637810689728,
    "P": 5.48330455921889,
    "S": 5.4192282706913755
  },
  "PRR": {
    "R": 5.440689253298756,
    "P": 5.269068391247249,
    "S": 5.402445622439832
  },
  "PRP": {
    "R": 5.456590925171834,
    "P": 5.454587134358063,
    "S": 4.768791502151987
  },
  "PRS": {
    "R": 5.097210315461994,
    "P": 4.772880869053696,
    "S": 5.377167280035179
  },
  "PPR": {
    "R": 5.514663630754796,
    "P": 5.5198906996962815,
    "S": 4.7424743592238965
  },
  "PPP": {
    "R": 5.3933587897169755,
    "P": 5.644657651555937,
    "S": 5.1327183269818955
  },
  "PPS": {
    "R": 4.093210511776858,
    "P": 5.315715405624685,
    "S": 5.171066588536188
  },
  "PSR": {
    "R": 5.749436755195239,
    "P": 4.4649977742727565,
    "S": 4.3585644289020715
  },
  "PSP": {
    "R": 4.711325741691032,
    "P": 5.182109260757029,
    "S": 4.1819092619110965
  },
  "PSS": {
    "R": 5.035479930743287,
    "P": 5.635513077697688,
    "S": 5.445878140500083
  },
  "SRR": {
    "R": 5.755614104279541,
    "P": 5.540593533497614,
    "S": 6.032126870989822
  },
  "SRP": {
    "R": 5.443719972924702,
    "P": 5.234130403858541,
    "S": 5.486233000496519
  },
  "SRS": {
    "R": 5.0357200251683185,
    "P": 3.967176730556644,
    "S": 5.612892890906142
  },
  "SPR": {
    "R": 5.368345901470278,
    "P": 4.538034028069298,
    "S": 5.388810324228195
  },
  "SPP": {
    "R": 5.133383729931234,
    "P": 4.522648680672025,
    "S": 5.220673098544038
  },
  "SPS": {
    "R": 4.516472778608048,
    "P": 4.096007579644235,
    "S": 5.238073872174311
  },
  "SSR": {
    "R": 5.649910140316856,
    "P": 5.289979884242709,
    "S": 5.641761957828183
  },
  "SSP": {
    "R": 5.447149856073188,
    "P": 5.2859454241581005,
    "S": 4.9941781246715
  },
  "SSS": {
    "R": 5.503217383276997,
    "P": 5.389584568880923,
    "S": 5.135042392786403
  }
}