{
  "RRR": {
    "R": 6.99370798486094,
    "P": 6.808087529401675,
    "S": 5.715696359104255
  },
  "RRP": {
    "R": 6.919942265129023,
    "P": 6.70644985070987,
    "S": 6.006318779138947
  },
  "RRS": {
    "R": 7.0099311901111845,
    "P": 4.742552574228097,
    "S": 6.000494211920255
  },
  "RPR": {
    "R": 6.925017954020717,
    "P": 6.712388756434865,
    "S": 5.954284959006465
  },
  "RPP": {
    "R": 6.8111496872568775,
    "P": 6.6375017030115995,
    "S": 6.793954888164559
  },
  "RPS": {
    "R": 6.092446767190163,
    "P": 4.391775372265398,
    "S": 6.516936181806125
  },
  "RSR": {
    "R": 6.000238529110269,
    "P": 6.990544121507023,
    "S": 7.051658399281147
  },
  "RSP": {
    "R": 4.512132437989788,
    "P": 6.514671372754986,
    "S": 4.519550882631155
  },
  "RSS": {
    "R": 6.125726739798328,
    "P": 5.534126465711386,
    "S": 6.82865383080683
  },
  "PRR": {
    "R": 6.635070906223974,
    "P": 6.888275817296953,
    "S": 6.570438131544514
  },
  "PRP": {
    "R": 6.058564935147201,
    "P": 6.76111774339951,
    "S": 5.813279577064796
  },
  "PRS": {
    "R": 5.941978311590157,
    "P": 4.828418981742197,
    "S": 6.03968794304923
  },
  "PPR": {
    "R": 6.761461463015721,
    "P": 5.472373111978936,
    "S": 5.917313156073776
  },
  "PPP": {
    "R": 6.496095039857699,
    "P": 6.6543545520794956,
    "S": 6.251328241987949
  },
  "PPS": {
    "R": 6.523452736283939,
    "P": 6.129969846927402,
    "S": 6.282119339488917
  },
  "PSR": {
    "R": 5.749436755195239,
    "P": 6.564717845305124,
    "S": 6.653641157200161
  },
  "PSP": {
    "R": 5.500688893488675,
    "P": 6.057958371072742,
    "S": 5.629805030309264
  },
  "PSS": {
    "R": 6.727701911124101,
    "P": 6.067651644861493,
    "S": 6.357067835965129
  },
  "SRR": {
    "R": 5.909674562445653,
    "P": 6.962496612461094,
    "S": 6.812134539467937
  },
  "SRP": {
    "R": 7.193147583894635,
    "P": 6.613595780723184,
    "S": 6.259458905489047
  },
  "SRS": {
    "R": 6.987574357714843,
    "P": 5.6626830104752,
    "S": 6.85553162556271
  },
  "SPR": {
    "R": 5.368345901470278,
    "P": 4.538034028069298,
    "S": 5.3796362639509105
  },
  "SPP": {
    "R": 6.241395984162,
    "P": 6.800674760051469,
    "S": 6.1283384039637
  },
  "SPS": {
    "R": 4.516472778608048,
    "P": 5.2469921023475345,
    "S": 6.275384606893804
  },
  "SSR": {
    "R": 6.916457293546732,
    "P": 6.476595815490086,
    "S": 6.122821203341261
  },
  "SSP": {
    "R": 5.447149856073188,
    "P": 6.076847137817042,
    "S": 6.026728181649391
  },
  "SSS": {
    "R": 6.765235063262493,
    "P": 5.963165136129682,
    "S": 6.903696895862813
  }
}