{
  "RRR": {
    "R": 0,
    "P": 0.33548800000000006,
    "S": 0.7045101559257465
  },
  "RRP": {
    "R": 0.008,
    "P": 0.32000000000000006,
    "S": 0.36266240000000005
  },
  "RRS": {
    "R": 0.7621620189450733,
    "P": 1.1389093371160366,
    "S": 1.068231313797793
  },
  "RPR": {
    "R": 0.33708800000000005,
    "P": 0.3012614376652801,
    "S": 0.32638720000000004
  },
  "RPP": {
    "R": 0,
    "P": 0.5982554313523201,
    "S": 0
  },
  "RPS": {
    "R": 0.32000000000000006,
    "P": 0.08000000000000002,
    "S": 0.7170084084467737
  },
  "RSR": {
    "R": 0.9924876553649722,
    "P": 0.08000000000000002,
    "S": 1.30245099512311
  },
  "RSP": {
    "R": 0.6905856000000001,
    "P": 1.125175282332712,
    "S": 1.1086694527830707
  },
  "RSS": {
    "R": 0.8098135466834268,
    "P": 0.8268706578742855,
    "S": 0
  },
  "PRR": {
    "R": 0.32000000000000006,
    "P": 0.08638720000000001,
    "S": 0.9770150218990512
  },
  "PRP": {
    "R": 0.27713105920000003,
    "P": 0,
    "S": 0.7794696192000001
  },
  "PRS": {
    "R": 0.008,
    "P": 1.2183399454144372,
    "S": 0.8037454538607112
  },
  "PPR": {
    "R": 0.07697154048,
    "P": 0,
    "S": 0.9617103703623919
  },
  "PPP": {
    "R": 0,
    "P": 0.7032578048000001,
    "S": 0.7582928945645186
  },
  "PPS": {
    "R": 0.8424534399020616,
    "P": 0.44847836767846405,
    "S": 1.208740699246974
  },
  "PSR": {
    "R": 0.8380199052195096,
    "P": 0,
    "S": 1.1052194032957299
  },
  "PSP": {
    "R": 0.08000000000000002,
    "P": 0.34238720000000006,
    "S": 1.1629009952750258
  },
  "PSS": {
    "R": 0.7438762630846364,
    "P": 1.1476108415043569,
    "S": 0.32000000000000006
  },
  "SRR": {
    "R": 0.39342434304000007,
    "P": 0.37638404096000005,
    "S": 1.0830109018176899
  },
  "SRP": {
    "R": 0.33386498048,
    "P": 0.19486740480000003,
    "S": 0
  },
  "SRS": {
    "R": 1.0692048105634755,
    "P": 1.4197748091455635,
    "S": 1.0917947975065805
  },
  "SPR": {
    "R": 0,
    "P": 0.32000000000000006,
    "S": 1.116722612418887
  },
  "SPP": {
    "R": 0.143054077919232,
    "P": 0,
    "S": 0.8437691913783563
  },
  "SPS": {
    "R": 1.2266987571546952,
    "P": 0.9699064397533738,
    "S": 1.2546792108085763
  },
  "SSR": {
    "R": 0.4372599305797633,
    "P": 0.6757039676784641,
    "S": 0.9428067855968879
  },
  "SSP": {
    "R": 0,
    "P": 1.1504017795526154,
    "S": 1.1937489135992583
  },
  "SSS": {
    "R": 0.008,
    "P": 0,
    "S": 0.32000000000000006
  }
}