{
  "RRR": {
    "R": 12.619217344479818,
    "P": 15.108884033152911,
    "S": 12.94591197300773
  },
  "RRP": {
    "R": 16.030852387480806,
    "P": 15.34016690655675,
    "S": 7.849324824852382
  },
  "RRS": {
    "R": 15.621726632684481,
    "P": 11.755420299468001,
    "S": 12.747778084650841
  },
  "RPR": {
    "R": 15.718834438278291,
    "P": 15.765780154513951,
    "S": 14.583165709050453
  },
  "RPP": {
    "R": 15.119412295703945,
    "P": 14.78012283315361,
    "S": 15.057138887113936
  },
  "RPS": {
    "R": 15.295916467244018,
    "P": 12.133877935023579,
    "S": 15.011180489872013
  },
  "RSR": {
    "R": 14.373832579463503,
    "P": 11.870395431725903,
    "S": 15.805383621037228
  },
  "RSP": {
    "R": 14.090944381116723,
    "P": 15.972529509057903,
    "S": 9.644560340951898
  },
  "RSS": {
    "R": 15.518173392428414,
    "P": 15.07420316977949,
    "S": 14.103177717186831
  },
  "PRR": {
    "R": 12.874332097902043,
    "P": 15.408223345468805,
    "S": 13.967626306822101
  },
  "PRP": {
    "R": 15.791762430840038,
    "P": 13.907114912364914,
    "S": 15.604444374836277
  },
  "PRS": {
    "R": 0,
    "P": 3.5055038615029965,
    "S": 15.697647520721196
  },
  "PPR": {
    "R": 15.585762050327261,
    "P": 13.934269320858608,
    "S": 15.32427008961356
  },
  "PPP": {
    "R": 12.943349550181994,
    "P": 14.944621404237827,
    "S": 14.963408657499862
  },
  "PPS": {
    "R": 14.35787278360403,
    "P": 12.086236266570639,
    "S": 15.700668266615173
  },
  "PSR": {
    "R": 13.276840040609676,
    "P": 15.07854273599338,
    "S": 14.470126525441927
  },
  "PSP": {
    "R": 9.82933706894993,
    "P": 14.830520096503864,
    "S": 13.801297229788027
  },
  "PSS": {
    "R": 15.619370002814282,
    "P": 15.209005183180032,
    "S": 14.738174070814313
  },
  "SRR": {
    "R": 11.012073418321112,
    "P": 15.99441703897946,
    "S": 15.451021099572362
  },
  "SRP": {
    "R": 14.774188140688697,
    "P": 14.97760471858605,
    "S": 12.041931110932712
  },
  "SRS": {
    "R": 14.608392689183127,
    "P": 16.144787380053533,
    "S": 15.118573262478243
  },
  "SPR": {
    "R": 14.935679977902328,
    "P": 15.531829899792285,
    "S": 3.060950173258071
  },
  "SPP": {
    "R": 15.909893755190025,
    "P": 14.526077298669389,
    "S": 14.979010685487438
  },
  "SPS": {
    "R": 14.13143147886913,
    "P": 14.78094076791105,
    "S": 14.534019659864033
  },
  "SSR": {
    "R": 16.33025137442941,
    "P": 12.000658639577065,
    "S": 14.787793006778466
  },
  "SSP": {
    "R": 14.778249062263042,
    "P": 13.716352144619949,
    "S": 15.10717819029
  },
  "SSS": {
    "R": 15.813642796844004,
    "P": 14.127913317679674,
    "S": 13.044877747834967
  }
}