{
  "RRR": {
    "R": 4.775487632451151,
    "P": 4.897984857157466,
    "S": 4.699510134262846
  },
  "RRP": {
    "R": 4.901689440140245,
    "P": 4.7164547567170505,
    "S": 4.102034439080456
  },
  "RRS": {
    "R": 4.75069793963126,
    "P": 4.608552005439177,
    "S": 4.615950450790664
  },
  "RPR": {
    "R": 4.539222039548816,
    "P": 4.712772350009539,
    "S": 4.155108279583204
  },
  "RPP": {
    "R": 4.7100013758811805,
    "P": 4.274267953918651,
    "S": 4.614699455423381
  },
  "RPS": {
    "R": 4.1319705290922615,
    "P": 4.391775372265398,
    "S": 4.365575190371195
  },
  "RSR": {
    "R": 4.722621663458764,
    "P": 3.752868745869047,
    "S": 4.648129640412027
  },
  "RSP": {
    "R": 4.512132437989788,
    "P": 4.699031918991918,
    "S": 4.068429875191759
  },
  "RSS": {
    "R": 4.438815132537418,
    "P": 3.6710176989478103,
    "S": 4.733630605245489
  },
  "PRR": {
    "R": 4.8350475397437185,
    "P": 4.389000951706468,
    "S": 3.7698355625767537
  },
  "PRP": {
    "R": 4.708076219503883,
    "P": 4.979604307175684,
    "S": 4.728375208563635
  },
  "PRS": {
    "R": 4.733951872263841,
    "P": 4.725199293229943,
    "S": 4.077494497062172
  },
  "PPR": {
    "R": 4.15986493072681,
    "P": 4.707934724440351,
    "S": 4.765216240460017
  },
  "PPP": {
    "R": 4.312582103816362,
    "P": 4.492703806253946,
    "S": 3.9357118283812937
  },
  "PPS": {
    "R": 4.093210511776858,
    "P": 4.30694036149344,
    "S": 4.609736977122803
  },
  "PSR": {
    "R": 4.446528995334549,
    "P": 4.4649977742727565,
    "S": 3.486021805470321
  },
  "PSP": {
    "R": 4.711325741691032,
    "P": 4.387302261635034,
    "S": 4.1819092619110965
  },
  "PSS": {
    "R": 4.441072402664455,
    "P": 4.670272882063295,
    "S": 4.47103210274419
  },
  "SRR": {
    "R": 4.700889390240844,
    "P": 4.017024810168892,
    "S": 4.646908756701339
  },
  "SRP": {
    "R": 3.9908286916911404,
    "P": 3.8763358819785783,
    "S": 4.435975427565959
  },
  "SRS": {
    "R": 2.978984586507586,
    "P": 3.967176730556644,
    "S": 4.574282022802075
  },
  "SPR": {
    "R": 4.5831023730414415,
    "P": 4.538034028069298,
    "S": 4.562885808953452
  },
  "SPP": {
    "R": 4.811227438926161,
    "P": 4.348834867989849,
    "S": 4.640464695790128
  },
  "SPS": {
    "R": 4.403779316738966,
    "P": 4.096007579644235,
    "S": 4.587227312843657
  },
  "SSR": {
    "R": 4.565059673952619,
    "P": 3.948951197029518,
    "S": 4.632314731187386
  },
  "SSP": {
    "R": 4.738843375259259,
    "P": 4.669694970379678,
    "S": 4.539888203646658
  },
  "SSS": {
    "R": 4.403642104745856,
    "P": 4.778978789756332,
    "S": 4.619541888807153
  }
}