{
  "RRR": {
    "R": 0.4225175129292801,
    "P": 0.8729742747906643,
    "S": 0.3274880000000001
  },
  "RRP": {
    "R": 0,
    "P": 0,
    "S": 0.9544512906111907
  },
  "RRS": {
    "R": 0,
    "P": 1.19712467883415,
    "S": 0.8160123950779039
  },
  "RPR": {
    "R": 1.1069459529769539,
    "P": 0.5394696192,
    "S": 0
  },
  "RPP": {
    "R": 0,
    "P": 0.33548800000000006,
    "S": 0
  },
  "RPS": {
    "R": 0,
    "P": 1.1638762837031582,
    "S": 0.6630089227485729
  },
  "RSR": {
    "R": 0,
    "P": 0,
    "S": 0
  },
  "RSP": {
    "R": 1.048954755255145,
    "P": 0.9638237084328134,
    "S": 0
  },
  "RSS": {
    "R": 0.6417363392766485,
    "P": 0,
    "S": 0.7120204394336355
  },
  "PRR": {
    "R": 0.49873078616273725,
    "P": 0.08000000000000002,
    "S": 0.9856537487186297
  },
  "PRP": {
    "R": 0,
    "P": 0.32000000000000006,
    "S": 0.6524439239224606
  },
  "PRS": {
    "R": 0,
    "P": 0,
    "S": 0.7748795978593954
  },
  "PPR": {
    "R": 0.5979860992000001,
    "P": 0.4834696192000001,
    "S": 0.32000000000000006
  },
  "PPP": {
    "R": 0.7700021439692801,
    "P": 1.3194841357986147,
    "S": 0.7794696192000001
  },
  "PPS": {
    "R": 0.15987200000000001,
    "P": 0,
    "S": 0.597106795077904
  },
  "PSR": {
    "R": 0,
    "P": 0.5737248048384922,
    "S": 0
  },
  "PSP": {
    "R": 1.1374067048042287,
    "P": 0.9268261314060878,
    "S": 0
  },
  "PSS": {
    "R": 0,
    "P": 0.8040664031664505,
    "S": 0.5936988916306412
  },
  "SRR": {
    "R": 0,
    "P": 0,
    "S": 0
  },
  "SRP": {
    "R": 0.52671254396928,
    "P": 0,
    "S": 0.6885330721925003
  },
  "SRS": {
    "R": 0,
    "P": 0,
    "S": 0
  },
  "SPR": {
    "R": 1.065323618027426,
    "P": 0,
    "S": 1.1120226962301987
  },
  "SPP": {
    "R": 0.6831657405120513,
    "P": 0.9423285439692801,
    "S": 0.6808760782282381
  },
  "SPS": {
    "R": 0,
    "P": 0,
    "S": 0
  },
  "SSR": {
    "R": 0,
    "P": 0.6944323046572919,
    "S": 0
  },
  "SSP": {
    "R": 0.5991419890892802,
    "P": 0.8258281335050732,
    "S": 0
  },
  "SSS": {
    "R": 0,
    "P": 0.8015297241520505,
    "S": 0.6603849867284972
  }
}