{
  "RRR": {
    "R": 5.735975316194444,
    "P": 5.834925878508534,
    "S": 5.715696359104255
  },
  "RRP": {
    "R": 5.722352989105961,
    "P": 5.8222953645366395,
    "S": 5.568215972025477
  },
  "RRS": {
    "R": 6.015103877973704,
    "P": 4.742552574228097,
    "S": 6.000494211920255
  },
  "RPR": {
    "R": 5.4257935446573935,
    "P": 6.011047951483983,
    "S": 5.954284959006465
  },
  "RPP": {
    "R": 5.560388711952128,
    "P": 5.807829700043247,
    "S": 6.078926102279492
  },
  "RPS": {
    "R": 5.674679472009204,
    "P": 4.391775372265398,
    "S": 6.072391575600287
  },
  "RSR": {
    "R": 6.000238529110269,
    "P": 5.7510027300828614,
    "S": 6.370185248129174
  },
  "RSP": {
    "R": 4.512132437989788,
    "P": 5.710911726776061,
    "S": 4.519550882631155
  },
  "RSS": {
    "R": 5.884233941179768,
    "P": 5.534126465711386,
    "S": 6.108916066714251
  },
  "PRR": {
    "R": 5.714641531573056,
    "P": 5.269068391247249,
    "S": 5.402445622439832
  },
  "PRP": {
    "R": 6.058564935147201,
    "P": 5.771242380101012,
    "S": 4.768791502151987
  },
  "PRS": {
    "R": 5.941978311590157,
    "P": 4.828418981742197,
    "S": 6.03968794304923
  },
  "PPR": {
    "R": 5.689354946554864,
    "P": 5.472373111978936,
    "S": 5.917313156073776
  },
  "PPP": {
    "R": 5.944504406200581,
    "P": 5.643703558231634,
    "S": 6.251328241987949
  },
  "PPS": {
    "R": 6.110355825452327,
    "P": 5.60793023078462,
    "S": 6.282119339488917
  },
  "PSR": {
    "R": 5.749436755195239,
    "P": 5.83097390083102,
    "S": 6.1515329367759435
  },
  "PSP": {
    "R": 5.500688893488675,
    "P": 5.864068819144117,
    "S": 4.1819092619110965
  },
  "PSS": {
    "R": 6.285698927788076,
    "P": 6.067651644861493,
    "S": 6.016144975279005
  },
  "SRR": {
    "R": 5.909674562445653,
    "P": 5.994450391292626,
    "S": 6.045324879143745
  },
  "SRP": {
    "R": 6.150646326090373,
    "P": 5.633510161475983,
    "S": 6.259458905489047
  },
  "SRS": {
    "R": 6.064477807482221,
    "P": 5.273309546217472,
    "S": 6.109094227781974
  },
  "SPR": {
    "R": 5.368345901470278,
    "P": 4.538034028069298,
    "S": 5.3796362639509105
  },
  "SPP": {
    "R": 5.870213768847278,
    "P": 6.088619590247666,
    "S": 6.1283384039637
  },
  "SPS": {
    "R": 4.516472778608048,
    "P": 5.2469921023475345,
    "S": 6.050626417987838
  },
  "SSR": {
    "R": 5.97944202344913,
    "P": 5.991770094647366,
    "S": 6.122821203341261
  },
  "SSP": {
    "R": 5.447149856073188,
    "P": 6.076847137817042,
    "S": 6.026728181649391
  },
  "SSS": {
    "R": 6.012679070643416,
    "P": 5.963165136129682,
    "S": 6.0890296029797275
  }
}