{
  "RRR": {
    "R": 5.442601308187766,
    "P": 4.967471748193315,
    "S": 4.699510134262846
  },
  "RRP": {
    "R": 4.901689440140245,
    "P": 5.158686360299745,
    "S": 4.102034439080456
  },
  "RRS": {
    "R": 4.75069793963126,
    "P": 4.742552574228097,
    "S": 5.147133765155963
  },
  "RPR": {
    "R": 5.138054233680421,
    "P": 5.551122341060383,
    "S": 5.565325939832375
  },
  "RPP": {
    "R": 5.2200604641270445,
    "P": 5.052998024552024,
    "S": 5.203747810545946
  },
  "RPS": {
    "R": 4.1319705290922615,
    "P": 4.391775372265398,
    "S": 4.365575190371195
  },
  "RSR": {
    "R": 4.722621663458764,
    "P": 5.072848613711189,
    "S": 4.882712465986915
  },
  "RSP": {
    "R": 4.512132437989788,
    "P": 4.757447267221248,
    "S": 4.519550882631155
  },
  "RSS": {
    "R": 4.895564898554857,
    "P": 5.395511545110524,
    "S": 5.1182651590898285
  },
  "PRR": {
    "R": 5.1703721370413,
    "P": 5.269068391247249,
    "S": 5.402445622439832
  },
  "PRP": {
    "R": 5.456590925171834,
    "P": 5.080733934784494,
    "S": 4.728375208563635
  },
  "PRS": {
    "R": 4.910808297169255,
    "P": 4.772880869053696,
    "S": 5.377167280035179
  },
  "PPR": {
    "R": 4.726344191040502,
    "P": 5.164212600936753,
    "S": 4.7424743592238965
  },
  "PPP": {
    "R": 4.9364788448967865,
    "P": 4.888181472402695,
    "S": 5.1327183269818955
  },
  "PPS": {
    "R": 4.093210511776858,
    "P": 5.315715405624685,
    "S": 5.219524710888951
  },
  "PSR": {
    "R": 4.446528995334549,
    "P": 4.4649977742727565,
    "S": 4.3585644289020715
  },
  "PSP": {
    "R": 4.711325741691032,
    "P": 5.182109260757029,
    "S": 4.1819092619110965
  },
  "PSS": {
    "R": 4.441072402664455,
    "P": 5.064169099963523,
    "S": 5.029392456162906
  },
  "SRR": {
    "R": 4.700889390240844,
    "P": 4.017024810168892,
    "S": 5.0126817191188255
  },
  "SRP": {
    "R": 3.9908286916911404,
    "P": 5.234130403858541,
    "S": 4.435975427565959
  },
  "SRS": {
    "R": 4.336286543389539,
    "P": 3.967176730556644,
    "S": 4.793662886375503
  },
  "SPR": {
    "R": 5.368345901470278,
    "P": 4.538034028069298,
    "S": 5.424095171448517
  },
  "SPP": {
    "R": 5.133383729931234,
    "P": 4.522648680672025,
    "S": 5.220673098544038
  },
  "SPS": {
    "R": 4.516472778608048,
    "P": 4.096007579644235,
    "S": 4.649169030200736
  },
  "SSR": {
    "R": 4.732616347708349,
    "P": 4.598783883993687,
    "S": 4.965976499072643
  },
  "SSP": {
    "R": 5.515181115596265,
    "P": 5.216822797774453,
    "S": 4.864130048029429
  },
  "SSS": {
    "R": 4.833252870962283,
    "P": 4.972136373745202,
    "S": 5.135242551763012
  }
}