{
  "RRR": {
    "R": 16.104287288286876,
    "P": 15.108884033152911,
    "S": 16.086366075524545
  },
  "RRP": {
    "R": 16.030852387480806,
    "P": 15.34016690655675,
    "S": 7.849324824852382
  },
  "RRS": {
    "R": 16.03024083630638,
    "P": 15.826552189114151,
    "S": 15.842496235200194
  },
  "RPR": {
    "R": 15.718834438278291,
    "P": 15.765780154513951,
    "S": 14.583165709050453
  },
  "RPP": {
    "R": 15.119412295703945,
    "P": 14.78012283315361,
    "S": 15.057138887113936
  },
  "RPS": {
    "R": 15.295916467244018,
    "P": 12.133877935023579,
    "S": 15.011180489872013
  },
  "RSR": {
    "R": 14.373832579463503,
    "P": 11.870395431725903,
    "S": 16.328648117386813
  },
  "RSP": {
    "R": 15.922895655409336,
    "P": 16.89073134275642,
    "S": 13.94909342478344
  },
  "RSS": {
    "R": 15.518173392428414,
    "P": 15.745086482554264,
    "S": 15.64151768479381
  },
  "PRR": {
    "R": 14.80153938161862,
    "P": 15.408223345468805,
    "S": 16.1554339644904
  },
  "PRP": {
    "R": 15.791762430840038,
    "P": 13.907114912364914,
    "S": 15.604444374836277
  },
  "PRS": {
    "R": 0,
    "P": 17.121782144961564,
    "S": 15.928961995961433
  },
  "PPR": {
    "R": 15.585762050327261,
    "P": 13.934269320858608,
    "S": 16.8919744169155
  },
  "PPP": {
    "R": 12.943349550181994,
    "P": 14.944621404237827,
    "S": 15.7817437792106
  },
  "PPS": {
    "R": 14.35787278360403,
    "P": 14.3910571309784,
    "S": 15.700668266615173
  },
  "PSR": {
    "R": 15.560175282185627,
    "P": 15.07854273599338,
    "S": 14.470126525441927
  },
  "PSP": {
    "R": 14.32219465552158,
    "P": 15.901709961173939,
    "S": 13.801297229788027
  },
  "PSS": {
    "R": 15.619370002814282,
    "P": 15.209005183180032,
    "S": 14.738174070814313
  },
  "SRR": {
    "R": 14.851179636920387,
    "P": 15.99441703897946,
    "S": 15.451021099572362
  },
  "SRP": {
    "R": 14.774188140688697,
    "P": 14.97760471858605,
    "S": 12.041931110932712
  },
  "SRS": {
    "R": 14.608392689183127,
    "P": 16.96778763006639,
    "S": 15.118573262478243
  },
  "SPR": {
    "R": 15.804203972022453,
    "P": 15.531829899792285,
    "S": 3.060950173258071
  },
  "SPP": {
    "R": 16.63921021814651,
    "P": 15.12355665939084,
    "S": 14.979010685487438
  },
  "SPS": {
    "R": 15.105977565891806,
    "P": 15.091680301326907,
    "S": 14.534019659864033
  },
  "SSR": {
    "R": 16.33025137442941,
    "P": 12.000658639577065,
    "S": 14.787793006778466
  },
  "SSP": {
    "R": 14.778249062263042,
    "P": 16.129328572356805,
    "S": 15.10717819029
  },
  "SSS": {
    "R": 15.813642796844004,
    "P": 15.126210699689688,
    "S": 16.514270861815568
  }
}