{
  "RRR": {
    "R": 6.99370798486094,
    "P": 6.808087529401675,
    "S": 5.715696359104255
  },
  "RRP": {
    "R": 6.919942265129023,
    "P": 6.70644985070987,
    "S": 6.006318779138947
  },
  "RRS": {
    "R": 7.0099311901111845,
    "P": 4.742552574228097,
    "S": 6.8992259222267265
  },
  "RPR": {
    "R": 6.925017954020717,
    "P": 6.712388756434865,
    "S": 5.954284959006465
  },
  "RPP": {
    "R": 6.8111496872568775,
    "P": 6.936124366584766,
    "S": 6.880128585723201
  },
  "RPS": {
    "R": 6.571883226884904,
    "P": 4.391775372265398,
    "S": 7.161405169541424
  },
  "RSR": {
    "R": 6.000238529110269,
    "P": 6.990544121507023,
    "S": 7.051658399281147
  },
  "RSP": {
    "R": 4.512132437989788,
    "P": 6.514671372754986,
    "S": 4.519550882631155
  },
  "RSS": {
    "R": 6.974193964283576,
    "P": 5.534126465711386,
    "S": 7.334401522293957
  },
  "PRR": {
    "R": 6.635070906223974,
    "P": 6.888275817296953,
    "S": 6.570438131544514
  },
  "PRP": {
    "R": 6.058564935147201,
    "P": 6.76111774339951,
    "S": 5.813279577064796
  },
  "PRS": {
    "R": 5.941978311590157,
    "P": 4.828418981742197,
    "S": 6.03968794304923
  },
  "PPR": {
    "R": 6.761461463015721,
    "P": 5.472373111978936,
    "S": 5.917313156073776
  },
  "PPP": {
    "R": 6.496095039857699,
    "P": 6.651906107342418,
    "S": 6.934408690019593
  },
  "PPS": {
    "R": 6.523452736283939,
    "P": 7.454981106267835,
    "S": 7.213253842481318
  },
  "PSR": {
    "R": 5.749436755195239,
    "P": 7.338270741104893,
    "S": 6.653641157200161
  },
  "PSP": {
    "R": 5.500688893488675,
    "P": 7.15866910567787,
    "S": 6.747915900318008
  },
  "PSS": {
    "R": 7.181813661217419,
    "P": 7.393957181085671,
    "S": 7.6733024766928155
  },
  "SRR": {
    "R": 5.909674562445653,
    "P": 6.962496612461094,
    "S": 7.022129362782575
  },
  "SRP": {
    "R": 7.193147583894635,
    "P": 7.151275907333752,
    "S": 7.22450861361312
  },
  "SRS": {
    "R": 6.987574357714843,
    "P": 5.6626830104752,
    "S": 7.285723446617768
  },
  "SPR": {
    "R": 5.368345901470278,
    "P": 4.538034028069298,
    "S": 5.3796362639509105
  },
  "SPP": {
    "R": 6.241395984162,
    "P": 6.800674760051469,
    "S": 7.231602599662319
  },
  "SPS": {
    "R": 4.516472778608048,
    "P": 5.2469921023475345,
    "S": 7.458902901841039
  },
  "SSR": {
    "R": 6.916457293546732,
    "P": 7.353106276763259,
    "S": 7.137010762731669
  },
  "SSP": {
    "R": 5.447149856073188,
    "P": 7.250781373303322,
    "S": 6.026728181649391
  },
  "SSS": {
    "R": 7.181759673067627,
    "P": 7.073335882748546,
    "S": 7.494874640326467
  }
}