{
  "RRR": {
    "R": 0,
    "P": 0.074,
    "S": 0
  },
  "RRP": {
    "R": 0,
    "P": 0,
    "S": 0.296
  },
  "RRS": {
    "R": 0.079465048,
    "P": 0,
    "S": 0.6760438099584
  },
  "RPR": {
    "R": 0,
    "P": 0.8602523591530887,
    "S": 0.4885683809749007
  },
  "RPP": {
    "R": 0,
    "P": 0,
    "S": 0.5920624195449675
  },
  "RPS": {
    "R": 0.4520998312264179,
    "P": 0.5496624277717665,
    "S": 0.706900198386149
  },
  "RSR": {
    "R": 0.0074,
    "P": 0.301465048,
    "S": 0.6535677520471763
  },
  "RSP": {
    "R": 0,
    "P": 0.453420385590507,
    "S": 0.4644038099584
  },
  "RSS": {
    "R": 0.46866823335268254,
    "P": 0.08129048,
    "S": 0.703764433292105
  },
  "PRR": {
    "R": 0.074,
    "P": 0,
    "S": 0.296
  },
  "PRP": {
    "R": 0,
    "P": 0.24524192,
    "S": 0.6844355174852949
  },
  "PRS": {
    "R": 0,
    "P": 0.816713182286672,
    "S": 0.422292817733696
  },
  "PPR": {
    "R": 0.51460192,
    "P": 0.12865048,
    "S": 0
  },
  "PPP": {
    "R": 0,
    "P": 0,
    "S": 0.6350443843511071
  },
  "PPS": {
    "R": 0.699476528905615,
    "P": 0.45908625947991544,
    "S": 0.301465048
  },
  "PSR": {
    "R": 0,
    "P": 0.5119696571879135,
    "S": 0.8355806823160195
  },
  "PSP": {
    "R": 0.11662007728960003,
    "P": 0.3434740125816045,
    "S": 0.4965037475084017
  },
  "PSS": {
    "R": 0.0074,
    "P": 0.5037905263787679,
    "S": 0.2555241608571077
  },
  "SRR": {
    "R": 0,
    "P": 0,
    "S": 0.7952718745304777
  },
  "SRP": {
    "R": 0.48210468465169115,
    "P": 0.300724138772702,
    "S": 0
  },
  "SRS": {
    "R": 0.8556328562418806,
    "P": 0.4841680009304776,
    "S": 0.7388631766106375
  },
  "SPR": {
    "R": 0.074,
    "P": 0.074,
    "S": 0.14789048000000002
  },
  "SPP": {
    "R": 0.1882509524896,
    "P": 0.296,
    "S": 0.3648838387336896
  },
  "SPS": {
    "R": 0.572095200547584,
    "P": 0,
    "S": 0.8018558787412476
  },
  "SSR": {
    "R": 0,
    "P": 0.5183166725447647,
    "S": 0.4783458311673773
  },
  "SSP": {
    "R": 0.1537198448,
    "P": 0.4762645115727019,
    "S": 0.4540438099584
  },
  "SSS": {
    "R": 0.5678768994485298,
    "P": 0.141586092261696,
    "S": 0.9817432906313359
  }
}