{
  "RRR": {
    "R": 0.0005397408725629018,
    "P": 0,
    "S": 0
  },
  "RRP": {
    "R": 0,
    "P": 0.04764535249628248,
    "S": 0
  },
  "RRS": {
    "R": 0,
    "P": 0,
    "S": 0.00047979844837671106
  },
  "RPR": {
    "R": 0.0006596041425257474,
    "P": 0,
    "S": 0
  },
  "RPP": {
    "R": 0,
    "P": 0.05218171234211075,
    "S": 0
  },
  "RPS": {
    "R": 0,
    "P": 0,
    "S": 0.0007195249900286404
  },
  "RSR": {
    "R": 0.000959136483651293,
    "P": 0,
    "S": 0
  },
  "RSP": {
    "R": 0,
    "P": 0.0007195249900286404,
    "S": 0
  },
  "RSS": {
    "R": 0,
    "P": 0,
    "S": 0.00041984883023634344
  },
  "PRR": {
    "R": 0.0006596041425257474,
    "P": 0,
    "S": 0
  },
  "PRP": {
    "R": 0,
    "P": 0.0003598920172784209,
    "S": 0
  },
  "PRS": {
    "R": 0,
    "P": 0,
    "S": 0.0007195249900286404
  },
  "PPR": {
    "R": 0.00041984883023634344,
    "P": 0,
    "S": 0
  },
  "PPP": {
    "R": 0,
    "P": 0.00029992800863946163,
    "S": 0
  },
  "PPS": {
    "R": 0,
    "P": 0,
    "S": 0.05104487414881722
  },
  "PSR": {
    "R": 0.04971626335823153,
    "P": 0,
    "S": 0
  },
  "PSP": {
    "R": 0,
    "P": 0.0005397408725629018,
    "S": 0
  },
  "PSS": {
    "R": 0,
    "P": 0,
    "S": 0.000959136483651293
  },
  "SRR": {
    "R": 0.0485464756626854,
    "P": 0,
    "S": 0
  },
  "SRP": {
    "R": 0,
    "P": 0.0011387696368142055,
    "S": 0
  },
  "SRS": {
    "R": 0,
    "P": 0,
    "S": 0.0008992443929784545
  },
  "SPR": {
    "R": 0.0007195249900286404,
    "P": 0,
    "S": 0
  },
  "SPP": {
    "R": 0,
    "P": 0.00041984883023634344,
    "S": 0
  },
  "SPS": {
    "R": 0,
    "P": 0,
    "S": 0.0005397408725629018
  },
  "SSR": {
    "R": 0.000959136483651293,
    "P": 0,
    "S": 0
  },
  "SSP": {
    "R": 0,
    "P": 0.00041984883023634344,
    "S": 0
  },
  "SSS": {
    "R": 0,
    "P": 0,
    "S": 0.0007195249900286404
  }
}