{
  "RRR": {
    "R": 5.735975316194444,
    "P": 5.87555502265744,
    "S": 5.715696359104255
  },
  "RRP": {
    "R": 5.722352989105961,
    "P": 5.8222953645366395,
    "S": 5.012891109066306
  },
  "RRS": {
    "R": 5.979668709585239,
    "P": 4.742552574228097,
    "S": 6.000494211920255
  },
  "RPR": {
    "R": 5.4257935446573935,
    "P": 6.011047951483983,
    "S": 5.954284959006465
  },
  "RPP": {
    "R": 5.560388711952128,
    "P": 5.807829700043247,
    "S": 6.078926102279492
  },
  "RPS": {
    "R": 5.674679472009204,
    "P": 4.391775372265398,
    "S": 5.3331059859286185
  },
  "RSR": {
    "R": 6.0021773443682935,
    "P": 5.7510027300828614,
    "S": 4.882712465986915
  },
  "RSP": {
    "R": 4.512132437989788,
    "P": 5.710911726776061,
    "S": 4.519550882631155
  },
  "RSS": {
    "R": 5.884233941179768,
    "P": 5.534126465711386,
    "S": 5.4192282706913755
  },
  "PRR": {
    "R": 5.714641531573056,
    "P": 5.269068391247249,
    "S": 5.402445622439832
  },
  "PRP": {
    "R": 6.058564935147201,
    "P": 5.771242380101012,
    "S": 4.768791502151987
  },
  "PRS": {
    "R": 5.941978311590157,
    "P": 4.828418981742197,
    "S": 6.03968794304923
  },
  "PPR": {
    "R": 5.689354946554864,
    "P": 5.472373111978936,
    "S": 5.917313156073776
  },
  "PPP": {
    "R": 5.944504406200581,
    "P": 5.643703558231634,
    "S": 6.251328241987949
  },
  "PPS": {
    "R": 6.110355825452327,
    "P": 5.60793023078462,
    "S": 5.5745372463965
  },
  "PSR": {
    "R": 5.749436755195239,
    "P": 5.83097390083102,
    "S": 6.1515329367759435
  },
  "PSP": {
    "R": 5.500688893488675,
    "P": 5.864068819144117,
    "S": 4.1819092619110965
  },
  "PSS": {
    "R": 5.848331947680164,
    "P": 5.49546251190857,
    "S": 5.445878140500083
  },
  "SRR": {
    "R": 5.755614104279541,
    "P": 5.994450391292626,
    "S": 6.007237971844701
  },
  "SRP": {
    "R": 6.150646326090373,
    "P": 5.633510161475983,
    "S": 5.470699969458465
  },
  "SRS": {
    "R": 5.966220590310678,
    "P": 5.273309546217472,
    "S": 5.670342856948887
  },
  "SPR": {
    "R": 5.368345901470278,
    "P": 4.538034028069298,
    "S": 5.3796362639509105
  },
  "SPP": {
    "R": 5.870213768847278,
    "P": 6.088619590247666,
    "S": 5.929686229810184
  },
  "SPS": {
    "R": 4.516472778608048,
    "P": 5.2469921023475345,
    "S": 5.238073872174311
  },
  "SSR": {
    "R": 5.649910140316856,
    "P": 5.289979884242709,
    "S": 5.688870661415994
  },
  "SSP": {
    "R": 5.447149856073188,
    "P": 6.049537684720523,
    "S": 5.462908628492762
  },
  "SSS": {
    "R": 5.503217383276997,
    "P": 5.389584568880923,
    "S": 5.135042392786403
  }
}