{
  "RRR": {
    "R": 4.5343291977884945,
    "P": 4.379245734601139,
    "S": 4.678993874403558
  },
  "RRP": {
    "R": 4.327741554658461,
    "P": 3.544119521136914,
    "S": 4.102034439080456
  },
  "RRS": {
    "R": 4.572874572052668,
    "P": 3.7701998359036866,
    "S": 4.545474651510516
  },
  "RPR": {
    "R": 3.853296371902137,
    "P": 4.490070704641072,
    "S": 4.155108279583204
  },
  "RPP": {
    "R": 3.8525087161496936,
    "P": 4.274267953918651,
    "S": 4.009430081369608
  },
  "RPS": {
    "R": 4.1319705290922615,
    "P": 4.401018869241129,
    "S": 4.365575190371195
  },
  "RSR": {
    "R": 4.564070191929851,
    "P": 3.752868745869047,
    "S": 3.9869317292529347
  },
  "RSP": {
    "R": 4.435782875307888,
    "P": 3.8674224769939514,
    "S": 3.0008501563220586
  },
  "RSS": {
    "R": 4.438815132537418,
    "P": 3.6710176989478103,
    "S": 4.48096377845597
  },
  "PRR": {
    "R": 3.4761807462043186,
    "P": 4.135515439627558,
    "S": 3.7698355625767537
  },
  "PRP": {
    "R": 4.528638085600959,
    "P": 4.325269599849844,
    "S": 4.728375208563635
  },
  "PRS": {
    "R": 3.3121564319068124,
    "P": 4.0445389485459255,
    "S": 4.077494497062172
  },
  "PPR": {
    "R": 4.15986493072681,
    "P": 4.418508196221126,
    "S": 4.035045323594581
  },
  "PPP": {
    "R": 4.312582103816362,
    "P": 4.492703806253946,
    "S": 3.9357118283812937
  },
  "PPS": {
    "R": 3.9700684269615367,
    "P": 4.30694036149344,
    "S": 4.334182721855862
  },
  "PSR": {
    "R": 4.04456578124744,
    "P": 4.01531771600434,
    "S": 3.486021805470321
  },
  "PSP": {
    "R": 4.021320438702798,
    "P": 4.387302261635034,
    "S": 4.1819092619110965
  },
  "PSS": {
    "R": 4.441072402664455,
    "P": 3.7441337529263317,
    "S": 4.47103210274419
  },
  "SRR": {
    "R": 4.505226285062801,
    "P": 4.017024810168892,
    "S": 4.586933180157903
  },
  "SRP": {
    "R": 3.9908286916911404,
    "P": 3.8763358819785783,
    "S": 4.532057585592304
  },
  "SRS": {
    "R": 2.978984586507586,
    "P": 3.967176730556644,
    "S": 4.489421262533533
  },
  "SPR": {
    "R": 3.8124358176127098,
    "P": 4.538034028069298,
    "S": 4.132087130743392
  },
  "SPP": {
    "R": 4.357047518858807,
    "P": 4.348834867989849,
    "S": 4.577383282121881
  },
  "SPS": {
    "R": 4.0228027811711335,
    "P": 4.096007579644235,
    "S": 4.352229911915756
  },
  "SSR": {
    "R": 4.565059673952619,
    "P": 3.948951197029518,
    "S": 4.632314731187386
  },
  "SSP": {
    "R": 4.127157490888291,
    "P": 4.499623437762771,
    "S": 4.1466503406360005
  },
  "SSS": {
    "R": 4.403642104745856,
    "P": 4.580071513104928,
    "S": 4.473336442111162
  }
}