{
  "RRR": {
    "R": 1.5597330240280756,
    "P": 2.8327322964252053,
    "S": 0.51460192
  },
  "RRP": {
    "R": 3.1348969821471067,
    "P": 1.772928921217402,
    "S": 2.8278266390276348
  },
  "RRS": {
    "R": 3.371269653825889,
    "P": 2.399170016729601,
    "S": 1.7527213397615813
  },
  "RPR": {
    "R": 2.8126287876876264,
    "P": 2.338580935564099,
    "S": 0
  },
  "RPP": {
    "R": 3.3318854969763887,
    "P": 0,
    "S": 2.022159788644609
  },
  "RPS": {
    "R": 3.4282438377127695,
    "P": 1.4121127835892604,
    "S": 3.698945262371549
  },
  "RSR": {
    "R": 2.990378115931909,
    "P": 1.196195318662326,
    "S": 0
  },
  "RSP": {
    "R": 1.1091200744365206,
    "P": 2.1466297222840685,
    "S": 0
  },
  "RSS": {
    "R": 0.51460192,
    "P": 3.613245937339495,
    "S": 4.026124643751656
  },
  "PRR": {
    "R": 1.4264564231345656,
    "P": 2.9823450087532617,
    "S": 2.621790973288949
  },
  "PRP": {
    "R": 1.3864398675621112,
    "P": 3.4731163107477827,
    "S": 1.9226100703755047
  },
  "PRS": {
    "R": 0,
    "P": 0.296,
    "S": 3.7439069669854175
  },
  "PPR": {
    "R": 3.2703547506498234,
    "P": 3.5348101648840276,
    "S": 1.7976999566458378
  },
  "PPP": {
    "R": 0.5915619200000001,
    "P": 3.2305624751593616,
    "S": 2.2963403636139743
  },
  "PPS": {
    "R": 0,
    "P": 5.3908172069045825,
    "S": 4.400648896069498
  },
  "PSR": {
    "R": 3.4658328514381216,
    "P": 3.286757122814916,
    "S": 0
  },
  "PSP": {
    "R": 0,
    "P": 5.1114092666916,
    "S": 3.8159789052225834
  },
  "PSS": {
    "R": 0.7328803091584001,
    "P": 4.487288860782941,
    "S": 5.179077726484112
  },
  "SRR": {
    "R": 0,
    "P": 1.6823034668974757,
    "S": 3.6473512813379707
  },
  "SRP": {
    "R": 0,
    "P": 0,
    "S": 3.791998470670558
  },
  "SRS": {
    "R": 0,
    "P": 0,
    "S": 3.242647177772373
  },
  "SPR": {
    "R": 2.1557538840564314,
    "P": 0,
    "S": 0
  },
  "SPP": {
    "R": 3.8305384912135354,
    "P": 3.065117366088345,
    "S": 5.287400969050598
  },
  "SPS": {
    "R": 2.8555868774440816,
    "P": 0,
    "S": 5.243755297750376
  },
  "SSR": {
    "R": 3.5058224372301217,
    "P": 3.111653004249738,
    "S": 1.7208538574458376
  },
  "SSP": {
    "R": 0.296,
    "P": 4.324187525764863,
    "S": 3.1696043193669783
  },
  "SSS": {
    "R": 3.8723439895845004,
    "P": 4.264465710096267,
    "S": 5.6064101669923225
  }
}