{
  "RRR": {
    "R": 0.35065048000000004,
    "P": 0.9586411586015099,
    "S": 0.8693643507476563
  },
  "RRP": {
    "R": 0.7093135722817391,
    "P": 0.5112499380823494,
    "S": 0.8761121632144749
  },
  "RRS": {
    "R": 0.079465048,
    "P": 0.8279792889169533,
    "S": 1.0708561171180433
  },
  "RPR": {
    "R": 1.039636156364515,
    "P": 0.8602523591530887,
    "S": 1.1913283885438344
  },
  "RPP": {
    "R": 0.9478897116476478,
    "P": 0,
    "S": 0.5920624195449675
  },
  "RPS": {
    "R": 1.0928090185973918,
    "P": 0.5835901788305641,
    "S": 0.706900198386149
  },
  "RSR": {
    "R": 0.0074,
    "P": 0.9989041868063147,
    "S": 0.6535677520471763
  },
  "RSP": {
    "R": 0.9983590061319872,
    "P": 0.6833633128351363,
    "S": 0.7203315941571702
  },
  "RSS": {
    "R": 0.8090261391604174,
    "P": 1.2089368471688302,
    "S": 1.0980349388872432
  },
  "PRR": {
    "R": 0.858822987891285,
    "P": 0.9580852043769232,
    "S": 1.0902769602837363
  },
  "PRP": {
    "R": 0.9409120663773047,
    "P": 0.7970128372823494,
    "S": 1.2416865108540813
  },
  "PRS": {
    "R": 1.221122267644391,
    "P": 1.040324716311488,
    "S": 0.992625952009017
  },
  "PPR": {
    "R": 1.1451897108598803,
    "P": 0.61291844317324,
    "S": 0.951761954529772
  },
  "PPP": {
    "R": 0,
    "P": 0,
    "S": 0.6350443843511071
  },
  "PPS": {
    "R": 0.699476528905615,
    "P": 0.45908625947991544,
    "S": 0.301465048
  },
  "PSR": {
    "R": 0.6613241847782483,
    "P": 0.9274087488432528,
    "S": 0.9231529543939186
  },
  "PSP": {
    "R": 0.11662007728960003,
    "P": 0.7567707220941758,
    "S": 0.4965037475084017
  },
  "PSS": {
    "R": 0.0074,
    "P": 0.5037905263787679,
    "S": 0.2555241608571077
  },
  "SRR": {
    "R": 0.12865048,
    "P": 0,
    "S": 0.7134425619084017
  },
  "SRP": {
    "R": 0.9980572057956174,
    "P": 0.8270662383552663,
    "S": 0.8172916584516967
  },
  "SRS": {
    "R": 0.8556328562418806,
    "P": 0.7471216362297778,
    "S": 0.7388631766106375
  },
  "SPR": {
    "R": 0.5978069769062667,
    "P": 1.225883358614305,
    "S": 1.0006427857423008
  },
  "SPP": {
    "R": 0.6382726339717363,
    "P": 0.296,
    "S": 0.3648838387336896
  },
  "SPS": {
    "R": 0.8398377976463984,
    "P": 0,
    "S": 0.8018558787412476
  },
  "SSR": {
    "R": 0.6008916008205928,
    "P": 0.5183166725447647,
    "S": 0.8302718930952717
  },
  "SSP": {
    "R": 1.006574816518048,
    "P": 0.4762645115727019,
    "S": 0.4540438099584
  },
  "SSS": {
    "R": 0.5678768994485298,
    "P": 1.0240551174942802,
    "S": 1.017293646606122
  }
}