{
  "RRR": {
    "R": 0.0017370799545948581,
    "P": 0,
    "S": 0
  },
  "RRP": {
    "R": 0,
    "P": 0.05550205166807122,
    "S": 0
  },
  "RRS": {
    "R": 0,
    "P": 0,
    "S": 0.0019164330817140448
  },
  "RPR": {
    "R": 0.002095721649455213,
    "P": 0,
    "S": 0
  },
  "RPP": {
    "R": 0,
    "P": 0.05995962197378906,
    "S": 0
  },
  "RPS": {
    "R": 0,
    "P": 0,
    "S": 0.002513810707125508
  },
  "RSR": {
    "R": 0.0027525610986178384,
    "P": 0,
    "S": 0
  },
  "RSP": {
    "R": 0,
    "P": 0.001856655880419699,
    "S": 0
  },
  "RSS": {
    "R": 0,
    "P": 0,
    "S": 0.002394392526852708
  },
  "PRR": {
    "R": 0.001856655880419699,
    "P": 0,
    "S": 0
  },
  "PRP": {
    "R": 0,
    "P": 0.002215211506437728,
    "S": 0
  },
  "PRS": {
    "R": 0,
    "P": 0,
    "S": 0.002334672687575221
  },
  "PPR": {
    "R": 0.002155470162857275,
    "P": 0,
    "S": 0
  },
  "PPP": {
    "R": 0,
    "P": 0.0019164330817140448,
    "S": 0
  },
  "PPS": {
    "R": 0,
    "P": 0,
    "S": 0.05857773909868845
  },
  "PSR": {
    "R": 0.05101129248593996,
    "P": 0,
    "S": 0
  },
  "PSP": {
    "R": 0,
    "P": 0.002155470162857275,
    "S": 0
  },
  "PSS": {
    "R": 0,
    "P": 0,
    "S": 0.009979665743926726
  },
  "SRR": {
    "R": 0.05660041938518841,
    "P": 0,
    "S": 0
  },
  "SRP": {
    "R": 0,
    "P": 0.002573509049840649,
    "S": 0
  },
  "SRS": {
    "R": 0,
    "P": 0,
    "S": 0.0027525610986178384
  },
  "SPR": {
    "R": 0.002155470162857275,
    "P": 0,
    "S": 0
  },
  "SPP": {
    "R": 0,
    "P": 0.0017968715050003029,
    "S": 0
  },
  "SPS": {
    "R": 0,
    "P": 0,
    "S": 0.0024541051997494815
  },
  "SSR": {
    "R": 0.009979665743926726,
    "P": 0,
    "S": 0
  },
  "SSP": {
    "R": 0,
    "P": 0.002394392526852708,
    "S": 0
  },
  "SSS": {
    "R": 0,
    "P": 0,
    "S": 0.0032893306317224404
  }
}