{
  "RRR": {
    "R": 1.5597330240280756,
    "P": 0.8521083737304775,
    "S": 0.51460192
  },
  "RRP": {
    "R": 3.1348969821471067,
    "P": 1.772928921217402,
    "S": 0
  },
  "RRS": {
    "R": 3.371269653825889,
    "P": 2.399170016729601,
    "S": 1.7527213397615813
  },
  "RPR": {
    "R": 2.8126287876876264,
    "P": 2.338580935564099,
    "S": 0
  },
  "RPP": {
    "R": 3.3318854969763887,
    "P": 0,
    "S": 2.022159788644609
  },
  "RPS": {
    "R": 3.4282438377127695,
    "P": 1.4121127835892604,
    "S": 2.21769184797918
  },
  "RSR": {
    "R": 2.990378115931909,
    "P": 1.196195318662326,
    "S": 0
  },
  "RSP": {
    "R": 1.1091200744365206,
    "P": 2.1466297222840685,
    "S": 0
  },
  "RSS": {
    "R": 0.51460192,
    "P": 2.0705308490262473,
    "S": 0.9508356463008457
  },
  "PRR": {
    "R": 1.4264564231345656,
    "P": 2.9823450087532617,
    "S": 2.621790973288949
  },
  "PRP": {
    "R": 1.3864398675621112,
    "P": 3.4731163107477827,
    "S": 1.9226100703755047
  },
  "PRS": {
    "R": 0,
    "P": 0.296,
    "S": 1.825128442622864
  },
  "PPR": {
    "R": 3.2703547506498234,
    "P": 3.5348101648840276,
    "S": 0.5915619200000001
  },
  "PPP": {
    "R": 0.5915619200000001,
    "P": 3.2305624751593616,
    "S": 2.2963403636139743
  },
  "PPS": {
    "R": 0,
    "P": 1.5140203147042555,
    "S": 3.108646196221927
  },
  "PSR": {
    "R": 3.4658328514381216,
    "P": 3.286757122814916,
    "S": 0
  },
  "PSP": {
    "R": 0,
    "P": 2.952584079182127,
    "S": 1.2708332586645918
  },
  "PSS": {
    "R": 0.7328803091584001,
    "P": 3.4131640516642,
    "S": 2.744755835348464
  },
  "SRR": {
    "R": 0,
    "P": 1.6823034668974757,
    "S": 3.6473512813379707
  },
  "SRP": {
    "R": 0,
    "P": 0,
    "S": 3.7083531986266283
  },
  "SRS": {
    "R": 0,
    "P": 0,
    "S": 0
  },
  "SPR": {
    "R": 2.1557538840564314,
    "P": 0,
    "S": 0
  },
  "SPP": {
    "R": 3.5538864932437835,
    "P": 3.065117366088345,
    "S": 2.796880405342139
  },
  "SPS": {
    "R": 2.8555868774440816,
    "P": 0,
    "S": 2.726555430862707
  },
  "SSR": {
    "R": 3.5058224372301217,
    "P": 0.296,
    "S": 0
  },
  "SSP": {
    "R": 0.296,
    "P": 3.2391935713120708,
    "S": 2.9411396101422116
  },
  "SSS": {
    "R": 2.3929617498453672,
    "P": 2.571308208171592,
    "S": 2.7392913570543573
  }
}