{
  "RRR": {
    "R": 7.70821698784468,
    "P": 7.869656034508858,
    "S": 7.991023184639969
  },
  "RRP": {
    "R": 8.734558238595158,
    "P": 7.998711165877852,
    "S": 7.724062775819701
  },
  "RRS": {
    "R": 8.31031365596122,
    "P": 7.9425876028269355,
    "S": 7.950783906564096
  },
  "RPR": {
    "R": 8.352249404482386,
    "P": 8.249162220128003,
    "S": 8.701144228017748
  },
  "RPP": {
    "R": 8.2658184504941,
    "P": 8.38779905307909,
    "S": 8.33536121770816
  },
  "RPS": {
    "R": 7.786671751642702,
    "P": 8.252272162429822,
    "S": 7.806988192620688
  },
  "RSR": {
    "R": 8.07321220919425,
    "P": 8.006156796573922,
    "S": 8.526841350085387
  },
  "RSP": {
    "R": 8.749861320341804,
    "P": 8.049606551305779,
    "S": 8.91634031680792
  },
  "RSS": {
    "R": 8.387775830816938,
    "P": 8.019360657347647,
    "S": 7.52242419518337
  },
  "PRR": {
    "R": 7.710956443488724,
    "P": 8.555611217610835,
    "S": 8.086843736125731
  },
  "PRP": {
    "R": 8.607436649781928,
    "P": 8.42444660283356,
    "S": 8.234454954046784
  },
  "PRS": {
    "R": 8.681431119874281,
    "P": 8.790154278156834,
    "S": 8.161610006546725
  },
  "PPR": {
    "R": 8.276756236400121,
    "P": 7.183689558998748,
    "S": 8.326206158083567
  },
  "PPP": {
    "R": 8.27945760278026,
    "P": 8.694321561814549,
    "S": 8.13526832326042
  },
  "PPS": {
    "R": 8.54624628511498,
    "P": 7.7650187621345825,
    "S": 8.23574265449828
  },
  "PSR": {
    "R": 7.959548301283558,
    "P": 8.499188864676903,
    "S": 8.313832099601909
  },
  "PSP": {
    "R": 8.556770125544107,
    "P": 8.131856118813355,
    "S": 8.793044723668126
  },
  "PSS": {
    "R": 8.28295435356137,
    "P": 8.659245425561997,
    "S": 8.468110504829045
  },
  "SRR": {
    "R": 7.888601469885977,
    "P": 8.486194657479775,
    "S": 7.987513430763218
  },
  "SRP": {
    "R": 8.908142723547446,
    "P": 8.470806908316693,
    "S": 8.401458113992822
  },
  "SRS": {
    "R": 8.261061449477964,
    "P": 8.747835724560856,
    "S": 7.8241463287850035
  },
  "SPR": {
    "R": 8.015723241068564,
    "P": 8.876967628980449,
    "S": 8.714209782416383
  },
  "SPP": {
    "R": 8.274514318995706,
    "P": 8.197087146912322,
    "S": 7.529861480028888
  },
  "SPS": {
    "R": 8.587082484518875,
    "P": 8.549192404435988,
    "S": 8.505095712734397
  },
  "SSR": {
    "R": 8.275474710309474,
    "P": 8.033893259331725,
    "S": 8.466724202808317
  },
  "SSP": {
    "R": 7.114863077891682,
    "P": 8.34008978921345,
    "S": 8.16979576519283
  },
  "SSS": {
    "R": 8.560183901934856,
    "P": 8.255168840852262,
    "S": 8.31228501706275
  }
}