{
  "RRR": {
    "R": 7.70821698784468,
    "P": 7.869656034508858,
    "S": 7.991023184639969
  },
  "RRP": {
    "R": 10.411385506217512,
    "P": 7.998711165877852,
    "S": 7.724062775819701
  },
  "RRS": {
    "R": 9.71551866075068,
    "P": 7.9425876028269355,
    "S": 7.950783906564096
  },
  "RPR": {
    "R": 8.873035811322316,
    "P": 8.249162220128003,
    "S": 10.621977596491352
  },
  "RPP": {
    "R": 9.010946976716093,
    "P": 8.38779905307909,
    "S": 9.969090514972786
  },
  "RPS": {
    "R": 7.786671751642702,
    "P": 8.252272162429822,
    "S": 7.806988192620688
  },
  "RSR": {
    "R": 10.163983314529794,
    "P": 8.006156796573922,
    "S": 10.391026830602407
  },
  "RSP": {
    "R": 10.673456319319456,
    "P": 8.049606551305779,
    "S": 10.805814720803676
  },
  "RSS": {
    "R": 9.758543986578939,
    "P": 8.019360657347647,
    "S": 7.52242419518337
  },
  "PRR": {
    "R": 7.710956443488724,
    "P": 9.551972196159188,
    "S": 8.086843736125731
  },
  "PRP": {
    "R": 10.179143716185786,
    "P": 9.944908439757924,
    "S": 8.234454954046784
  },
  "PRS": {
    "R": 10.678294336639821,
    "P": 10.571330612458313,
    "S": 8.161610006546725
  },
  "PPR": {
    "R": 8.276756236400121,
    "P": 9.527063392975432,
    "S": 8.326206158083567
  },
  "PPP": {
    "R": 8.27945760278026,
    "P": 8.694321561814549,
    "S": 8.13526832326042
  },
  "PPS": {
    "R": 8.50624499447108,
    "P": 10.345724601139652,
    "S": 8.829235994854134
  },
  "PSR": {
    "R": 7.959548301283558,
    "P": 9.084630669010254,
    "S": 8.783855956121105
  },
  "PSP": {
    "R": 10.563291557155766,
    "P": 9.300331385806444,
    "S": 8.658616959431232
  },
  "PSS": {
    "R": 10.332285383836798,
    "P": 9.297436074735078,
    "S": 8.468110504829045
  },
  "SRR": {
    "R": 7.888601469885977,
    "P": 10.178096271196795,
    "S": 9.004898077687978
  },
  "SRP": {
    "R": 8.908142723547446,
    "P": 8.599840927673247,
    "S": 8.401458113992822
  },
  "SRS": {
    "R": 8.74111885072933,
    "P": 10.703102095988232,
    "S": 9.072025690109044
  },
  "SPR": {
    "R": 8.015723241068564,
    "P": 10.53460841441248,
    "S": 10.657042933722497
  },
  "SPP": {
    "R": 8.274514318995706,
    "P": 8.197087146912322,
    "S": 9.978353705028573
  },
  "SPS": {
    "R": 8.793694746689464,
    "P": 10.574054410198872,
    "S": 10.25265020891479
  },
  "SSR": {
    "R": 8.666525004533492,
    "P": 8.033893259331725,
    "S": 10.420895472230795
  },
  "SSP": {
    "R": 7.114863077891682,
    "P": 8.34008978921345,
    "S": 9.937380153807387
  },
  "SSS": {
    "R": 8.560183901934856,
    "P": 8.255168840852262,
    "S": 8.31228501706275
  }
}