{
  "RRR": {
    "R": 7.70821698784468,
    "P": 7.869656034508858,
    "S": 7.991023184639969
  },
  "RRP": {
    "R": 9.028231497937435,
    "P": 7.998711165877852,
    "S": 7.724062775819701
  },
  "RRS": {
    "R": 8.59454263502506,
    "P": 7.9425876028269355,
    "S": 7.950783906564096
  },
  "RPR": {
    "R": 8.352249404482386,
    "P": 8.249162220128003,
    "S": 9.320150201187003
  },
  "RPP": {
    "R": 8.2658184504941,
    "P": 8.38779905307909,
    "S": 9.085134990011692
  },
  "RPS": {
    "R": 7.786671751642702,
    "P": 8.252272162429822,
    "S": 7.806988192620688
  },
  "RSR": {
    "R": 8.837879194481518,
    "P": 8.006156796573922,
    "S": 9.13453956206146
  },
  "RSP": {
    "R": 9.499784404723801,
    "P": 8.049606551305779,
    "S": 9.379660681705786
  },
  "RSS": {
    "R": 8.5905992498173,
    "P": 8.019360657347647,
    "S": 7.52242419518337
  },
  "PRR": {
    "R": 7.710956443488724,
    "P": 8.555611217610835,
    "S": 8.086843736125731
  },
  "PRP": {
    "R": 8.887701959363714,
    "P": 8.989214604178066,
    "S": 8.234454954046784
  },
  "PRS": {
    "R": 9.41174243321568,
    "P": 9.48593572608776,
    "S": 8.161610006546725
  },
  "PPR": {
    "R": 8.276756236400121,
    "P": 7.183689558998748,
    "S": 8.326206158083567
  },
  "PPP": {
    "R": 8.27945760278026,
    "P": 8.694321561814549,
    "S": 8.13526832326042
  },
  "PPS": {
    "R": 8.50624499447108,
    "P": 9.24839053009852,
    "S": 8.829235994854134
  },
  "PSR": {
    "R": 7.959548301283558,
    "P": 9.084630669010254,
    "S": 8.783855956121105
  },
  "PSP": {
    "R": 9.382359307103636,
    "P": 8.299176905756182,
    "S": 8.658616959431232
  },
  "PSS": {
    "R": 8.991379255913232,
    "P": 8.745698012874369,
    "S": 8.468110504829045
  },
  "SRR": {
    "R": 7.888601469885977,
    "P": 8.862520735698357,
    "S": 8.288086333198915
  },
  "SRP": {
    "R": 8.908142723547446,
    "P": 8.599840927673247,
    "S": 8.401458113992822
  },
  "SRS": {
    "R": 8.74111885072933,
    "P": 9.464797241864767,
    "S": 8.302818252059025
  },
  "SPR": {
    "R": 8.015723241068564,
    "P": 9.262654625741833,
    "S": 9.480366392512835
  },
  "SPP": {
    "R": 8.274514318995706,
    "P": 8.197087146912322,
    "S": 8.933808032434566
  },
  "SPS": {
    "R": 8.793694746689464,
    "P": 9.3425032565423,
    "S": 8.925695832646824
  },
  "SSR": {
    "R": 8.666525004533492,
    "P": 8.033893259331725,
    "S": 9.143169256344509
  },
  "SSP": {
    "R": 7.114863077891682,
    "P": 8.34008978921345,
    "S": 8.878424154979712
  },
  "SSS": {
    "R": 8.560183901934856,
    "P": 8.255168840852262,
    "S": 8.31228501706275
  }
}