{
  "RRR": {
    "R": 7.70821698784468,
    "P": 7.869656034508858,
    "S": 7.991023184639969
  },
  "RRP": {
    "R": 7.968016080716099,
    "P": 7.971253373108623,
    "S": 7.724062775819701
  },
  "RRS": {
    "R": 7.96648627797394,
    "P": 7.9425876028269355,
    "S": 7.950783906564096
  },
  "RPR": {
    "R": 7.92011921159066,
    "P": 7.957516786727832,
    "S": 7.4268623608046616
  },
  "RPP": {
    "R": 7.802437760115225,
    "P": 8.014387273018484,
    "S": 7.697762581104669
  },
  "RPS": {
    "R": 7.786671751642702,
    "P": 8.164575815122628,
    "S": 7.930833087386976
  },
  "RSR": {
    "R": 7.881278788315315,
    "P": 7.987174311615766,
    "S": 7.850575676676624
  },
  "RSP": {
    "R": 6.246721198916612,
    "P": 8.049606551305779,
    "S": 4.519550882631155
  },
  "RSS": {
    "R": 8.182810279072845,
    "P": 8.019360657347647,
    "S": 7.52242419518337
  },
  "PRR": {
    "R": 7.710956443488724,
    "P": 8.072639278823562,
    "S": 8.047256220419802
  },
  "PRP": {
    "R": 7.389883685924249,
    "P": 7.500098979010816,
    "S": 8.175588239740927
  },
  "PRS": {
    "R": 5.941978311590157,
    "P": 4.828418981742197,
    "S": 7.86323445863788
  },
  "PPR": {
    "R": 8.044717316882604,
    "P": 7.183689558998748,
    "S": 5.917313156073776
  },
  "PPP": {
    "R": 7.809122722765614,
    "P": 8.123826748370558,
    "S": 7.6115679156167255
  },
  "PPS": {
    "R": 7.478625916580507,
    "P": 7.7650187621345825,
    "S": 7.647262407004341
  },
  "PSR": {
    "R": 6.976836533352949,
    "P": 7.859704749614789,
    "S": 7.1845991806681955
  },
  "PSP": {
    "R": 7.533113262647435,
    "P": 8.131856118813355,
    "S": 7.537819269910455
  },
  "PSS": {
    "R": 7.181813661217419,
    "P": 7.573275926894245,
    "S": 7.59067046601479
  },
  "SRR": {
    "R": 7.888601469885977,
    "P": 6.962496612461094,
    "S": 7.987513430763218
  },
  "SRP": {
    "R": 7.9978809661005155,
    "P": 7.635213847989137,
    "S": 7.983675319263301
  },
  "SRS": {
    "R": 7.990818868255703,
    "P": 5.6626830104752,
    "S": 7.8241463287850035
  },
  "SPR": {
    "R": 8.015723241068564,
    "P": 6.469109523153424,
    "S": 5.3796362639509105
  },
  "SPP": {
    "R": 8.286785781882648,
    "P": 8.167225448868072,
    "S": 7.529861480028888
  },
  "SPS": {
    "R": 7.4481218227981225,
    "P": 5.2469921023475345,
    "S": 7.613602099565848
  },
  "SSR": {
    "R": 7.859074514290169,
    "P": 7.353106276763259,
    "S": 7.532275278106388
  },
  "SSP": {
    "R": 7.114863077891682,
    "P": 8.055975211717787,
    "S": 7.585371577519425
  },
  "SSS": {
    "R": 7.73591824491099,
    "P": 7.406197201315588,
    "S": 7.494874640326467
  }
}