{
  "RRR": {
    "R": 0.35065048000000004,
    "P": 1.0904066050787458,
    "S": 0.8693643507476563
  },
  "RRP": {
    "R": 0.7093135722817391,
    "P": 1.000965238220353,
    "S": 1.1088504788503093
  },
  "RRS": {
    "R": 0.8362829152250608,
    "P": 0.8279792889169533,
    "S": 1.0708561171180433
  },
  "RPR": {
    "R": 1.039636156364515,
    "P": 0.8602523591530887,
    "S": 1.1913283885438344
  },
  "RPP": {
    "R": 1.0995968302926273,
    "P": 0.8096173302847589,
    "S": 0.5920624195449675
  },
  "RPS": {
    "R": 1.0262365454783782,
    "P": 0.7246313961108528,
    "S": 0.706900198386149
  },
  "RSR": {
    "R": 0.0074,
    "P": 1.005577284634573,
    "S": 0.6535677520471763
  },
  "RSP": {
    "R": 0.9983590061319872,
    "P": 0.6833633128351363,
    "S": 0.7203315941571702
  },
  "RSS": {
    "R": 0.8090261391604174,
    "P": 1.2089368471688302,
    "S": 1.0980349388872432
  },
  "PRR": {
    "R": 0.858822987891285,
    "P": 0.9580852043769232,
    "S": 1.0794960336288424
  },
  "PRP": {
    "R": 0.9409120663773047,
    "P": 0.7970128372823494,
    "S": 1.2416865108540813
  },
  "PRS": {
    "R": 1.221122267644391,
    "P": 1.040324716311488,
    "S": 0.992625952009017
  },
  "PPR": {
    "R": 1.1103406655323138,
    "P": 0.61291844317324,
    "S": 0.951761954529772
  },
  "PPP": {
    "R": 0,
    "P": 0.8049059684432436,
    "S": 1.1256820850275584
  },
  "PPS": {
    "R": 1.1627738067111788,
    "P": 0.7522527411457687,
    "S": 1.1629373881374139
  },
  "PSR": {
    "R": 1.1004076152900184,
    "P": 0.9274087488432528,
    "S": 0.9231529543939186
  },
  "PSP": {
    "R": 0.11662007728960003,
    "P": 0.6703639632948802,
    "S": 0.4965037475084017
  },
  "PSS": {
    "R": 0.91109639848872,
    "P": 0.9483611703533885,
    "S": 0.2555241608571077
  },
  "SRR": {
    "R": 1.037424793250387,
    "P": 1.1297599038423531,
    "S": 0.7134425619084017
  },
  "SRP": {
    "R": 0.9980572057956174,
    "P": 0.9890727318183901,
    "S": 1.266392044764133
  },
  "SRS": {
    "R": 0.9675752626630884,
    "P": 0.7471216362297778,
    "S": 0.7388631766106375
  },
  "SPR": {
    "R": 1.250302162678047,
    "P": 1.225883358614305,
    "S": 1.0006427857423008
  },
  "SPP": {
    "R": 0.6382726339717363,
    "P": 0.6598659684432435,
    "S": 1.027601509803099
  },
  "SPS": {
    "R": 0.8398377976463984,
    "P": 0,
    "S": 0.8018558787412476
  },
  "SSR": {
    "R": 0.6008916008205928,
    "P": 0.5183166725447647,
    "S": 0.8551726691965242
  },
  "SSP": {
    "R": 1.174448830298529,
    "P": 0.4762645115727019,
    "S": 0.4540438099584
  },
  "SSS": {
    "R": 0.5678768994485298,
    "P": 1.0240551174942802,
    "S": 1.017293646606122
  }
}