{
  "RRR": {
    "R": 1.491080843059414,
    "P": 3.7683907988429715,
    "S": 4.153799379125926
  },
  "RRP": {
    "R": 5.33789540694171,
    "P": 4.152538674814442,
    "S": 1.309793184510121
  },
  "RRS": {
    "R": 4.142051852512693,
    "P": 2.8058332805375823,
    "S": 2.86156576741023
  },
  "RPR": {
    "R": 5.403183576347233,
    "P": 4.614129507471803,
    "S": 0
  },
  "RPP": {
    "R": 5.222714594145017,
    "P": 3.957014655642176,
    "S": 0
  },
  "RPS": {
    "R": 1.601222906947595,
    "P": 1.673337464808158,
    "S": 1.5357844282922173
  },
  "RSR": {
    "R": 3.810602318403109,
    "P": 3.039512304966052,
    "S": 3.2010802078012732
  },
  "RSP": {
    "R": 2.797415992357701,
    "P": 2.681395787455533,
    "S": 0
  },
  "RSS": {
    "R": 2.4695620110682857,
    "P": 1.4437995728617554,
    "S": 3.625266749847876
  },
  "PRR": {
    "R": 0,
    "P": 5.220248112678647,
    "S": 3.1263483596826767
  },
  "PRP": {
    "R": 0,
    "P": 4.93901370997842,
    "S": 2.031300234224146
  },
  "PRS": {
    "R": 0.7952718745304777,
    "P": 0,
    "S": 2.724633886452378
  },
  "PPR": {
    "R": 5.287500054361751,
    "P": 4.054739129893263,
    "S": 1.292684649253776
  },
  "PPP": {
    "R": 3.2476802096028328,
    "P": 3.5862726051423355,
    "S": 1.2942468284376552
  },
  "PPS": {
    "R": 0.5915619200000001,
    "P": 2.3353890353534434,
    "S": 1.1964721866082577
  },
  "PSR": {
    "R": 2.8278739040869425,
    "P": 1.620554393802185,
    "S": 0
  },
  "PSP": {
    "R": 0,
    "P": 3.4197999797701835,
    "S": 2.5043030377313755
  },
  "PSS": {
    "R": 1.6078455653573245,
    "P": 1.2838539237235762,
    "S": 1.4156856775825404
  },
  "SRR": {
    "R": 4.141442163084906,
    "P": 0,
    "S": 3.622685867924868
  },
  "SRP": {
    "R": 3.929007482060296,
    "P": 3.2496042931504685,
    "S": 1.6893170040109748
  },
  "SRS": {
    "R": 2.906253929100334,
    "P": 1.2977153617469213,
    "S": 2.7953540590120896
  },
  "SPR": {
    "R": 2.3653564443206427,
    "P": 1.180041001071807,
    "S": 2.7433451030097036
  },
  "SPP": {
    "R": 1.0550901990052297,
    "P": 3.807525439036199,
    "S": 1.5304893808378726
  },
  "SPS": {
    "R": 0,
    "P": 2.596356048912512,
    "S": 0
  },
  "SSR": {
    "R": 4.306087698748732,
    "P": 2.0054367907486514,
    "S": 1.9801542665042402
  },
  "SSP": {
    "R": 0,
    "P": 1.5541888816304978,
    "S": 0.296
  },
  "SSS": {
    "R": 4.405571542250731,
    "P": 0.6803502420896,
    "S": 2.8020820989769106
  }
}