{
  "RRR": {
    "R": 45.88030409013952,
    "P": 17.162669587533376,
    "S": 45.92349297816493
  },
  "RRP": {
    "R": 17.51930853451988,
    "P": 15.34016690655675,
    "S": 14.630429038675489
  },
  "RRS": {
    "R": 16.03024083630638,
    "P": 17.60217434505136,
    "S": 46.82265198428739
  },
  "RPR": {
    "R": 15.718834438278291,
    "P": 15.765780154513951,
    "S": 18.448256389916303
  },
  "RPP": {
    "R": 17.52954311084362,
    "P": 17.022707203133276,
    "S": 16.96570171424471
  },
  "RPS": {
    "R": 16.64627171127914,
    "P": 15.194539103632309,
    "S": 17.470737089676042
  },
  "RSR": {
    "R": 16.06638547957758,
    "P": 15.70736535586768,
    "S": 16.328648117386813
  },
  "RSP": {
    "R": 84.84520604766784,
    "P": 16.99814424695534,
    "S": 15.078830842406113
  },
  "RSS": {
    "R": 18.177043069747786,
    "P": 16.301554222721055,
    "S": 46.83336936145854
  },
  "PRR": {
    "R": 45.26139266462226,
    "P": 15.408223345468805,
    "S": 17.54410850827194
  },
  "PRP": {
    "R": 15.791762430840038,
    "P": 17.41769039338225,
    "S": 15.604444374836277
  },
  "PRS": {
    "R": 15.56734184164216,
    "P": 84.76972933255409,
    "S": 18.29445305049433
  },
  "PPR": {
    "R": 44.63840899022384,
    "P": 17.310302705817175,
    "S": 18.1987328152491
  },
  "PPP": {
    "R": 44.00167481025419,
    "P": 44.959934363006184,
    "S": 18.506849669111638
  },
  "PPS": {
    "R": 14.35787278360403,
    "P": 18.764230813866426,
    "S": 17.959758053191216
  },
  "PSR": {
    "R": 15.560175282185627,
    "P": 15.07854273599338,
    "S": 18.37168993619779
  },
  "PSP": {
    "R": 18.711656745532242,
    "P": 16.718834120210783,
    "S": 18.452802964692594
  },
  "PSS": {
    "R": 17.970847319381086,
    "P": 17.94979419179614,
    "S": 17.323839117350307
  },
  "SRR": {
    "R": 14.851179636920387,
    "P": 16.427961547666463,
    "S": 15.451021099572362
  },
  "SRP": {
    "R": 14.774188140688697,
    "P": 17.136095405052604,
    "S": 16.68886765912764
  },
  "SRS": {
    "R": 14.608392689183127,
    "P": 18.322801855489413,
    "S": 16.890734423030366
  },
  "SPR": {
    "R": 17.60714602445369,
    "P": 16.30690358050841,
    "S": 84.92063332495167
  },
  "SPP": {
    "R": 16.63921021814651,
    "P": 44.337420619777106,
    "S": 18.25806782034335
  },
  "SPS": {
    "R": 17.832351042931464,
    "P": 18.661756872500135,
    "S": 14.534019659864033
  },
  "SSR": {
    "R": 16.35406222897876,
    "P": 15.871361261183262,
    "S": 18.43390987197283
  },
  "SSP": {
    "R": 17.74708251776326,
    "P": 43.71240737192698,
    "S": 17.936739608121464
  },
  "SSS": {
    "R": 16.467764372223048,
    "P": 43.084884583495274,
    "S": 47.750783170515774
  }
}