{
  "RRR": {
    "R": 7.70821698784468,
    "P": 7.869656034508858,
    "S": 7.991023184639969
  },
  "RRP": {
    "R": 9.588242785106063,
    "P": 7.998711165877852,
    "S": 7.724062775819701
  },
  "RRS": {
    "R": 9.073688753982108,
    "P": 7.9425876028269355,
    "S": 7.950783906564096
  },
  "RPR": {
    "R": 8.564074841595374,
    "P": 8.249162220128003,
    "S": 9.871766419179416
  },
  "RPP": {
    "R": 8.786986968271377,
    "P": 8.38779905307909,
    "S": 9.297856675818235
  },
  "RPS": {
    "R": 7.786671751642702,
    "P": 8.252272162429822,
    "S": 7.806988192620688
  },
  "RSR": {
    "R": 9.346383006094316,
    "P": 8.006156796573922,
    "S": 9.752848469674642
  },
  "RSP": {
    "R": 9.805077340793366,
    "P": 8.049606551305779,
    "S": 9.700553198410551
  },
  "RSS": {
    "R": 9.164260335801785,
    "P": 8.019360657347647,
    "S": 7.52242419518337
  },
  "PRR": {
    "R": 7.710956443488724,
    "P": 8.899388442435573,
    "S": 8.086843736125731
  },
  "PRP": {
    "R": 9.515365432598184,
    "P": 9.245056127712344,
    "S": 8.234454954046784
  },
  "PRS": {
    "R": 9.799044438878322,
    "P": 9.808226776022956,
    "S": 8.161610006546725
  },
  "PPR": {
    "R": 8.276756236400121,
    "P": 9.007650930192188,
    "S": 8.326206158083567
  },
  "PPP": {
    "R": 8.27945760278026,
    "P": 8.694321561814549,
    "S": 8.13526832326042
  },
  "PPS": {
    "R": 8.50624499447108,
    "P": 9.55195358526717,
    "S": 8.829235994854134
  },
  "PSR": {
    "R": 7.959548301283558,
    "P": 9.084630669010254,
    "S": 8.783855956121105
  },
  "PSP": {
    "R": 9.754082034980058,
    "P": 8.299176905756182,
    "S": 8.658616959431232
  },
  "PSS": {
    "R": 9.405191227086709,
    "P": 8.745698012874369,
    "S": 8.468110504829045
  },
  "SRR": {
    "R": 7.888601469885977,
    "P": 9.457244411945284,
    "S": 8.576144073450426
  },
  "SRP": {
    "R": 8.908142723547446,
    "P": 8.599840927673247,
    "S": 8.401458113992822
  },
  "SRS": {
    "R": 8.74111885072933,
    "P": 9.779294324895233,
    "S": 8.577062103510418
  },
  "SPR": {
    "R": 8.015723241068564,
    "P": 9.805417092346772,
    "S": 9.801929981780045
  },
  "SPP": {
    "R": 8.274514318995706,
    "P": 8.197087146912322,
    "S": 8.933808032434566
  },
  "SPS": {
    "R": 8.793694746689464,
    "P": 9.3425032565423,
    "S": 9.14183737252008
  },
  "SSR": {
    "R": 8.666525004533492,
    "P": 8.033893259331725,
    "S": 9.659354260609522
  },
  "SSP": {
    "R": 7.114863077891682,
    "P": 8.34008978921345,
    "S": 8.878424154979712
  },
  "SSS": {
    "R": 8.560183901934856,
    "P": 8.255168840852262,
    "S": 8.31228501706275
  }
}