{
  "RRR": {
    "R": 7.70821698784468,
    "P": 7.869656034508858,
    "S": 7.991023184639969
  },
  "RRP": {
    "R": 7.968016080716099,
    "P": 7.998711165877852,
    "S": 7.724062775819701
  },
  "RRS": {
    "R": 7.96648627797394,
    "P": 7.9425876028269355,
    "S": 7.950783906564096
  },
  "RPR": {
    "R": 7.92011921159066,
    "P": 8.20807391001645,
    "S": 8.042553518900515
  },
  "RPP": {
    "R": 7.802437760115225,
    "P": 8.014387273018484,
    "S": 7.697762581104669
  },
  "RPS": {
    "R": 7.786671751642702,
    "P": 8.164575815122628,
    "S": 7.930833087386976
  },
  "RSR": {
    "R": 8.022070903849233,
    "P": 8.006156796573922,
    "S": 8.039377462824481
  },
  "RSP": {
    "R": 6.246721198916612,
    "P": 8.049606551305779,
    "S": 7.967784972118048
  },
  "RSS": {
    "R": 8.182810279072845,
    "P": 8.019360657347647,
    "S": 7.52242419518337
  },
  "PRR": {
    "R": 7.710956443488724,
    "P": 8.072639278823562,
    "S": 8.047256220419802
  },
  "PRP": {
    "R": 8.20889302787553,
    "P": 7.500098979010816,
    "S": 8.175588239740927
  },
  "PRS": {
    "R": 7.994868079528565,
    "P": 4.828418981742197,
    "S": 7.86323445863788
  },
  "PPR": {
    "R": 8.044717316882604,
    "P": 7.183689558998748,
    "S": 5.917313156073776
  },
  "PPP": {
    "R": 7.809122722765614,
    "P": 8.123826748370558,
    "S": 7.6115679156167255
  },
  "PPS": {
    "R": 7.478625916580507,
    "P": 7.7650187621345825,
    "S": 7.647262407004341
  },
  "PSR": {
    "R": 6.976836533352949,
    "P": 8.07338589788322,
    "S": 8.09866194088723
  },
  "PSP": {
    "R": 7.533113262647435,
    "P": 8.131856118813355,
    "S": 7.537819269910455
  },
  "PSS": {
    "R": 7.181813661217419,
    "P": 7.573275926894245,
    "S": 7.59067046601479
  },
  "SRR": {
    "R": 7.888601469885977,
    "P": 7.993179160348064,
    "S": 7.987513430763218
  },
  "SRP": {
    "R": 8.189467620881327,
    "P": 7.635213847989137,
    "S": 7.983675319263301
  },
  "SRS": {
    "R": 8.324330249434883,
    "P": 8.09008012981902,
    "S": 7.8241463287850035
  },
  "SPR": {
    "R": 8.015723241068564,
    "P": 6.469109523153424,
    "S": 5.3796362639509105
  },
  "SPP": {
    "R": 8.286785781882648,
    "P": 8.167225448868072,
    "S": 7.529861480028888
  },
  "SPS": {
    "R": 8.050191872975383,
    "P": 5.2469921023475345,
    "S": 7.613602099565848
  },
  "SSR": {
    "R": 7.859074514290169,
    "P": 7.353106276763259,
    "S": 7.532275278106388
  },
  "SSP": {
    "R": 7.114863077891682,
    "P": 8.055975211717787,
    "S": 7.585371577519425
  },
  "SSS": {
    "R": 7.73591824491099,
    "P": 7.406197201315588,
    "S": 7.494874640326467
  }
}