{
  "RRR": {
    "R": 7.70821698784468,
    "P": 7.869656034508858,
    "S": 7.991023184639969
  },
  "RRP": {
    "R": 8.386400808388109,
    "P": 7.998711165877852,
    "S": 7.724062775819701
  },
  "RRS": {
    "R": 8.01592747611836,
    "P": 7.9425876028269355,
    "S": 7.950783906564096
  },
  "RPR": {
    "R": 8.095036555210347,
    "P": 8.249162220128003,
    "S": 8.608202319866884
  },
  "RPP": {
    "R": 8.2658184504941,
    "P": 8.014387273018484,
    "S": 8.032039927298847
  },
  "RPS": {
    "R": 7.786671751642702,
    "P": 8.252272162429822,
    "S": 7.806988192620688
  },
  "RSR": {
    "R": 8.07321220919425,
    "P": 8.006156796573922,
    "S": 8.420587813695562
  },
  "RSP": {
    "R": 8.510151545173407,
    "P": 8.049606551305779,
    "S": 8.38368802433553
  },
  "RSS": {
    "R": 8.182810279072845,
    "P": 8.019360657347647,
    "S": 7.52242419518337
  },
  "PRR": {
    "R": 7.710956443488724,
    "P": 8.359340166993034,
    "S": 8.049696063318462
  },
  "PRP": {
    "R": 8.487350082181981,
    "P": 8.291881715975348,
    "S": 8.234454954046784
  },
  "PRS": {
    "R": 8.681431119874281,
    "P": 8.650831951321365,
    "S": 7.86323445863788
  },
  "PPR": {
    "R": 8.060832062586254,
    "P": 7.183689558998748,
    "S": 5.917313156073776
  },
  "PPP": {
    "R": 7.809122722765614,
    "P": 8.123826748370558,
    "S": 7.6115679156167255
  },
  "PPS": {
    "R": 7.478625916580507,
    "P": 7.7650187621345825,
    "S": 8.120058481946677
  },
  "PSR": {
    "R": 6.976836533352949,
    "P": 8.07338589788322,
    "S": 8.313832099601909
  },
  "PSP": {
    "R": 8.556770125544107,
    "P": 8.131856118813355,
    "S": 8.289663720004793
  },
  "PSS": {
    "R": 8.28295435356137,
    "P": 7.573275926894245,
    "S": 7.59067046601479
  },
  "SRR": {
    "R": 7.888601469885977,
    "P": 8.221267944824502,
    "S": 7.987513430763218
  },
  "SRP": {
    "R": 8.189467620881327,
    "P": 7.635213847989137,
    "S": 8.401458113992822
  },
  "SRS": {
    "R": 8.261061449477964,
    "P": 8.571316306294403,
    "S": 7.8241463287850035
  },
  "SPR": {
    "R": 8.015723241068564,
    "P": 8.76596584146907,
    "S": 8.572814185390264
  },
  "SPP": {
    "R": 8.286785781882648,
    "P": 8.167225448868072,
    "S": 7.529861480028888
  },
  "SPS": {
    "R": 8.273658470464898,
    "P": 8.2917174281506,
    "S": 8.129619387386372
  },
  "SSR": {
    "R": 7.859074514290169,
    "P": 8.033893259331725,
    "S": 8.466724202808317
  },
  "SSP": {
    "R": 7.114863077891682,
    "P": 8.055975211717787,
    "S": 7.585371577519425
  },
  "SSS": {
    "R": 7.73591824491099,
    "P": 7.406197201315588,
    "S": 7.494874640326467
  }
}