{
  "RRR": {
    "R": 0.7709770901893392,
    "P": 1.2263162466676887,
    "S": 1.058207245938593
  },
  "RRP": {
    "R": 1.190815721722287,
    "P": 1.1981679478796623,
    "S": 0.6529919933039041
  },
  "RRS": {
    "R": 1.5123092782953056,
    "P": 1.3814872049548077,
    "S": 1.068231313797793
  },
  "RPR": {
    "R": 0.9274663934842026,
    "P": 1.0025808315023361,
    "S": 1.303443774902664
  },
  "RPP": {
    "R": 1.0878295596973337,
    "P": 1.8525444038028507,
    "S": 1.5234037995684788
  },
  "RPS": {
    "R": 1.2664071715913108,
    "P": 1.2613521855530967,
    "S": 0.7170084084467737
  },
  "RSR": {
    "R": 0.9924876553649722,
    "P": 1.3987498294615248,
    "S": 1.30245099512311
  },
  "RSP": {
    "R": 0.6905856000000001,
    "P": 1.5615544821231082,
    "S": 1.3034697724661817
  },
  "RSS": {
    "R": 0.8098135466834268,
    "P": 1.1523291542078942,
    "S": 0
  },
  "PRR": {
    "R": 1.2894315276811257,
    "P": 0.9667142274858371,
    "S": 1.4741495378223886
  },
  "PRP": {
    "R": 0.27713105920000003,
    "P": 1.7247760760886663,
    "S": 1.1734389112946606
  },
  "PRS": {
    "R": 0.008,
    "P": 1.1500079344973246,
    "S": 0.9009226240189717
  },
  "PPR": {
    "R": 1.4472547772985167,
    "P": 1.2802915847326728,
    "S": 0.9617103703623919
  },
  "PPP": {
    "R": 1.7489035731779514,
    "P": 1.7748245092990165,
    "S": 1.7189255394930425
  },
  "PPS": {
    "R": 0.8424534399020616,
    "P": 1.675750895815127,
    "S": 1.2247257969423946
  },
  "PSR": {
    "R": 1.1122798850551456,
    "P": 0.9705692967730644,
    "S": 1.1052194032957299
  },
  "PSP": {
    "R": 0.9875913337552394,
    "P": 1.7125971114033742,
    "S": 1.4872582655621376
  },
  "PSS": {
    "R": 1.0763533455250502,
    "P": 1.3940912649898656,
    "S": 0.39948800000000007
  },
  "SRR": {
    "R": 1.0035575337653726,
    "P": 0.6848264683520001,
    "S": 1.0830109018176899
  },
  "SRP": {
    "R": 1.1154425059782869,
    "P": 1.3927683474616188,
    "S": 1.3310994857985028
  },
  "SRS": {
    "R": 1.0692048105634755,
    "P": 1.4197748091455635,
    "S": 1.0917947975065805
  },
  "SPR": {
    "R": 1.3261095664294964,
    "P": 0.32000000000000006,
    "S": 1.116722612418887
  },
  "SPP": {
    "R": 1.1120987192031282,
    "P": 1.7661462012496938,
    "S": 1.2287515458171143
  },
  "SPS": {
    "R": 1.2133840116589674,
    "P": 0.9699064397533738,
    "S": 1.2844900006107105
  },
  "SSR": {
    "R": 1.0321278901271964,
    "P": 0.48169859395092485,
    "S": 0.9428067855968879
  },
  "SSP": {
    "R": 1.2047732538564968,
    "P": 1.1504017795526154,
    "S": 1.4279072805935644
  },
  "SSS": {
    "R": 0.008,
    "P": 1.2730891326176481,
    "S": 0.3274880000000001
  }
}