{
  "RRR": {
    "R": 0.7709770901893392,
    "P": 1.3378448722230742,
    "S": 1.058207245938593
  },
  "RRP": {
    "R": 1.190815721722287,
    "P": 0.6216471363916922,
    "S": 0.6529919933039041
  },
  "RRS": {
    "R": 1.5123092782953056,
    "P": 1.3039846930890406,
    "S": 1.068231313797793
  },
  "RPR": {
    "R": 0.9274663934842026,
    "P": 1.0025808315023361,
    "S": 1.303443774902664
  },
  "RPP": {
    "R": 1.0878295596973337,
    "P": 0.5982554313523201,
    "S": 1.244787726204063
  },
  "RPS": {
    "R": 1.2664071715913108,
    "P": 1.2613521855530967,
    "S": 0.7170084084467737
  },
  "RSR": {
    "R": 0.9924876553649722,
    "P": 1.3987498294615248,
    "S": 1.30245099512311
  },
  "RSP": {
    "R": 0.6905856000000001,
    "P": 1.3025962397136213,
    "S": 1.3034697724661817
  },
  "RSS": {
    "R": 0.8098135466834268,
    "P": 1.1523291542078942,
    "S": 0
  },
  "PRR": {
    "R": 0.7064809084911161,
    "P": 0.9667142274858371,
    "S": 1.2936090501570818
  },
  "PRP": {
    "R": 0.27713105920000003,
    "P": 1.1885231204623512,
    "S": 1.1734389112946606
  },
  "PRS": {
    "R": 0.008,
    "P": 1.1500079344973246,
    "S": 0.9009226240189717
  },
  "PPR": {
    "R": 1.3114689315056092,
    "P": 1.2568736267776572,
    "S": 0.9617103703623919
  },
  "PPP": {
    "R": 0,
    "P": 1.0660726079803116,
    "S": 1.1247171531916877
  },
  "PPS": {
    "R": 0.8424534399020616,
    "P": 1.5031145926013116,
    "S": 1.2247257969423946
  },
  "PSR": {
    "R": 1.1122798850551456,
    "P": 0.9705692967730644,
    "S": 1.1052194032957299
  },
  "PSP": {
    "R": 0.9875913337552394,
    "P": 1.3695126741803842,
    "S": 1.4872582655621376
  },
  "PSS": {
    "R": 1.0763533455250502,
    "P": 1.2302504608198186,
    "S": 0.39948800000000007
  },
  "SRR": {
    "R": 1.0035575337653726,
    "P": 0.6848264683520001,
    "S": 1.0830109018176899
  },
  "SRP": {
    "R": 1.1154425059782869,
    "P": 1.3927683474616188,
    "S": 1.3310994857985028
  },
  "SRS": {
    "R": 1.0692048105634755,
    "P": 1.4197748091455635,
    "S": 1.0917947975065805
  },
  "SPR": {
    "R": 1.0664605039204111,
    "P": 0.32000000000000006,
    "S": 1.116722612418887
  },
  "SPP": {
    "R": 1.1120987192031282,
    "P": 0.9254210470203117,
    "S": 1.2287515458171143
  },
  "SPS": {
    "R": 1.2133840116589674,
    "P": 0.9699064397533738,
    "S": 1.471290163460837
  },
  "SSR": {
    "R": 1.0321278901271964,
    "P": 0.48169859395092485,
    "S": 0.9428067855968879
  },
  "SSP": {
    "R": 1.1659096005062872,
    "P": 1.1504017795526154,
    "S": 1.4279072805935644
  },
  "SSS": {
    "R": 0.008,
    "P": 1.2730891326176481,
    "S": 0.3274880000000001
  }
}