{
  "RRR": {
    "R": 7.70821698784468,
    "P": 7.869656034508858,
    "S": 7.991023184639969
  },
  "RRP": {
    "R": 8.839759412408059,
    "P": 7.998711165877852,
    "S": 7.724062775819701
  },
  "RRS": {
    "R": 8.59454263502506,
    "P": 7.9425876028269355,
    "S": 7.950783906564096
  },
  "RPR": {
    "R": 8.352249404482386,
    "P": 8.249162220128003,
    "S": 8.916989398884933
  },
  "RPP": {
    "R": 8.2658184504941,
    "P": 8.38779905307909,
    "S": 8.562301808361191
  },
  "RPS": {
    "R": 7.786671751642702,
    "P": 8.252272162429822,
    "S": 7.806988192620688
  },
  "RSR": {
    "R": 8.701810491896147,
    "P": 8.006156796573922,
    "S": 8.964476835029725
  },
  "RSP": {
    "R": 9.106562077628258,
    "P": 8.049606551305779,
    "S": 8.91634031680792
  },
  "RSS": {
    "R": 8.5905992498173,
    "P": 8.019360657347647,
    "S": 7.52242419518337
  },
  "PRR": {
    "R": 7.710956443488724,
    "P": 8.555611217610835,
    "S": 8.086843736125731
  },
  "PRP": {
    "R": 8.887701959363714,
    "P": 8.594456720622759,
    "S": 8.234454954046784
  },
  "PRS": {
    "R": 9.038815207906264,
    "P": 8.910224725001495,
    "S": 8.161610006546725
  },
  "PPR": {
    "R": 8.276756236400121,
    "P": 7.183689558998748,
    "S": 8.326206158083567
  },
  "PPP": {
    "R": 8.27945760278026,
    "P": 8.694321561814549,
    "S": 8.13526832326042
  },
  "PPS": {
    "R": 8.50624499447108,
    "P": 8.879700136658998,
    "S": 8.23574265449828
  },
  "PSR": {
    "R": 7.959548301283558,
    "P": 8.499188864676903,
    "S": 8.783855956121105
  },
  "PSP": {
    "R": 9.111540471653234,
    "P": 8.131856118813355,
    "S": 8.658616959431232
  },
  "PSS": {
    "R": 8.28295435356137,
    "P": 8.659245425561997,
    "S": 8.468110504829045
  },
  "SRR": {
    "R": 7.888601469885977,
    "P": 8.72136378141828,
    "S": 8.288086333198915
  },
  "SRP": {
    "R": 8.908142723547446,
    "P": 8.470806908316693,
    "S": 8.401458113992822
  },
  "SRS": {
    "R": 8.74111885072933,
    "P": 8.93835625454362,
    "S": 8.302818252059025
  },
  "SPR": {
    "R": 8.015723241068564,
    "P": 9.162353630842127,
    "S": 9.051740161292955
  },
  "SPP": {
    "R": 8.274514318995706,
    "P": 8.197087146912322,
    "S": 7.529861480028888
  },
  "SPS": {
    "R": 8.587082484518875,
    "P": 8.657240626987704,
    "S": 8.505095712734397
  },
  "SSR": {
    "R": 8.275474710309474,
    "P": 8.033893259331725,
    "S": 8.809651592553148
  },
  "SSP": {
    "R": 7.114863077891682,
    "P": 8.34008978921345,
    "S": 8.16979576519283
  },
  "SSS": {
    "R": 8.560183901934856,
    "P": 8.255168840852262,
    "S": 8.31228501706275
  }
}