{
  "RRR": {
    "R": 42.617789099781355,
    "P": 17.308131024365643,
    "S": 42.7389808626574
  },
  "RRP": {
    "R": 17.768929609021477,
    "P": 28.43920828581291,
    "S": 10.56926200949053
  },
  "RRS": {
    "R": 17.671782075874354,
    "P": 14.645933974905383,
    "S": 43.2563533429043
  },
  "RPR": {
    "R": 13.322167204380362,
    "P": 17.21387038232022,
    "S": 18.022428247817523
  },
  "RPP": {
    "R": 33.28062451705637,
    "P": 36.1700427402198,
    "S": 14.38201257714482
  },
  "RPS": {
    "R": 11.965015298944795,
    "P": 16.690635166356675,
    "S": 16.77655767292571
  },
  "RSR": {
    "R": 15.162391047028414,
    "P": 10.494654430606037,
    "S": 17.79373356335452
  },
  "RSP": {
    "R": 31.06051873494867,
    "P": 13.977631289599355,
    "S": 17.057289006615015
  },
  "RSS": {
    "R": 12.516257520705102,
    "P": 9.045929421831001,
    "S": 43.74148430840477
  },
  "PRR": {
    "R": 42.169392433951025,
    "P": 10.846941247855106,
    "S": 13.127650508553492
  },
  "PRP": {
    "R": 17.279083230773224,
    "P": 11.678853781588769,
    "S": 16.718434113880107
  },
  "PRS": {
    "R": 18.00604189171399,
    "P": 31.048105097767085,
    "S": 6.105185971504677
  },
  "PPR": {
    "R": 42.08517943665945,
    "P": 17.326048315221037,
    "S": 13.539742608430739
  },
  "PPP": {
    "R": 41.51664900837708,
    "P": 45.75433909334849,
    "S": 16.206348384659222
  },
  "PPS": {
    "R": 8.99874239058692,
    "P": 16.090352661990668,
    "S": 16.999696095686573
  },
  "PSR": {
    "R": 11.246909207052585,
    "P": 11.269184357264372,
    "S": 12.417515443679136
  },
  "PSP": {
    "R": 2.3220152254747264,
    "P": 16.90723470941385,
    "S": 15.823678172048918
  },
  "PSS": {
    "R": 15.324581640897673,
    "P": 37.37287372882123,
    "S": 15.479369223295555
  },
  "SRR": {
    "R": 11.621514139179379,
    "P": 17.28308249095074,
    "S": 16.065185379638045
  },
  "SRP": {
    "R": 10.909765404968791,
    "P": 14.497326807032387,
    "S": 10.6510870144283
  },
  "SRS": {
    "R": 13.935153344013814,
    "P": 17.876904168634443,
    "S": 12.261642908697807
  },
  "SPR": {
    "R": 12.281602192369874,
    "P": 17.612653886812083,
    "S": 31.072924241102257
  },
  "SPP": {
    "R": 17.179153445940333,
    "P": 45.78756307168268,
    "S": 16.444987482624168
  },
  "SPS": {
    "R": 11.600287282282508,
    "P": 16.98947420008933,
    "S": 16.895069316679496
  },
  "SSR": {
    "R": 17.196069887814392,
    "P": 13.255585126183382,
    "S": 12.797320727954936
  },
  "SSP": {
    "R": 10.268402830652567,
    "P": 45.123369415120415,
    "S": 14.950833507472725
  },
  "SSS": {
    "R": 16.384051918628764,
    "P": 43.64328048730672,
    "S": 43.64062598217855
  }
}