{
  "RRR": {
    "R": 11.64432994054736,
    "P": 12.808882130083562,
    "S": 12.643467724746708
  },
  "RRP": {
    "R": 12.160319313163882,
    "P": 12.912522726193089,
    "S": 12.453662773987581
  },
  "RRS": {
    "R": 12.192465919249678,
    "P": 12.621733519806341,
    "S": 12.6109618683782
  },
  "RPR": {
    "R": 12.41668995278107,
    "P": 12.804082527679569,
    "S": 12.373371874143846
  },
  "RPP": {
    "R": 12.779706787783768,
    "P": 12.90539789722967,
    "S": 12.473342187741169
  },
  "RPS": {
    "R": 12.694678086817305,
    "P": 12.409667896596673,
    "S": 12.78347355144819
  },
  "RSR": {
    "R": 12.504465279520332,
    "P": 12.329302885036846,
    "S": 12.306183934007818
  },
  "RSP": {
    "R": 12.422227080538688,
    "P": 13.001905911462849,
    "S": 12.678944547216714
  },
  "RSS": {
    "R": 12.569631776445695,
    "P": 12.359022566872957,
    "S": 12.624533713374234
  },
  "PRR": {
    "R": 12.940293053491894,
    "P": 12.919953707719667,
    "S": 12.325445836794959
  },
  "PRP": {
    "R": 12.79483309576882,
    "P": 12.912602569713197,
    "S": 12.833582300520556
  },
  "PRS": {
    "R": 12.322505747629524,
    "P": 12.585308699472577,
    "S": 12.371249210873685
  },
  "PPR": {
    "R": 13.029405708502225,
    "P": 12.871776933885647,
    "S": 12.349624348313505
  },
  "PPP": {
    "R": 13.090644513469961,
    "P": 12.868965376327397,
    "S": 12.332853375478287
  },
  "PPS": {
    "R": 12.19675177026078,
    "P": 12.875833552779794,
    "S": 12.684185561256461
  },
  "PSR": {
    "R": 12.66827336650358,
    "P": 12.638579134367417,
    "S": 12.588664114734506
  },
  "PSP": {
    "R": 12.90697957629532,
    "P": 12.864605574769904,
    "S": 12.626610633318371
  },
  "PSS": {
    "R": 12.681627209173687,
    "P": 12.7225804297445,
    "S": 12.408651098352156
  },
  "SRR": {
    "R": 12.692964229819566,
    "P": 12.828184448314254,
    "S": 12.324099012749723
  },
  "SRP": {
    "R": 12.490386942206117,
    "P": 11.737205924339378,
    "S": 12.325771401918917
  },
  "SRS": {
    "R": 12.456256412675366,
    "P": 12.599571879492544,
    "S": 12.618377999643634
  },
  "SPR": {
    "R": 12.322038977691133,
    "P": 12.926484872503458,
    "S": 12.589238905585791
  },
  "SPP": {
    "R": 12.892601151411588,
    "P": 12.586812570313981,
    "S": 12.891673747697725
  },
  "SPS": {
    "R": 12.86282922681697,
    "P": 12.832644681732747,
    "S": 12.608884417641374
  },
  "SSR": {
    "R": 11.563922543649742,
    "P": 12.300341533072782,
    "S": 12.5888572340066
  },
  "SSP": {
    "R": 12.550667295721013,
    "P": 12.889390340413371,
    "S": 12.783845607232298
  },
  "SSS": {
    "R": 12.36858923116788,
    "P": 12.811991512360013,
    "S": 12.024476818451404
  }
}