{
  "RRR": {
    "R": 4.930560486571492,
    "P": 4.530667662227907,
    "S": 4.088162380005627
  },
  "RRP": {
    "R": 4.736712973456851,
    "P": 1.772928921217402,
    "S": 5.765074806659196
  },
  "RRS": {
    "R": 5.454364732345482,
    "P": 2.399170016729601,
    "S": 5.3140023468537345
  },
  "RPR": {
    "R": 4.400119745169841,
    "P": 4.488702399609609,
    "S": 0
  },
  "RPP": {
    "R": 4.288951489109654,
    "P": 0,
    "S": 4.905911078500289
  },
  "RPS": {
    "R": 3.4282438377127695,
    "P": 6.4099007210529315,
    "S": 5.274781932007755
  },
  "RSR": {
    "R": 5.159547412503115,
    "P": 6.103829233923884,
    "S": 2.6907597937284526
  },
  "RSP": {
    "R": 1.1091200744365206,
    "P": 2.1466297222840685,
    "S": 0
  },
  "RSS": {
    "R": 3.0189164855431896,
    "P": 3.613245937339495,
    "S": 5.952262184731488
  },
  "PRR": {
    "R": 4.032505793530198,
    "P": 4.750169687762483,
    "S": 4.1879102044666325
  },
  "PRP": {
    "R": 4.0503842016211085,
    "P": 5.0117185895713225,
    "S": 1.9226100703755047
  },
  "PRS": {
    "R": 0,
    "P": 0.296,
    "S": 3.7439069669854175
  },
  "PPR": {
    "R": 4.674786872275036,
    "P": 3.9981229158228717,
    "S": 1.7976999566458378
  },
  "PPP": {
    "R": 3.060334102170152,
    "P": 4.10292640432738,
    "S": 2.2963403636139743
  },
  "PPS": {
    "R": 0,
    "P": 5.530181353860004,
    "S": 5.457224876769223
  },
  "PSR": {
    "R": 3.4658328514381216,
    "P": 3.286757122814916,
    "S": 0
  },
  "PSP": {
    "R": 3.7035725490483213,
    "P": 6.122156437889577,
    "S": 5.16077267785248
  },
  "PSS": {
    "R": 4.39999968064474,
    "P": 5.4393329412760005,
    "S": 5.179077726484112
  },
  "SRR": {
    "R": 3.0260908107931894,
    "P": 1.6823034668974757,
    "S": 5.67335425118482
  },
  "SRP": {
    "R": 0,
    "P": 0,
    "S": 6.133829019365147
  },
  "SRS": {
    "R": 0,
    "P": 0,
    "S": 5.188569521811766
  },
  "SPR": {
    "R": 4.415686822257613,
    "P": 0,
    "S": 0
  },
  "SPP": {
    "R": 4.102259468862904,
    "P": 3.4787655143376615,
    "S": 5.807050793415687
  },
  "SPS": {
    "R": 2.8555868774440816,
    "P": 0,
    "S": 5.4842288599781455
  },
  "SSR": {
    "R": 5.548006625554882,
    "P": 4.069201403992098,
    "S": 1.7208538574458376
  },
  "SSP": {
    "R": 0.296,
    "P": 6.106823044253076,
    "S": 3.1696043193669783
  },
  "SSS": {
    "R": 4.373698045837238,
    "P": 5.728511332552689,
    "S": 5.6064101669923225
  }
}