{
  "RRR": {
    "R": 11.64432994054736,
    "P": 12.873865637569846,
    "S": 12.643467724746708
  },
  "RRP": {
    "R": 13.003112512962296,
    "P": 12.912522726193089,
    "S": 12.752803208452288
  },
  "RRS": {
    "R": 12.700838837236272,
    "P": 12.621733519806341,
    "S": 12.6109618683782
  },
  "RPR": {
    "R": 12.41668995278107,
    "P": 13.050609949660837,
    "S": 12.804505084051662
  },
  "RPP": {
    "R": 13.241200468666843,
    "P": 12.90539789722967,
    "S": 12.473342187741169
  },
  "RPS": {
    "R": 12.730389549202723,
    "P": 12.409667896596673,
    "S": 12.756214455102715
  },
  "RSR": {
    "R": 12.900520293448377,
    "P": 12.837213328229726,
    "S": 12.306183934007818
  },
  "RSP": {
    "R": 12.422227080538688,
    "P": 13.001905911462849,
    "S": 12.978527532400268
  },
  "RSS": {
    "R": 12.569631776445695,
    "P": 12.359022566872957,
    "S": 12.763589922762586
  },
  "PRR": {
    "R": 12.940293053491894,
    "P": 12.919953707719667,
    "S": 12.325445836794959
  },
  "PRP": {
    "R": 13.129385806539707,
    "P": 12.962171123187487,
    "S": 12.833582300520556
  },
  "PRS": {
    "R": 12.322505747629524,
    "P": 12.95882198578861,
    "S": 12.371249210873685
  },
  "PPR": {
    "R": 13.029405708502225,
    "P": 12.871776933885647,
    "S": 12.801404511295999
  },
  "PPP": {
    "R": 13.090644513469961,
    "P": 12.868965376327397,
    "S": 12.332853375478287
  },
  "PPS": {
    "R": 12.19675177026078,
    "P": 12.875833552779794,
    "S": 12.684185561256461
  },
  "PSR": {
    "R": 12.970865002828683,
    "P": 12.58443113949359,
    "S": 12.588664114734506
  },
  "PSP": {
    "R": 12.90697957629532,
    "P": 12.864605574769904,
    "S": 13.13725091911809
  },
  "PSS": {
    "R": 12.898152198673987,
    "P": 13.172233525483737,
    "S": 12.762161257279676
  },
  "SRR": {
    "R": 13.0557863304624,
    "P": 12.946393597393802,
    "S": 12.821668382362308
  },
  "SRP": {
    "R": 12.490386942206117,
    "P": 11.737205924339378,
    "S": 12.792922876828209
  },
  "SRS": {
    "R": 12.83991891441309,
    "P": 12.599571879492544,
    "S": 12.611648917908484
  },
  "SPR": {
    "R": 12.322038977691133,
    "P": 12.926484872503458,
    "S": 12.589238905585791
  },
  "SPP": {
    "R": 12.892601151411588,
    "P": 12.586812570313981,
    "S": 12.891673747697725
  },
  "SPS": {
    "R": 12.841494771704895,
    "P": 12.942550173936134,
    "S": 13.116487315606282
  },
  "SSR": {
    "R": 11.563922543649742,
    "P": 12.300341533072782,
    "S": 12.597206083149791
  },
  "SSP": {
    "R": 12.550667295721013,
    "P": 12.889390340413371,
    "S": 13.032102511582368
  },
  "SSS": {
    "R": 12.808956044562203,
    "P": 13.146190347415686,
    "S": 12.816518123777966
  }
}