{
  "RRR": {
    "R": 54.02256189725517,
    "P": 25.57703816957362,
    "S": 52.330477676874075
  },
  "RRP": {
    "R": 17.768929609021477,
    "P": 87.00011194266588,
    "S": 10.56926200949053
  },
  "RRS": {
    "R": 17.671782075874354,
    "P": 14.645933974905383,
    "S": 52.300095461440264
  },
  "RPR": {
    "R": 13.322167204380362,
    "P": 17.21387038232022,
    "S": 18.022428247817523
  },
  "RPP": {
    "R": 43.71004476818928,
    "P": 45.33635796833571,
    "S": 87.03938850963387
  },
  "RPS": {
    "R": 11.965015298944795,
    "P": 16.690635166356675,
    "S": 16.77655767292571
  },
  "RSR": {
    "R": 15.162391047028414,
    "P": 10.494654430606037,
    "S": 17.79373356335452
  },
  "RSP": {
    "R": 31.06051873494867,
    "P": 13.977631289599355,
    "S": 17.057289006615015
  },
  "RSS": {
    "R": 12.516257520705102,
    "P": 9.045929421831001,
    "S": 52.05865753020898
  },
  "PRR": {
    "R": 51.02908854722017,
    "P": 10.846941247855106,
    "S": 13.127650508553492
  },
  "PRP": {
    "R": 17.279083230773224,
    "P": 11.678853781588769,
    "S": 16.718434113880107
  },
  "PRS": {
    "R": 18.00604189171399,
    "P": 31.048105097767085,
    "S": 6.105185971504677
  },
  "PPR": {
    "R": 50.43155281928152,
    "P": 17.326048315221037,
    "S": 13.539742608430739
  },
  "PPP": {
    "R": 49.83584933100596,
    "P": 54.41155415772629,
    "S": 17.064266140597844
  },
  "PPS": {
    "R": 86.88220028365409,
    "P": 16.090352661990668,
    "S": 16.999696095686573
  },
  "PSR": {
    "R": 86.92151783442525,
    "P": 25.733864728994224,
    "S": 12.417515443679136
  },
  "PSP": {
    "R": 2.3220152254747264,
    "P": 16.90723470941385,
    "S": 15.823678172048918
  },
  "PSS": {
    "R": 15.324581640897673,
    "P": 37.37287372882123,
    "S": 15.479369223295555
  },
  "SRR": {
    "R": 53.11186540502536,
    "P": 86.96082171917915,
    "S": 16.065185379638045
  },
  "SRP": {
    "R": 10.909765404968791,
    "P": 44.24358234363975,
    "S": 10.6510870144283
  },
  "SRS": {
    "R": 13.935153344013814,
    "P": 17.876904168634443,
    "S": 12.261642908697807
  },
  "SPR": {
    "R": 12.281602192369874,
    "P": 17.612653886812083,
    "S": 31.072924241102257
  },
  "SPP": {
    "R": 17.179153445940333,
    "P": 53.53361670507721,
    "S": 16.444987482624168
  },
  "SPS": {
    "R": 11.600287282282508,
    "P": 16.98947420008933,
    "S": 16.895069316679496
  },
  "SSR": {
    "R": 52.46726400915907,
    "P": 33.78037674815361,
    "S": 12.797320727954936
  },
  "SSP": {
    "R": 10.268402830652567,
    "P": 52.65079300344814,
    "S": 14.950833507472725
  },
  "SSS": {
    "R": 47.53055137741108,
    "P": 51.766623189755926,
    "S": 51.763089943376265
  }
}