{
  "RRR": {
    "R": 10.948966680660352,
    "P": 11.511670101792324,
    "S": 11.152508075110708
  },
  "RRP": {
    "R": 11.505609525474314,
    "P": 11.45124282518956,
    "S": 11.375643899368587
  },
  "RRS": {
    "R": 11.229142302205371,
    "P": 11.51655618096514,
    "S": 10.725724333751538
  },
  "RPR": {
    "R": 9.435311817251286,
    "P": 11.523643969062547,
    "S": 11.494507892732555
  },
  "RPP": {
    "R": 11.570490924598802,
    "P": 10.99497514090558,
    "S": 11.409507113549308
  },
  "RPS": {
    "R": 11.185631972055354,
    "P": 11.076832213092434,
    "S": 11.812077056643128
  },
  "RSR": {
    "R": 11.620576411789427,
    "P": 11.322463338821306,
    "S": 11.473376542237272
  },
  "RSP": {
    "R": 11.547735899979093,
    "P": 11.286532511770579,
    "S": 11.786276438192145
  },
  "RSS": {
    "R": 10.38865488979695,
    "P": 11.615329625027583,
    "S": 11.92804751690821
  },
  "PRR": {
    "R": 11.190143109428556,
    "P": 11.441183735173839,
    "S": 10.877461223533505
  },
  "PRP": {
    "R": 11.587157725411906,
    "P": 11.406546523296207,
    "S": 11.630705339204924
  },
  "PRS": {
    "R": 11.82559732800541,
    "P": 11.495103585313545,
    "S": 11.921443063700695
  },
  "PPR": {
    "R": 11.269030732312205,
    "P": 11.606015902677207,
    "S": 11.793850625498468
  },
  "PPP": {
    "R": 11.530856373617485,
    "P": 11.219656015925528,
    "S": 8.13526832326042
  },
  "PPS": {
    "R": 11.275484517526701,
    "P": 10.833346599690042,
    "S": 11.460827752090736
  },
  "PSR": {
    "R": 11.85584166018977,
    "P": 11.238862658360631,
    "S": 11.062344613544106
  },
  "PSP": {
    "R": 11.421406304823853,
    "P": 11.094337877535365,
    "S": 8.658616959431232
  },
  "PSS": {
    "R": 11.469673511102972,
    "P": 11.80861435559174,
    "S": 11.974516444378168
  },
  "SRR": {
    "R": 11.70301522216083,
    "P": 11.637613491621277,
    "S": 11.717362590612089
  },
  "SRP": {
    "R": 11.496185696650661,
    "P": 10.468634979897725,
    "S": 11.21856961202983
  },
  "SRS": {
    "R": 11.142811798060286,
    "P": 11.190295621534105,
    "S": 10.658099142406336
  },
  "SPR": {
    "R": 11.384583321457201,
    "P": 11.38111165254903,
    "S": 11.792693018241378
  },
  "SPP": {
    "R": 11.68233164492394,
    "P": 10.31199292924048,
    "S": 11.443396209738072
  },
  "SPS": {
    "R": 11.306252224625164,
    "P": 11.508158811199232,
    "S": 11.82904803819857
  },
  "SSR": {
    "R": 10.95004516069048,
    "P": 11.288373031136535,
    "S": 11.096391099049224
  },
  "SSP": {
    "R": 11.82828898904414,
    "P": 11.724126035010041,
    "S": 11.566055741241037
  },
  "SSS": {
    "R": 11.494388469857569,
    "P": 12.242499854370378,
    "S": 12.024476818451404
  }
}