{
  "RRR": {
    "R": 11.64432994054736,
    "P": 13.215306541183537,
    "S": 12.643467724746708
  },
  "RRP": {
    "R": 13.026345713393717,
    "P": 12.912522726193089,
    "S": 13.2340506261678
  },
  "RRS": {
    "R": 12.700838837236272,
    "P": 13.023370184181308,
    "S": 12.6109618683782
  },
  "RPR": {
    "R": 13.151868239369021,
    "P": 13.09687259275752,
    "S": 12.804505084051662
  },
  "RPP": {
    "R": 13.205602252015744,
    "P": 12.90539789722967,
    "S": 12.473342187741169
  },
  "RPS": {
    "R": 13.022761224217145,
    "P": 13.224636201902229,
    "S": 13.21546437760464
  },
  "RSR": {
    "R": 12.900520293448377,
    "P": 12.837213328229726,
    "S": 12.306183934007818
  },
  "RSP": {
    "R": 13.037678150594564,
    "P": 12.909339339320827,
    "S": 13.06860537074562
  },
  "RSS": {
    "R": 12.569631776445695,
    "P": 12.359022566872957,
    "S": 13.17666603223384
  },
  "PRR": {
    "R": 13.415460395955757,
    "P": 13.036246617080028,
    "S": 12.922051352421471
  },
  "PRP": {
    "R": 13.129385806539707,
    "P": 13.445055862148582,
    "S": 13.271874986675773
  },
  "PRS": {
    "R": 12.322505747629524,
    "P": 12.966806083438275,
    "S": 12.371249210873685
  },
  "PPR": {
    "R": 13.08917433585652,
    "P": 12.871776933885647,
    "S": 13.209513798085855
  },
  "PPP": {
    "R": 13.090644513469961,
    "P": 12.868965376327397,
    "S": 13.382819905211635
  },
  "PPS": {
    "R": 13.104923598785216,
    "P": 13.325620464971102,
    "S": 13.417435786097471
  },
  "PSR": {
    "R": 13.00759550028273,
    "P": 13.26070420559613,
    "S": 13.051589586503326
  },
  "PSP": {
    "R": 13.072223791151638,
    "P": 13.357428113353125,
    "S": 13.47163415993759
  },
  "PSS": {
    "R": 12.95280820818302,
    "P": 13.213291280478568,
    "S": 13.100886422266147
  },
  "SRR": {
    "R": 13.234638512192895,
    "P": 12.946393597393802,
    "S": 12.821668382362308
  },
  "SRP": {
    "R": 12.993802952176875,
    "P": 11.737205924339378,
    "S": 12.97270353651576
  },
  "SRS": {
    "R": 12.83991891441309,
    "P": 12.599571879492544,
    "S": 13.00119514841483
  },
  "SPR": {
    "R": 13.02959164526272,
    "P": 13.23643118201069,
    "S": 12.917551328396911
  },
  "SPP": {
    "R": 13.048553003210076,
    "P": 13.56141443205249,
    "S": 13.156895769800341
  },
  "SPS": {
    "R": 13.05164858206771,
    "P": 13.473176882226316,
    "S": 13.116487315606282
  },
  "SSR": {
    "R": 12.722579182122026,
    "P": 12.300341533072782,
    "S": 12.597206083149791
  },
  "SSP": {
    "R": 12.883641104928717,
    "P": 13.214298844753928,
    "S": 13.032102511582368
  },
  "SSS": {
    "R": 12.808956044562203,
    "P": 13.099872584521101,
    "S": 13.368979795715928
  }
}