{
  "RRR": {
    "R": 11.64432994054736,
    "P": 11.511670101792324,
    "S": 11.686419410749288
  },
  "RRP": {
    "R": 12.246309432682079,
    "P": 11.711003496897586,
    "S": 11.977122561707915
  },
  "RRS": {
    "R": 12.184177750333962,
    "P": 11.914054946893833,
    "S": 11.671789978962451
  },
  "RPR": {
    "R": 11.608083436120221,
    "P": 11.593055939065884,
    "S": 12.212904665192362
  },
  "RPP": {
    "R": 11.725722204338815,
    "P": 11.965080054356239,
    "S": 12.107134308571155
  },
  "RPS": {
    "R": 11.866691809678134,
    "P": 11.96104304279337,
    "S": 11.812077056643128
  },
  "RSR": {
    "R": 11.918079622517762,
    "P": 11.508003528783988,
    "S": 11.99345764828422
  },
  "RSP": {
    "R": 11.547735899979093,
    "P": 11.958990648439224,
    "S": 11.903296403177098
  },
  "RSS": {
    "R": 12.128487951786173,
    "P": 11.615329625027583,
    "S": 12.150023346845746
  },
  "PRR": {
    "R": 11.707035812027094,
    "P": 12.116052325417726,
    "S": 11.924992826266603
  },
  "PRP": {
    "R": 11.870364680726032,
    "P": 12.147468601237195,
    "S": 11.630705339204924
  },
  "PRS": {
    "R": 12.006063647692269,
    "P": 11.495103585313545,
    "S": 12.151466470716185
  },
  "PPR": {
    "R": 11.453491002501755,
    "P": 12.02714858201282,
    "S": 11.793850625498468
  },
  "PPP": {
    "R": 11.902056069413208,
    "P": 11.855694887811042,
    "S": 12.025803667901407
  },
  "PPS": {
    "R": 11.76140215744029,
    "P": 11.769870729120651,
    "S": 12.074443779372631
  },
  "PSR": {
    "R": 11.998257973938527,
    "P": 11.66426561041688,
    "S": 11.062344613544106
  },
  "PSP": {
    "R": 12.037502601215081,
    "P": 11.895502718124545,
    "S": 8.658616959431232
  },
  "PSS": {
    "R": 11.977961824852258,
    "P": 12.095758150139874,
    "S": 11.974516444378168
  },
  "SRR": {
    "R": 11.70301522216083,
    "P": 12.11465703186085,
    "S": 11.905069393644776
  },
  "SRP": {
    "R": 11.506849825161243,
    "P": 11.737205924339378,
    "S": 11.824297607091514
  },
  "SRS": {
    "R": 11.992949723784767,
    "P": 12.002722289846641,
    "S": 12.040141019138169
  },
  "SPR": {
    "R": 11.917612357438461,
    "P": 11.38111165254903,
    "S": 11.877724316146995
  },
  "SPP": {
    "R": 11.68233164492394,
    "P": 11.742198463812079,
    "S": 12.021918058643848
  },
  "SPS": {
    "R": 11.774886334192365,
    "P": 11.723058275150311,
    "S": 11.82904803819857
  },
  "SSR": {
    "R": 11.563922543649742,
    "P": 11.729015720973582,
    "S": 12.048366397480567
  },
  "SSP": {
    "R": 12.071032291927228,
    "P": 11.969264121461826,
    "S": 11.566055741241037
  },
  "SSS": {
    "R": 11.494388469857569,
    "P": 12.029990901118286,
    "S": 12.024476818451404
  }
}