{
  "RRR": {
    "R": 13.507779524563198,
    "P": 13.344311321334432,
    "S": 13.974173806835198
  },
  "RRP": {
    "R": 14.041412111875458,
    "P": 13.40585728396887,
    "S": 13.925884138418416
  },
  "RRS": {
    "R": 14.170003081232627,
    "P": 13.94553141784618,
    "S": 13.40365299845775
  },
  "RPR": {
    "R": 14.098245145284203,
    "P": 13.97791773101302,
    "S": 14.018529884798264
  },
  "RPP": {
    "R": 13.91860958071673,
    "P": 12.90539789722967,
    "S": 13.523767601155273
  },
  "RPS": {
    "R": 13.979197874192945,
    "P": 13.72569281567512,
    "S": 13.54009299922205
  },
  "RSR": {
    "R": 13.827362212636487,
    "P": 13.613711917993314,
    "S": 13.927061297517147
  },
  "RSP": {
    "R": 13.776877776564616,
    "P": 13.74033306303921,
    "S": 13.87627862972345
  },
  "RSS": {
    "R": 13.781449811555838,
    "P": 13.818573739237696,
    "S": 13.637141536522565
  },
  "PRR": {
    "R": 14.26429747771371,
    "P": 13.870095818385419,
    "S": 13.754486934147057
  },
  "PRP": {
    "R": 14.054715757432888,
    "P": 13.802442834735327,
    "S": 13.65701551529108
  },
  "PRS": {
    "R": 13.711399195351518,
    "P": 13.720606310952272,
    "S": 13.753183041293005
  },
  "PPR": {
    "R": 13.845928211347506,
    "P": 14.246295293788787,
    "S": 13.985833407636177
  },
  "PPP": {
    "R": 13.362488755035068,
    "P": 13.69455067924744,
    "S": 13.645724224292994
  },
  "PPS": {
    "R": 13.415865993421964,
    "P": 13.55677024138516,
    "S": 13.764001958140293
  },
  "PSR": {
    "R": 13.832925963326462,
    "P": 13.26070420559613,
    "S": 13.886329805095622
  },
  "PSP": {
    "R": 14.187835113537133,
    "P": 13.727286498845231,
    "S": 13.533886137138218
  },
  "PSS": {
    "R": 13.812906553101119,
    "P": 13.90669209487015,
    "S": 13.100886422266147
  },
  "SRR": {
    "R": 13.363166089022812,
    "P": 13.886411497402513,
    "S": 13.803861213821923
  },
  "SRP": {
    "R": 13.648700451877653,
    "P": 11.737205924339378,
    "S": 12.97270353651576
  },
  "SRS": {
    "R": 14.191290088689918,
    "P": 13.961669919148209,
    "S": 13.566045912546402
  },
  "SPR": {
    "R": 13.02959164526272,
    "P": 13.732843193075336,
    "S": 13.770287616495107
  },
  "SPP": {
    "R": 13.916814377267531,
    "P": 13.613663440695696,
    "S": 13.63458723390412
  },
  "SPS": {
    "R": 13.845310510021994,
    "P": 14.080738598687764,
    "S": 13.234138909734874
  },
  "SSR": {
    "R": 13.737681476613867,
    "P": 13.09027215484059,
    "S": 13.587900903370416
  },
  "SSP": {
    "R": 13.896493596359559,
    "P": 13.812519025389253,
    "S": 13.032102511582368
  },
  "SSS": {
    "R": 12.80020774916693,
    "P": 13.811877042858496,
    "S": 13.356593705618268
  }
}