{
  "RRR": {
    "R": 7.979666859159927,
    "P": 7.869656034508858,
    "S": 9.72584475228859
  },
  "RRP": {
    "R": 10.84181965694689,
    "P": 9.982864043618818,
    "S": 7.724062775819701
  },
  "RRS": {
    "R": 10.838277958630119,
    "P": 7.9425876028269355,
    "S": 7.950783906564096
  },
  "RPR": {
    "R": 9.435311817251286,
    "P": 10.993010254650143,
    "S": 11.125626811273564
  },
  "RPP": {
    "R": 10.02136975440662,
    "P": 8.38779905307909,
    "S": 10.601201240982745
  },
  "RPS": {
    "R": 9.029716097104556,
    "P": 10.597225499777375,
    "S": 10.65889933585532
  },
  "RSR": {
    "R": 10.793012651568926,
    "P": 8.006156796573922,
    "S": 11.023262840146597
  },
  "RSP": {
    "R": 11.120284750986327,
    "P": 8.049606551305779,
    "S": 10.957661501370005
  },
  "RSS": {
    "R": 10.38865488979695,
    "P": 8.019360657347647,
    "S": 8.573697306004608
  },
  "PRR": {
    "R": 7.710956443488724,
    "P": 10.179929195053145,
    "S": 8.086843736125731
  },
  "PRP": {
    "R": 10.813569318570098,
    "P": 10.58317969634432,
    "S": 10.89358855915214
  },
  "PRS": {
    "R": 11.048910582000007,
    "P": 11.12183254811092,
    "S": 9.868248010914991
  },
  "PPR": {
    "R": 8.276756236400121,
    "P": 10.630208968216056,
    "S": 10.452509374532603
  },
  "PPP": {
    "R": 8.27945760278026,
    "P": 8.694321561814549,
    "S": 8.13526832326042
  },
  "PPS": {
    "R": 8.50624499447108,
    "P": 10.833346599690042,
    "S": 8.829235994854134
  },
  "PSR": {
    "R": 7.959548301283558,
    "P": 10.15341586709213,
    "S": 8.783855956121105
  },
  "PSP": {
    "R": 11.04321445261553,
    "P": 10.079262291567998,
    "S": 8.658616959431232
  },
  "PSS": {
    "R": 10.843343584395498,
    "P": 9.297436074735078,
    "S": 10.10222342908372
  },
  "SRR": {
    "R": 8.248566824490663,
    "P": 10.810586977111882,
    "S": 9.590378341536466
  },
  "SRP": {
    "R": 10.964301818065614,
    "P": 8.599840927673247,
    "S": 8.401458113992822
  },
  "SRS": {
    "R": 8.74111885072933,
    "P": 11.0657037241672,
    "S": 9.63960658439663
  },
  "SPR": {
    "R": 8.015723241068564,
    "P": 11.100167148734506,
    "S": 11.13088122842867
  },
  "SPP": {
    "R": 10.075995650145806,
    "P": 8.197087146912322,
    "S": 9.978353705028573
  },
  "SPS": {
    "R": 8.793694746689464,
    "P": 10.919790974197841,
    "S": 10.44337514807229
  },
  "SSR": {
    "R": 10.270040255206974,
    "P": 8.963653811620508,
    "S": 10.919023627072228
  },
  "SSP": {
    "R": 7.114863077891682,
    "P": 8.34008978921345,
    "S": 10.421578901114527
  },
  "SSS": {
    "R": 10.296965143568444,
    "P": 9.55929788981142,
    "S": 10.516558986416934
  }
}