{
  "RRR": {
    "R": 11.64432994054736,
    "P": 12.30703902887142,
    "S": 11.686419410749288
  },
  "RRP": {
    "R": 12.160319313163882,
    "P": 12.060221738759342,
    "S": 11.977122561707915
  },
  "RRS": {
    "R": 12.192465919249678,
    "P": 12.030323167757617,
    "S": 12.303700636642759
  },
  "RPR": {
    "R": 11.608083436120221,
    "P": 11.593055939065884,
    "S": 12.240117624998145
  },
  "RPP": {
    "R": 12.148771850057832,
    "P": 11.965080054356239,
    "S": 12.107134308571155
  },
  "RPS": {
    "R": 11.866691809678134,
    "P": 11.96104304279337,
    "S": 11.812077056643128
  },
  "RSR": {
    "R": 12.236045369762076,
    "P": 11.508003528783988,
    "S": 12.306183934007818
  },
  "RSP": {
    "R": 11.547735899979093,
    "P": 11.995164493263854,
    "S": 12.02885885940318
  },
  "RSS": {
    "R": 12.128487951786173,
    "P": 11.93352664148916,
    "S": 12.050794950473769
  },
  "PRR": {
    "R": 11.707035812027094,
    "P": 12.175578407014024,
    "S": 12.325445836794959
  },
  "PRP": {
    "R": 11.870364680726032,
    "P": 12.147468601237195,
    "S": 11.630705339204924
  },
  "PRS": {
    "R": 12.283939507343442,
    "P": 12.116680705866859,
    "S": 12.412512204539333
  },
  "PPR": {
    "R": 12.176990367392666,
    "P": 12.02714858201282,
    "S": 11.793850625498468
  },
  "PPP": {
    "R": 12.05082434883554,
    "P": 12.25977719564942,
    "S": 12.025803667901407
  },
  "PPS": {
    "R": 11.76140215744029,
    "P": 12.365466638444348,
    "S": 12.074443779372631
  },
  "PSR": {
    "R": 12.137891967599725,
    "P": 11.66426561041688,
    "S": 11.062344613544106
  },
  "PSP": {
    "R": 12.36028246277704,
    "P": 12.199128322689946,
    "S": 8.658616959431232
  },
  "PSS": {
    "R": 11.977961824852258,
    "P": 12.095758150139874,
    "S": 11.974516444378168
  },
  "SRR": {
    "R": 11.969438420988382,
    "P": 12.20135527050819,
    "S": 12.16757699452428
  },
  "SRP": {
    "R": 11.506849825161243,
    "P": 11.737205924339378,
    "S": 11.824297607091514
  },
  "SRS": {
    "R": 11.992949723784767,
    "P": 12.27537667692535,
    "S": 12.040141019138169
  },
  "SPR": {
    "R": 12.097887378081998,
    "P": 11.38111165254903,
    "S": 12.358309340151536
  },
  "SPP": {
    "R": 11.68233164492394,
    "P": 12.230268125409689,
    "S": 12.116916915189677
  },
  "SPS": {
    "R": 11.996423925803095,
    "P": 12.258818013283094,
    "S": 11.82904803819857
  },
  "SSR": {
    "R": 11.563922543649742,
    "P": 11.729015720973582,
    "S": 12.048366397480567
  },
  "SSP": {
    "R": 11.947263474116532,
    "P": 11.969264121461826,
    "S": 11.952226197710687
  },
  "SSS": {
    "R": 11.494388469857569,
    "P": 12.049896402524851,
    "S": 12.024476818451404
  }
}