{
  "RRR": {
    "R": 11.64432994054736,
    "P": 12.187869166664358,
    "S": 11.686419410749288
  },
  "RRP": {
    "R": 12.160319313163882,
    "P": 12.060221738759342,
    "S": 12.453662773987581
  },
  "RRS": {
    "R": 12.192465919249678,
    "P": 12.030323167757617,
    "S": 12.303700636642759
  },
  "RPR": {
    "R": 11.608083436120221,
    "P": 12.281343055542823,
    "S": 12.240117624998145
  },
  "RPP": {
    "R": 12.148771850057832,
    "P": 11.965080054356239,
    "S": 12.107134308571155
  },
  "RPS": {
    "R": 12.174644702705445,
    "P": 12.323454305332243,
    "S": 12.345150243380713
  },
  "RSR": {
    "R": 12.236045369762076,
    "P": 11.508003528783988,
    "S": 12.306183934007818
  },
  "RSP": {
    "R": 12.307108800338362,
    "P": 11.995164493263854,
    "S": 12.02885885940318
  },
  "RSS": {
    "R": 12.099895692142358,
    "P": 11.93352664148916,
    "S": 12.050794950473769
  },
  "PRR": {
    "R": 12.206823774729166,
    "P": 12.175578407014024,
    "S": 12.325445836794959
  },
  "PRP": {
    "R": 12.452312290368255,
    "P": 12.147468601237195,
    "S": 11.93145289615704
  },
  "PRS": {
    "R": 12.283939507343442,
    "P": 12.116680705866859,
    "S": 12.19178409533335
  },
  "PPR": {
    "R": 12.276005754911905,
    "P": 12.02714858201282,
    "S": 11.793850625498468
  },
  "PPP": {
    "R": 12.200165256824071,
    "P": 12.25977719564942,
    "S": 12.332853375478287
  },
  "PPS": {
    "R": 11.76140215744029,
    "P": 12.35073713040563,
    "S": 12.362713316467513
  },
  "PSR": {
    "R": 12.137891967599725,
    "P": 12.274260966969486,
    "S": 11.062344613544106
  },
  "PSP": {
    "R": 12.36028246277704,
    "P": 12.27807097987695,
    "S": 12.36468853546321
  },
  "PSS": {
    "R": 12.288209405527294,
    "P": 12.562604246559609,
    "S": 12.308463766730977
  },
  "SRR": {
    "R": 11.969438420988382,
    "P": 12.20135527050819,
    "S": 12.16757699452428
  },
  "SRP": {
    "R": 12.105352622955554,
    "P": 11.737205924339378,
    "S": 12.312427092989978
  },
  "SRS": {
    "R": 11.992949723784767,
    "P": 12.161222124930982,
    "S": 12.040141019138169
  },
  "SPR": {
    "R": 12.097887378081998,
    "P": 12.226237541048441,
    "S": 12.387448941735787
  },
  "SPP": {
    "R": 11.68233164492394,
    "P": 12.586812570313981,
    "S": 12.341367518688209
  },
  "SPS": {
    "R": 12.256653987033094,
    "P": 12.258818013283094,
    "S": 12.527499728739123
  },
  "SSR": {
    "R": 11.563922543649742,
    "P": 12.300341533072782,
    "S": 12.104057878835988
  },
  "SSP": {
    "R": 11.947263474116532,
    "P": 12.318323894331428,
    "S": 12.433387911073195
  },
  "SSS": {
    "R": 11.494388469857569,
    "P": 12.22012752653917,
    "S": 12.024476818451404
  }
}