{
  "RRR": {
    "R": 3.696705317111506,
    "P": 2.8327322964252053,
    "S": 2.919546563943495
  },
  "RRP": {
    "R": 4.581294381746231,
    "P": 1.772928921217402,
    "S": 2.8278266390276348
  },
  "RRS": {
    "R": 4.1069710683262715,
    "P": 2.399170016729601,
    "S": 3.725081120241484
  },
  "RPR": {
    "R": 4.400119745169841,
    "P": 4.189228934856851,
    "S": 0
  },
  "RPP": {
    "R": 4.000991358908256,
    "P": 0,
    "S": 2.022159788644609
  },
  "RPS": {
    "R": 3.4282438377127695,
    "P": 6.125252879010465,
    "S": 3.698945262371549
  },
  "RSR": {
    "R": 3.767140178436015,
    "P": 3.4074774934118253,
    "S": 2.6907597937284526
  },
  "RSP": {
    "R": 1.1091200744365206,
    "P": 2.1466297222840685,
    "S": 0
  },
  "RSS": {
    "R": 3.0189164855431896,
    "P": 3.613245937339495,
    "S": 5.483238443902601
  },
  "PRR": {
    "R": 2.7589081255709296,
    "P": 4.118431388289445,
    "S": 4.1879102044666325
  },
  "PRP": {
    "R": 4.0503842016211085,
    "P": 3.659674318021426,
    "S": 1.9226100703755047
  },
  "PRS": {
    "R": 0,
    "P": 0.296,
    "S": 3.7439069669854175
  },
  "PPR": {
    "R": 3.348813671033413,
    "P": 3.9981229158228717,
    "S": 1.7976999566458378
  },
  "PPP": {
    "R": 3.060334102170152,
    "P": 4.10292640432738,
    "S": 2.2963403636139743
  },
  "PPS": {
    "R": 0,
    "P": 5.530181353860004,
    "S": 4.400648896069498
  },
  "PSR": {
    "R": 3.4658328514381216,
    "P": 3.286757122814916,
    "S": 0
  },
  "PSP": {
    "R": 1.8880673584533556,
    "P": 6.122156437889577,
    "S": 5.16077267785248
  },
  "PSS": {
    "R": 0.7328803091584001,
    "P": 5.4393329412760005,
    "S": 5.179077726484112
  },
  "SRR": {
    "R": 0,
    "P": 1.6823034668974757,
    "S": 3.995358242068613
  },
  "SRP": {
    "R": 0,
    "P": 0,
    "S": 5.054643319839762
  },
  "SRS": {
    "R": 0,
    "P": 0,
    "S": 5.188569521811766
  },
  "SPR": {
    "R": 3.9493514540573695,
    "P": 0,
    "S": 0
  },
  "SPP": {
    "R": 4.102259468862904,
    "P": 3.4787655143376615,
    "S": 5.807050793415687
  },
  "SPS": {
    "R": 2.8555868774440816,
    "P": 0,
    "S": 5.4842288599781455
  },
  "SSR": {
    "R": 3.5058224372301217,
    "P": 4.069201403992098,
    "S": 1.7208538574458376
  },
  "SSP": {
    "R": 0.296,
    "P": 6.106823044253076,
    "S": 3.1696043193669783
  },
  "SSS": {
    "R": 3.8723439895845004,
    "P": 5.728511332552689,
    "S": 5.6064101669923225
  }
}