{
  "RRR": {
    "R": 10.948966680660352,
    "P": 10.705043570773805,
    "S": 11.152508075110708
  },
  "RRP": {
    "R": 11.491415313239393,
    "P": 10.962349724578864,
    "S": 10.262718447726147
  },
  "RRS": {
    "R": 11.229142302205371,
    "P": 11.132674710098037,
    "S": 10.725724333751538
  },
  "RPR": {
    "R": 9.435311817251286,
    "P": 11.523643969062547,
    "S": 11.125626811273564
  },
  "RPP": {
    "R": 11.250831000590892,
    "P": 8.897758113631845,
    "S": 11.409507113549308
  },
  "RPS": {
    "R": 11.185631972055354,
    "P": 11.076832213092434,
    "S": 11.389450662080632
  },
  "RSR": {
    "R": 10.793012651568926,
    "P": 11.322463338821306,
    "S": 11.204305460853483
  },
  "RSP": {
    "R": 11.185332039238794,
    "P": 11.286532511770579,
    "S": 11.50488843440495
  },
  "RSS": {
    "R": 10.38865488979695,
    "P": 10.722041503149251,
    "S": 11.017604036892031
  },
  "PRR": {
    "R": 10.222280176145372,
    "P": 11.0386961093098,
    "S": 10.877461223533505
  },
  "PRP": {
    "R": 11.587157725411906,
    "P": 11.406546523296207,
    "S": 11.630705339204924
  },
  "PRS": {
    "R": 11.048910582000007,
    "P": 11.248128379756928,
    "S": 9.868248010914991
  },
  "PPR": {
    "R": 11.272639396680878,
    "P": 11.606015902677207,
    "S": 11.140878782795571
  },
  "PPP": {
    "R": 11.354544266047364,
    "P": 10.615761479093191,
    "S": 8.13526832326042
  },
  "PPS": {
    "R": 11.275484517526701,
    "P": 10.833346599690042,
    "S": 11.460827752090736
  },
  "PSR": {
    "R": 11.21896483969059,
    "P": 11.238862658360631,
    "S": 11.062344613544106
  },
  "PSP": {
    "R": 11.421406304823853,
    "P": 11.094337877535365,
    "S": 8.658616959431232
  },
  "PSS": {
    "R": 11.469673511102972,
    "P": 10.977356908523554,
    "S": 11.47919383469123
  },
  "SRR": {
    "R": 11.020495460331187,
    "P": 10.980667132645072,
    "S": 10.666295048375577
  },
  "SRP": {
    "R": 11.199015971609954,
    "P": 10.468634979897725,
    "S": 11.21856961202983
  },
  "SRS": {
    "R": 8.74111885072933,
    "P": 11.190295621534105,
    "S": 10.658099142406336
  },
  "SPR": {
    "R": 10.683474381483375,
    "P": 11.38111165254903,
    "S": 11.29835016042535
  },
  "SPP": {
    "R": 11.147450311464656,
    "P": 10.31199292924048,
    "S": 11.443396209738072
  },
  "SPS": {
    "R": 11.53356682374104,
    "P": 11.508158811199232,
    "S": 10.44337514807229
  },
  "SSR": {
    "R": 10.95004516069048,
    "P": 11.522442312539486,
    "S": 11.096391099049224
  },
  "SSP": {
    "R": 10.551042977892347,
    "P": 11.449804100747226,
    "S": 11.084405772156849
  },
  "SSS": {
    "R": 11.195516820003494,
    "P": 11.411439737312175,
    "S": 11.428661486487904
  }
}