{
  "RRR": {
    "R": 11.64432994054736,
    "P": 11.511670101792324,
    "S": 11.686419410749288
  },
  "RRP": {
    "R": 11.860260255866828,
    "P": 11.711003496897586,
    "S": 11.375643899368587
  },
  "RRS": {
    "R": 11.65680541508884,
    "P": 11.914054946893833,
    "S": 11.671789978962451
  },
  "RPR": {
    "R": 11.608083436120221,
    "P": 11.593055939065884,
    "S": 12.15129017720416
  },
  "RPP": {
    "R": 11.725722204338815,
    "P": 11.965080054356239,
    "S": 12.107134308571155
  },
  "RPS": {
    "R": 11.185631972055354,
    "P": 11.076832213092434,
    "S": 11.812077056643128
  },
  "RSR": {
    "R": 11.738260668935467,
    "P": 11.508003528783988,
    "S": 11.99345764828422
  },
  "RSP": {
    "R": 11.547735899979093,
    "P": 11.958990648439224,
    "S": 11.874420431100365
  },
  "RSS": {
    "R": 11.641135533539694,
    "P": 11.615329625027583,
    "S": 12.150023346845746
  },
  "PRR": {
    "R": 11.707035812027094,
    "P": 11.441183735173839,
    "S": 11.924992826266603
  },
  "PRP": {
    "R": 11.870364680726032,
    "P": 12.147468601237195,
    "S": 11.630705339204924
  },
  "PRS": {
    "R": 12.006063647692269,
    "P": 11.495103585313545,
    "S": 12.3686104386747
  },
  "PPR": {
    "R": 11.453491002501755,
    "P": 12.02714858201282,
    "S": 11.793850625498468
  },
  "PPP": {
    "R": 11.902056069413208,
    "P": 11.855694887811042,
    "S": 12.025803667901407
  },
  "PPS": {
    "R": 11.76140215744029,
    "P": 11.769870729120651,
    "S": 12.074443779372631
  },
  "PSR": {
    "R": 11.74342545206818,
    "P": 11.238862658360631,
    "S": 11.062344613544106
  },
  "PSP": {
    "R": 11.421406304823853,
    "P": 11.895502718124545,
    "S": 8.658616959431232
  },
  "PSS": {
    "R": 11.977961824852258,
    "P": 12.095758150139874,
    "S": 11.974516444378168
  },
  "SRR": {
    "R": 11.70301522216083,
    "P": 11.738004888718258,
    "S": 11.662698208710554
  },
  "SRP": {
    "R": 11.506849825161243,
    "P": 11.737205924339378,
    "S": 11.21856961202983
  },
  "SRS": {
    "R": 11.775159159130403,
    "P": 12.166801985235795,
    "S": 12.040141019138169
  },
  "SPR": {
    "R": 11.67987175147712,
    "P": 11.38111165254903,
    "S": 11.877724316146995
  },
  "SPP": {
    "R": 11.68233164492394,
    "P": 11.742198463812079,
    "S": 12.021918058643848
  },
  "SPS": {
    "R": 11.306252224625164,
    "P": 11.723058275150311,
    "S": 11.82904803819857
  },
  "SSR": {
    "R": 11.563922543649742,
    "P": 11.729015720973582,
    "S": 11.996250524721903
  },
  "SSP": {
    "R": 12.071032291927228,
    "P": 11.969264121461826,
    "S": 11.566055741241037
  },
  "SSS": {
    "R": 11.494388469857569,
    "P": 12.029990901118286,
    "S": 12.024476818451404
  }
}