{
  "RRR": {
    "R": 11.64432994054736,
    "P": 12.373525015178043,
    "S": 11.686419410749288
  },
  "RRP": {
    "R": 12.160319313163882,
    "P": 12.807105185906977,
    "S": 12.453662773987581
  },
  "RRS": {
    "R": 12.192465919249678,
    "P": 12.030323167757617,
    "S": 12.303700636642759
  },
  "RPR": {
    "R": 12.41668995278107,
    "P": 12.540258761134531,
    "S": 12.240117624998145
  },
  "RPP": {
    "R": 12.431941444145933,
    "P": 13.05388302886293,
    "S": 12.573965958706088
  },
  "RPS": {
    "R": 12.43780065536826,
    "P": 12.323454305332243,
    "S": 12.345150243380713
  },
  "RSR": {
    "R": 12.236045369762076,
    "P": 12.329302885036846,
    "S": 12.306183934007818
  },
  "RSP": {
    "R": 12.307108800338362,
    "P": 11.995164493263854,
    "S": 12.02885885940318
  },
  "RSS": {
    "R": 12.099895692142358,
    "P": 12.359022566872957,
    "S": 12.050794950473769
  },
  "PRR": {
    "R": 12.248759318394544,
    "P": 12.175578407014024,
    "S": 12.325445836794959
  },
  "PRP": {
    "R": 12.452312290368255,
    "P": 12.912602569713197,
    "S": 12.293318110742353
  },
  "PRS": {
    "R": 12.344880696046589,
    "P": 12.116680705866859,
    "S": 12.19178409533335
  },
  "PPR": {
    "R": 12.276005754911905,
    "P": 12.526948508240569,
    "S": 12.21233616759288
  },
  "PPP": {
    "R": 12.850497138459732,
    "P": 12.868965376327397,
    "S": 12.332853375478287
  },
  "PPS": {
    "R": 12.19675177026078,
    "P": 12.35073713040563,
    "S": 12.362713316467513
  },
  "PSR": {
    "R": 12.240796805951636,
    "P": 12.274260966969486,
    "S": 12.409562366680026
  },
  "PSP": {
    "R": 12.36028246277704,
    "P": 12.27807097987695,
    "S": 12.36468853546321
  },
  "PSS": {
    "R": 12.288209405527294,
    "P": 12.562604246559609,
    "S": 12.308463766730977
  },
  "SRR": {
    "R": 11.969438420988382,
    "P": 12.377031402177439,
    "S": 12.16757699452428
  },
  "SRP": {
    "R": 12.39136554589632,
    "P": 11.737205924339378,
    "S": 12.325771401918917
  },
  "SRS": {
    "R": 12.502529887127494,
    "P": 12.161222124930982,
    "S": 12.362451631536898
  },
  "SPR": {
    "R": 12.097887378081998,
    "P": 12.226237541048441,
    "S": 12.387448941735787
  },
  "SPP": {
    "R": 12.489089988994806,
    "P": 12.586812570313981,
    "S": 12.341367518688209
  },
  "SPS": {
    "R": 12.256653987033094,
    "P": 12.258818013283094,
    "S": 12.527499728739123
  },
  "SSR": {
    "R": 11.563922543649742,
    "P": 12.300341533072782,
    "S": 12.104057878835988
  },
  "SSP": {
    "R": 11.947263474116532,
    "P": 12.794377031954452,
    "S": 12.433387911073195
  },
  "SSS": {
    "R": 11.494388469857569,
    "P": 12.22012752653917,
    "S": 12.024476818451404
  }
}