{
  "RRR": {
    "R": 1.491080843059414,
    "P": 3.7683907988429715,
    "S": 4.153799379125926
  },
  "RRP": {
    "R": 5.33789540694171,
    "P": 4.152538674814442,
    "S": 1.309793184510121
  },
  "RRS": {
    "R": 4.187139505840365,
    "P": 4.23392353391759,
    "S": 4.357566002146311
  },
  "RPR": {
    "R": 5.403183576347233,
    "P": 4.614129507471803,
    "S": 0
  },
  "RPP": {
    "R": 5.222714594145017,
    "P": 3.957014655642176,
    "S": 1.798731510389225
  },
  "RPS": {
    "R": 3.595487186247523,
    "P": 1.673337464808158,
    "S": 1.5357844282922173
  },
  "RSR": {
    "R": 3.810602318403109,
    "P": 4.6134272151021625,
    "S": 3.2010802078012732
  },
  "RSP": {
    "R": 2.797415992357701,
    "P": 4.651340235268734,
    "S": 0
  },
  "RSS": {
    "R": 4.810093652672949,
    "P": 5.512275756852628,
    "S": 4.8770943552828445
  },
  "PRR": {
    "R": 0,
    "P": 5.220248112678647,
    "S": 4.32700021742259
  },
  "PRP": {
    "R": 0,
    "P": 4.93901370997842,
    "S": 2.031300234224146
  },
  "PRS": {
    "R": 0.7952718745304777,
    "P": 0,
    "S": 5.222649560992892
  },
  "PPR": {
    "R": 5.52600765030949,
    "P": 4.054739129893263,
    "S": 5.504842877273156
  },
  "PPP": {
    "R": 3.2476802096028328,
    "P": 3.5862726051423355,
    "S": 1.2942468284376552
  },
  "PPS": {
    "R": 2.3162475348462888,
    "P": 2.3353890353534434,
    "S": 1.5725088754458383
  },
  "PSR": {
    "R": 4.645577656836251,
    "P": 1.620554393802185,
    "S": 0
  },
  "PSP": {
    "R": 0,
    "P": 3.4197999797701835,
    "S": 2.5043030377313755
  },
  "PSS": {
    "R": 4.157396817024859,
    "P": 1.2838539237235762,
    "S": 1.4156856775825404
  },
  "SRR": {
    "R": 4.141442163084906,
    "P": 0,
    "S": 4.43857807600142
  },
  "SRP": {
    "R": 3.929007482060296,
    "P": 4.775976298287099,
    "S": 1.9710156055529744
  },
  "SRS": {
    "R": 2.906253929100334,
    "P": 2.6993536527302084,
    "S": 5.087485424092394
  },
  "SPR": {
    "R": 2.3653564443206427,
    "P": 1.180041001071807,
    "S": 2.7433451030097036
  },
  "SPP": {
    "R": 5.609747444609646,
    "P": 3.807525439036199,
    "S": 2.4186587494070717
  },
  "SPS": {
    "R": 0,
    "P": 2.596356048912512,
    "S": 0
  },
  "SSR": {
    "R": 4.474120667956136,
    "P": 3.497064171245819,
    "S": 5.043462365266267
  },
  "SSP": {
    "R": 0,
    "P": 5.881139670660005,
    "S": 0.296
  },
  "SSS": {
    "R": 4.801838522647893,
    "P": 0.6803502420896,
    "S": 2.8020820989769106
  }
}