{
  "RRR": {
    "R": 1.4532863093773505,
    "P": 1.2098805389206602,
    "S": 1.058207245938593
  },
  "RRP": {
    "R": 1.190815721722287,
    "P": 1.7267050415721283,
    "S": 0.6529919933039041
  },
  "RRS": {
    "R": 1.5123092782953056,
    "P": 1.6030425395180512,
    "S": 1.423333163623945
  },
  "RPR": {
    "R": 0.9274663934842026,
    "P": 1.8975773854496585,
    "S": 1.7513994789786818
  },
  "RPP": {
    "R": 1.8357813232782678,
    "P": 1.8525444038028507,
    "S": 1.7226002751324931
  },
  "RPS": {
    "R": 2.056400923268016,
    "P": 1.7152591279154685,
    "S": 0.7170084084467737
  },
  "RSR": {
    "R": 0.9924876553649722,
    "P": 1.3987498294615248,
    "S": 1.47403840664644
  },
  "RSP": {
    "R": 0.6905856000000001,
    "P": 2.1078084616685433,
    "S": 1.3662307709808277
  },
  "RSS": {
    "R": 0.8098135466834268,
    "P": 2.1161267383115687,
    "S": 1.0964343634819302
  },
  "PRR": {
    "R": 1.2894315276811257,
    "P": 0.9667142274858371,
    "S": 1.5899206906223022
  },
  "PRP": {
    "R": 0.27713105920000003,
    "P": 1.7247760760886663,
    "S": 1.3257872680574347
  },
  "PRS": {
    "R": 1.4383618638420816,
    "P": 1.7669222494966794,
    "S": 1.1802041215233772
  },
  "PPR": {
    "R": 1.5086720853592108,
    "P": 1.2802915847326728,
    "S": 1.7698827994217425
  },
  "PPP": {
    "R": 1.7792691676283736,
    "P": 1.9106028062260787,
    "S": 1.7189255394930425
  },
  "PPS": {
    "R": 2.058119160805726,
    "P": 1.675750895815127,
    "S": 1.6779876253563875
  },
  "PSR": {
    "R": 1.4071318810222726,
    "P": 1.8551457412932997,
    "S": 1.1052194032957299
  },
  "PSP": {
    "R": 0.9875913337552394,
    "P": 1.7702735264545346,
    "S": 1.6229167140060308
  },
  "PSS": {
    "R": 1.7026401623384182,
    "P": 1.3940912649898656,
    "S": 0.39948800000000007
  },
  "SRR": {
    "R": 1.2598023980925572,
    "P": 0.6848264683520001,
    "S": 1.81647134391475
  },
  "SRP": {
    "R": 2.1517773867585963,
    "P": 1.8545964762939,
    "S": 1.7943917363361994
  },
  "SRS": {
    "R": 1.0692048105634755,
    "P": 1.4197748091455635,
    "S": 1.0917947975065805
  },
  "SPR": {
    "R": 1.3261095664294964,
    "P": 0.32000000000000006,
    "S": 1.116722612418887
  },
  "SPP": {
    "R": 2.1856732964600156,
    "P": 1.9102556739041057,
    "S": 2.2089526471507144
  },
  "SPS": {
    "R": 1.7452127927252552,
    "P": 0.9699064397533738,
    "S": 2.0605320066425032
  },
  "SSR": {
    "R": 1.5322518126625368,
    "P": 1.8201197357656969,
    "S": 0.9428067855968879
  },
  "SSP": {
    "R": 1.2047732538564968,
    "P": 2.2951219158041996,
    "S": 1.758959349830557
  },
  "SSS": {
    "R": 1.1456509074775538,
    "P": 1.2730891326176481,
    "S": 0.3274880000000001
  }
}