{
  "RRR": {
    "R": 11.64432994054736,
    "P": 12.30703902887142,
    "S": 11.686419410749288
  },
  "RRP": {
    "R": 12.160319313163882,
    "P": 12.060221738759342,
    "S": 11.977122561707915
  },
  "RRS": {
    "R": 12.192465919249678,
    "P": 12.030323167757617,
    "S": 12.303700636642759
  },
  "RPR": {
    "R": 11.608083436120221,
    "P": 11.593055939065884,
    "S": 12.240117624998145
  },
  "RPP": {
    "R": 12.148771850057832,
    "P": 11.965080054356239,
    "S": 12.107134308571155
  },
  "RPS": {
    "R": 11.866691809678134,
    "P": 12.245586995536375,
    "S": 12.23501377836366
  },
  "RSR": {
    "R": 12.236045369762076,
    "P": 11.508003528783988,
    "S": 12.306183934007818
  },
  "RSP": {
    "R": 12.203269947883275,
    "P": 11.995164493263854,
    "S": 12.02885885940318
  },
  "RSS": {
    "R": 12.128487951786173,
    "P": 11.93352664148916,
    "S": 12.050794950473769
  },
  "PRR": {
    "R": 11.707035812027094,
    "P": 12.175578407014024,
    "S": 12.325445836794959
  },
  "PRP": {
    "R": 11.870364680726032,
    "P": 12.147468601237195,
    "S": 11.93145289615704
  },
  "PRS": {
    "R": 12.283939507343442,
    "P": 12.116680705866859,
    "S": 12.412512204539333
  },
  "PPR": {
    "R": 12.176990367392666,
    "P": 12.02714858201282,
    "S": 11.793850625498468
  },
  "PPP": {
    "R": 12.05082434883554,
    "P": 12.25977719564942,
    "S": 12.332853375478287
  },
  "PPS": {
    "R": 11.76140215744029,
    "P": 12.35073713040563,
    "S": 12.303229126273331
  },
  "PSR": {
    "R": 12.137891967599725,
    "P": 11.839189327497614,
    "S": 11.062344613544106
  },
  "PSP": {
    "R": 12.36028246277704,
    "P": 12.27807097987695,
    "S": 12.365544178211538
  },
  "PSS": {
    "R": 12.308229626328938,
    "P": 12.18952186199217,
    "S": 11.974516444378168
  },
  "SRR": {
    "R": 11.969438420988382,
    "P": 12.20135527050819,
    "S": 12.16757699452428
  },
  "SRP": {
    "R": 11.506849825161243,
    "P": 11.737205924339378,
    "S": 12.125328285787317
  },
  "SRS": {
    "R": 11.992949723784767,
    "P": 12.082550780847026,
    "S": 12.040141019138169
  },
  "SPR": {
    "R": 12.097887378081998,
    "P": 12.226237541048441,
    "S": 12.358309340151536
  },
  "SPP": {
    "R": 11.68233164492394,
    "P": 12.24136036713753,
    "S": 12.356542819773235
  },
  "SPS": {
    "R": 12.379146196620553,
    "P": 12.258818013283094,
    "S": 12.082511798972927
  },
  "SSR": {
    "R": 11.563922543649742,
    "P": 11.729015720973582,
    "S": 12.205586446787859
  },
  "SSP": {
    "R": 11.947263474116532,
    "P": 12.294527517037736,
    "S": 11.952226197710687
  },
  "SSS": {
    "R": 11.494388469857569,
    "P": 12.049896402524851,
    "S": 12.024476818451404
  }
}