{
  "RRR": {
    "R": 11.64432994054736,
    "P": 12.373525015178043,
    "S": 12.221188259072083
  },
  "RRP": {
    "R": 12.160319313163882,
    "P": 12.807105185906977,
    "S": 12.453662773987581
  },
  "RRS": {
    "R": 12.192465919249678,
    "P": 12.512930014842867,
    "S": 12.333747511614133
  },
  "RPR": {
    "R": 12.41668995278107,
    "P": 12.804082527679569,
    "S": 12.373371874143846
  },
  "RPP": {
    "R": 12.779706787783768,
    "P": 13.05388302886293,
    "S": 12.573965958706088
  },
  "RPS": {
    "R": 12.43780065536826,
    "P": 12.409667896596673,
    "S": 12.345150243380713
  },
  "RSR": {
    "R": 12.428780058227378,
    "P": 12.329302885036846,
    "S": 12.306183934007818
  },
  "RSP": {
    "R": 12.307108800338362,
    "P": 11.995164493263854,
    "S": 12.675312403113246
  },
  "RSS": {
    "R": 12.099895692142358,
    "P": 12.359022566872957,
    "S": 12.232015268022888
  },
  "PRR": {
    "R": 12.248759318394544,
    "P": 12.175578407014024,
    "S": 12.325445836794959
  },
  "PRP": {
    "R": 12.79483309576882,
    "P": 12.912602569713197,
    "S": 12.455827248795579
  },
  "PRS": {
    "R": 12.322505747629524,
    "P": 12.116680705866859,
    "S": 12.19178409533335
  },
  "PPR": {
    "R": 12.276005754911905,
    "P": 12.800621861927137,
    "S": 12.21233616759288
  },
  "PPP": {
    "R": 12.850497138459732,
    "P": 12.868965376327397,
    "S": 12.332853375478287
  },
  "PPS": {
    "R": 12.19675177026078,
    "P": 12.35073713040563,
    "S": 12.362713316467513
  },
  "PSR": {
    "R": 12.240796805951636,
    "P": 12.638579134367417,
    "S": 12.409562366680026
  },
  "PSP": {
    "R": 12.36028246277704,
    "P": 12.27807097987695,
    "S": 12.626610633318371
  },
  "PSS": {
    "R": 12.288209405527294,
    "P": 12.562604246559609,
    "S": 12.308463766730977
  },
  "SRR": {
    "R": 12.546149683666268,
    "P": 12.377031402177439,
    "S": 12.324099012749723
  },
  "SRP": {
    "R": 12.490386942206117,
    "P": 11.737205924339378,
    "S": 12.325771401918917
  },
  "SRS": {
    "R": 12.576745246435706,
    "P": 12.161222124930982,
    "S": 12.362451631536898
  },
  "SPR": {
    "R": 12.097887378081998,
    "P": 12.226237541048441,
    "S": 12.387448941735787
  },
  "SPP": {
    "R": 12.489089988994806,
    "P": 12.586812570313981,
    "S": 12.341367518688209
  },
  "SPS": {
    "R": 12.425440035669137,
    "P": 12.695611929815401,
    "S": 12.527499728739123
  },
  "SSR": {
    "R": 11.563922543649742,
    "P": 12.300341533072782,
    "S": 12.454423420738754
  },
  "SSP": {
    "R": 11.947263474116532,
    "P": 12.794377031954452,
    "S": 12.433387911073195
  },
  "SSS": {
    "R": 12.36858923116788,
    "P": 12.22012752653917,
    "S": 12.024476818451404
  }
}