{
  "RRR": {
    "R": 7.70821698784468,
    "P": 7.869656034508858,
    "S": 7.991023184639969
  },
  "RRP": {
    "R": 10.84181965694689,
    "P": 7.998711165877852,
    "S": 7.724062775819701
  },
  "RRS": {
    "R": 10.346068792019441,
    "P": 7.9425876028269355,
    "S": 7.950783906564096
  },
  "RPR": {
    "R": 9.435311817251286,
    "P": 8.249162220128003,
    "S": 11.125626811273564
  },
  "RPP": {
    "R": 9.4527730709264,
    "P": 8.38779905307909,
    "S": 10.601201240982745
  },
  "RPS": {
    "R": 7.786671751642702,
    "P": 8.252272162429822,
    "S": 9.911050891952138
  },
  "RSR": {
    "R": 10.677957298233313,
    "P": 8.006156796573922,
    "S": 11.023262840146597
  },
  "RSP": {
    "R": 11.120284750986327,
    "P": 8.049606551305779,
    "S": 10.957661501370005
  },
  "RSS": {
    "R": 10.38865488979695,
    "P": 8.019360657347647,
    "S": 7.52242419518337
  },
  "PRR": {
    "R": 7.710956443488724,
    "P": 10.179929195053145,
    "S": 8.086843736125731
  },
  "PRP": {
    "R": 10.813569318570098,
    "P": 10.58317969634432,
    "S": 8.234454954046784
  },
  "PRS": {
    "R": 11.048910582000007,
    "P": 11.12183254811092,
    "S": 8.161610006546725
  },
  "PPR": {
    "R": 8.276756236400121,
    "P": 10.141429827175646,
    "S": 8.326206158083567
  },
  "PPP": {
    "R": 8.27945760278026,
    "P": 8.694321561814549,
    "S": 8.13526832326042
  },
  "PPS": {
    "R": 8.50624499447108,
    "P": 10.833346599690042,
    "S": 8.829235994854134
  },
  "PSR": {
    "R": 7.959548301283558,
    "P": 9.084630669010254,
    "S": 8.783855956121105
  },
  "PSP": {
    "R": 11.04321445261553,
    "P": 9.300331385806444,
    "S": 8.658616959431232
  },
  "PSS": {
    "R": 10.843343584395498,
    "P": 9.297436074735078,
    "S": 8.468110504829045
  },
  "SRR": {
    "R": 7.888601469885977,
    "P": 10.754947400244092,
    "S": 9.590378341536466
  },
  "SRP": {
    "R": 8.908142723547446,
    "P": 8.599840927673247,
    "S": 8.401458113992822
  },
  "SRS": {
    "R": 8.74111885072933,
    "P": 11.0657037241672,
    "S": 9.63960658439663
  },
  "SPR": {
    "R": 8.015723241068564,
    "P": 11.100167148734506,
    "S": 11.13088122842867
  },
  "SPP": {
    "R": 8.274514318995706,
    "P": 8.197087146912322,
    "S": 9.978353705028573
  },
  "SPS": {
    "R": 8.793694746689464,
    "P": 10.602908602508538,
    "S": 10.44337514807229
  },
  "SSR": {
    "R": 8.666525004533492,
    "P": 8.033893259331725,
    "S": 10.919023627072228
  },
  "SSP": {
    "R": 7.114863077891682,
    "P": 8.34008978921345,
    "S": 9.937380153807387
  },
  "SSS": {
    "R": 8.560183901934856,
    "P": 8.255168840852262,
    "S": 8.31228501706275
  }
}