{
  "RRR": {
    "R": 10.276602161269453,
    "P": 10.705043570773805,
    "S": 10.726089341978962
  },
  "RRP": {
    "R": 10.84181965694689,
    "P": 10.962349724578864,
    "S": 10.262718447726147
  },
  "RRS": {
    "R": 10.999525681611777,
    "P": 7.9425876028269355,
    "S": 10.725724333751538
  },
  "RPR": {
    "R": 9.435311817251286,
    "P": 11.19605215046163,
    "S": 11.125626811273564
  },
  "RPP": {
    "R": 11.250831000590892,
    "P": 8.897758113631845,
    "S": 11.409507113549308
  },
  "RPS": {
    "R": 10.813488929241778,
    "P": 11.076832213092434,
    "S": 11.197951464080253
  },
  "RSR": {
    "R": 10.793012651568926,
    "P": 11.322463338821306,
    "S": 11.023262840146597
  },
  "RSP": {
    "R": 11.185332039238794,
    "P": 11.286532511770579,
    "S": 11.20947602062079
  },
  "RSS": {
    "R": 10.38865488979695,
    "P": 10.722041503149251,
    "S": 10.290349826857888
  },
  "PRR": {
    "R": 7.710956443488724,
    "P": 11.0386961093098,
    "S": 10.877461223533505
  },
  "PRP": {
    "R": 11.102025935489978,
    "P": 11.406546523296207,
    "S": 11.153126424252541
  },
  "PRS": {
    "R": 11.048910582000007,
    "P": 11.174609189092765,
    "S": 9.868248010914991
  },
  "PPR": {
    "R": 10.862852100128475,
    "P": 11.606015902677207,
    "S": 11.140878782795571
  },
  "PPP": {
    "R": 10.676420775393051,
    "P": 8.694321561814549,
    "S": 8.13526832326042
  },
  "PPS": {
    "R": 11.159075642593107,
    "P": 10.833346599690042,
    "S": 11.460827752090736
  },
  "PSR": {
    "R": 10.85248556114472,
    "P": 10.15341586709213,
    "S": 11.062344613544106
  },
  "PSP": {
    "R": 11.04321445261553,
    "P": 11.094337877535365,
    "S": 8.658616959431232
  },
  "PSS": {
    "R": 11.469673511102972,
    "P": 10.977356908523554,
    "S": 11.211849049162499
  },
  "SRR": {
    "R": 10.916555254566381,
    "P": 10.810586977111882,
    "S": 10.666295048375577
  },
  "SRP": {
    "R": 11.242721297888583,
    "P": 10.468634979897725,
    "S": 11.21856961202983
  },
  "SRS": {
    "R": 8.74111885072933,
    "P": 11.190295621534105,
    "S": 10.252527121155966
  },
  "SPR": {
    "R": 10.683474381483375,
    "P": 11.38111165254903,
    "S": 11.13088122842867
  },
  "SPP": {
    "R": 11.147450311464656,
    "P": 8.197087146912322,
    "S": 11.430560377938537
  },
  "SPS": {
    "R": 11.20173278405994,
    "P": 10.919790974197841,
    "S": 10.44337514807229
  },
  "SSR": {
    "R": 10.95004516069048,
    "P": 11.522442312539486,
    "S": 11.096391099049224
  },
  "SSP": {
    "R": 10.551042977892347,
    "P": 10.78262297855198,
    "S": 10.848094544554366
  },
  "SSS": {
    "R": 11.195516820003494,
    "P": 9.55929788981142,
    "S": 11.017493863765091
  }
}