{
  "RRR": {
    "R": 11.64432994054736,
    "P": 13.344311321334432,
    "S": 13.412887030901242
  },
  "RRP": {
    "R": 13.675292719923725,
    "P": 13.40585728396887,
    "S": 13.825257401420929
  },
  "RRS": {
    "R": 13.802268353039477,
    "P": 13.669719211709827,
    "S": 13.40365299845775
  },
  "RPR": {
    "R": 13.68808454419308,
    "P": 13.71360843986396,
    "S": 13.713573635163666
  },
  "RPP": {
    "R": 13.322662366184378,
    "P": 12.90539789722967,
    "S": 13.523767601155273
  },
  "RPS": {
    "R": 13.979197874192945,
    "P": 13.621705837878887,
    "S": 13.54009299922205
  },
  "RSR": {
    "R": 13.628520784933912,
    "P": 12.837213328229726,
    "S": 13.879572418568507
  },
  "RSP": {
    "R": 13.951917006210078,
    "P": 13.74033306303921,
    "S": 13.62535862548297
  },
  "RSS": {
    "R": 13.781449811555838,
    "P": 13.391289570977829,
    "S": 13.637141536522565
  },
  "PRR": {
    "R": 13.281684271531256,
    "P": 13.870095818385419,
    "S": 13.412445038693628
  },
  "PRP": {
    "R": 13.557414241654936,
    "P": 13.498752897076457,
    "S": 13.65701551529108
  },
  "PRS": {
    "R": 13.02714374150117,
    "P": 13.720606310952272,
    "S": 13.722718178703026
  },
  "PPR": {
    "R": 13.501121671110418,
    "P": 13.655083568557272,
    "S": 13.674352224232377
  },
  "PPP": {
    "R": 13.362488755035068,
    "P": 12.868965376327397,
    "S": 13.611844880845904
  },
  "PPS": {
    "R": 13.415865993421964,
    "P": 13.55677024138516,
    "S": 13.674977732861748
  },
  "PSR": {
    "R": 13.510316301198937,
    "P": 13.26070420559613,
    "S": 13.886329805095622
  },
  "PSP": {
    "R": 13.669528199484361,
    "P": 13.68960799684045,
    "S": 13.533886137138218
  },
  "PSS": {
    "R": 13.812906553101119,
    "P": 13.730206323410346,
    "S": 13.100886422266147
  },
  "SRR": {
    "R": 13.363166089022812,
    "P": 13.874023350775522,
    "S": 13.803861213821923
  },
  "SRP": {
    "R": 13.513562872574317,
    "P": 11.737205924339378,
    "S": 12.97270353651576
  },
  "SRS": {
    "R": 13.884141458644443,
    "P": 13.78423142969978,
    "S": 13.566045912546402
  },
  "SPR": {
    "R": 13.02959164526272,
    "P": 13.997938825856034,
    "S": 13.699176104459026
  },
  "SPP": {
    "R": 13.662080292024381,
    "P": 13.66786061266684,
    "S": 13.63458723390412
  },
  "SPS": {
    "R": 13.779147009087598,
    "P": 13.572071579378157,
    "S": 13.234138909734874
  },
  "SSR": {
    "R": 13.737681476613867,
    "P": 13.09027215484059,
    "S": 13.587900903370416
  },
  "SSP": {
    "R": 13.896493596359559,
    "P": 13.689419610684896,
    "S": 13.032102511582368
  },
  "SSS": {
    "R": 12.80020774916693,
    "P": 13.811877042858496,
    "S": 13.356593705618268
  }
}