{
  "RRR": {
    "R": 11.64432994054736,
    "P": 11.511670101792324,
    "S": 11.686419410749288
  },
  "RRP": {
    "R": 12.210914805835204,
    "P": 12.060221738759342,
    "S": 11.977122561707915
  },
  "RRS": {
    "R": 12.192465919249678,
    "P": 12.030323167757617,
    "S": 12.303700636642759
  },
  "RPR": {
    "R": 11.608083436120221,
    "P": 11.593055939065884,
    "S": 12.156856230903331
  },
  "RPP": {
    "R": 12.148771850057832,
    "P": 11.965080054356239,
    "S": 12.107134308571155
  },
  "RPS": {
    "R": 11.866691809678134,
    "P": 11.96104304279337,
    "S": 11.812077056643128
  },
  "RSR": {
    "R": 12.119617213024492,
    "P": 11.508003528783988,
    "S": 11.99345764828422
  },
  "RSP": {
    "R": 11.547735899979093,
    "P": 11.995164493263854,
    "S": 11.904845621996452
  },
  "RSS": {
    "R": 12.128487951786173,
    "P": 11.615329625027583,
    "S": 12.050794950473769
  },
  "PRR": {
    "R": 11.707035812027094,
    "P": 12.175578407014024,
    "S": 12.325445836794959
  },
  "PRP": {
    "R": 11.870364680726032,
    "P": 12.147468601237195,
    "S": 11.630705339204924
  },
  "PRS": {
    "R": 12.006063647692269,
    "P": 12.116680705866859,
    "S": 12.151466470716185
  },
  "PPR": {
    "R": 12.176990367392666,
    "P": 12.02714858201282,
    "S": 11.793850625498468
  },
  "PPP": {
    "R": 12.05082434883554,
    "P": 12.25977719564942,
    "S": 12.025803667901407
  },
  "PPS": {
    "R": 11.76140215744029,
    "P": 11.769870729120651,
    "S": 12.074443779372631
  },
  "PSR": {
    "R": 12.137891967599725,
    "P": 11.66426561041688,
    "S": 11.062344613544106
  },
  "PSP": {
    "R": 12.037502601215081,
    "P": 11.895502718124545,
    "S": 8.658616959431232
  },
  "PSS": {
    "R": 11.977961824852258,
    "P": 12.095758150139874,
    "S": 11.974516444378168
  },
  "SRR": {
    "R": 11.70301522216083,
    "P": 12.20135527050819,
    "S": 12.16757699452428
  },
  "SRP": {
    "R": 11.506849825161243,
    "P": 11.737205924339378,
    "S": 11.824297607091514
  },
  "SRS": {
    "R": 11.992949723784767,
    "P": 12.002722289846641,
    "S": 12.040141019138169
  },
  "SPR": {
    "R": 12.097887378081998,
    "P": 11.38111165254903,
    "S": 11.877724316146995
  },
  "SPP": {
    "R": 11.68233164492394,
    "P": 12.230268125409689,
    "S": 12.021918058643848
  },
  "SPS": {
    "R": 11.996423925803095,
    "P": 11.723058275150311,
    "S": 11.82904803819857
  },
  "SSR": {
    "R": 11.563922543649742,
    "P": 11.729015720973582,
    "S": 12.048366397480567
  },
  "SSP": {
    "R": 11.947263474116532,
    "P": 11.969264121461826,
    "S": 11.566055741241037
  },
  "SSS": {
    "R": 11.494388469857569,
    "P": 12.049896402524851,
    "S": 12.024476818451404
  }
}