{
  "RRR": {
    "R": 1.0229481344282092,
    "P": 1.0904066050787458,
    "S": 1.500555576193972
  },
  "RRP": {
    "R": 1.261295445363325,
    "P": 1.302279059371194,
    "S": 1.1201973380677723
  },
  "RRS": {
    "R": 1.0854977847421035,
    "P": 1.5942322164059424,
    "S": 1.3478525605146783
  },
  "RPR": {
    "R": 1.355218015579005,
    "P": 0.8602523591530887,
    "S": 1.2189685981221325
  },
  "RPP": {
    "R": 1.0995968302926273,
    "P": 1.3251367727564147,
    "S": 0.5920624195449675
  },
  "RPS": {
    "R": 1.0262365454783782,
    "P": 1.1050267750743796,
    "S": 1.0680245181619061
  },
  "RSR": {
    "R": 1.1580487390463536,
    "P": 1.005577284634573,
    "S": 1.7400112864740522
  },
  "RSP": {
    "R": 0.9983590061319872,
    "P": 1.4946560881531277,
    "S": 1.0281881727886204
  },
  "RSS": {
    "R": 1.4367366301426892,
    "P": 1.534846722363826,
    "S": 1.1157742694825592
  },
  "PRR": {
    "R": 1.5156682226403633,
    "P": 1.3688357998757397,
    "S": 1.0794960336288424
  },
  "PRP": {
    "R": 0.9409120663773047,
    "P": 0.7970128372823494,
    "S": 1.2416865108540813
  },
  "PRS": {
    "R": 1.1801339443480547,
    "P": 1.040324716311488,
    "S": 1.4658818401607743
  },
  "PPR": {
    "R": 1.4327361552733637,
    "P": 0.61291844317324,
    "S": 1.4150106287576663
  },
  "PPP": {
    "R": 1.7030472387723252,
    "P": 1.637005810004075,
    "S": 1.2340534758508859
  },
  "PPS": {
    "R": 1.4440659374658282,
    "P": 0.7646629068704347,
    "S": 1.0101474124451122
  },
  "PSR": {
    "R": 1.5059173272357458,
    "P": 0.9274087488432528,
    "S": 1.784158740839827
  },
  "PSP": {
    "R": 0.11662007728960003,
    "P": 1.4100448424285517,
    "S": 0.8233279846700026
  },
  "PSS": {
    "R": 1.0971002363937432,
    "P": 1.2855463791052102,
    "S": 0.9830937172858423
  },
  "SRR": {
    "R": 1.037424793250387,
    "P": 1.3725482744675288,
    "S": 1.1646600485380947
  },
  "SRP": {
    "R": 0.9980572057956174,
    "P": 0.9890727318183901,
    "S": 1.1527463055666054
  },
  "SRS": {
    "R": 0.9675752626630884,
    "P": 1.5040918026560743,
    "S": 1.4941001373283505
  },
  "SPR": {
    "R": 1.603400556733513,
    "P": 1.225883358614305,
    "S": 1.0006427857423008
  },
  "SPP": {
    "R": 1.7381688298811684,
    "P": 1.4975829350683008,
    "S": 1.463297456826366
  },
  "SPS": {
    "R": 1.4561420879624756,
    "P": 0.916622612085558,
    "S": 1.2305169005626646
  },
  "SSR": {
    "R": 1.0645821003990088,
    "P": 1.1440181877608466,
    "S": 1.4122440363976592
  },
  "SSP": {
    "R": 1.5227331387590746,
    "P": 1.3066301180920343,
    "S": 1.4540892121167435
  },
  "SSS": {
    "R": 0.5678768994485298,
    "P": 1.1714161031342212,
    "S": 1.0947815334894675
  }
}