{
  "RRR": {
    "R": 11.64432994054736,
    "P": 11.511670101792324,
    "S": 11.686419410749288
  },
  "RRP": {
    "R": 11.505609525474314,
    "P": 11.45124282518956,
    "S": 11.375643899368587
  },
  "RRS": {
    "R": 11.65680541508884,
    "P": 11.914054946893833,
    "S": 11.671789978962451
  },
  "RPR": {
    "R": 11.608083436120221,
    "P": 11.593055939065884,
    "S": 11.494507892732555
  },
  "RPP": {
    "R": 11.725722204338815,
    "P": 10.99497514090558,
    "S": 11.409507113549308
  },
  "RPS": {
    "R": 11.185631972055354,
    "P": 11.076832213092434,
    "S": 11.812077056643128
  },
  "RSR": {
    "R": 11.738260668935467,
    "P": 11.508003528783988,
    "S": 11.99345764828422
  },
  "RSP": {
    "R": 11.547735899979093,
    "P": 11.958990648439224,
    "S": 11.874420431100365
  },
  "RSS": {
    "R": 10.38865488979695,
    "P": 11.615329625027583,
    "S": 12.150023346845746
  },
  "PRR": {
    "R": 11.707035812027094,
    "P": 11.441183735173839,
    "S": 11.924992826266603
  },
  "PRP": {
    "R": 11.870364680726032,
    "P": 11.806741053691722,
    "S": 11.630705339204924
  },
  "PRS": {
    "R": 12.006063647692269,
    "P": 11.495103585313545,
    "S": 11.921443063700695
  },
  "PPR": {
    "R": 11.453491002501755,
    "P": 12.033078537668484,
    "S": 11.793850625498468
  },
  "PPP": {
    "R": 11.715417221083673,
    "P": 11.506878613184622,
    "S": 10.87522027552176
  },
  "PPS": {
    "R": 11.76140215744029,
    "P": 10.833346599690042,
    "S": 11.976198964209953
  },
  "PSR": {
    "R": 11.74342545206818,
    "P": 11.238862658360631,
    "S": 11.062344613544106
  },
  "PSP": {
    "R": 11.421406304823853,
    "P": 11.722364476522287,
    "S": 8.658616959431232
  },
  "PSS": {
    "R": 11.469673511102972,
    "P": 12.095758150139874,
    "S": 11.974516444378168
  },
  "SRR": {
    "R": 11.70301522216083,
    "P": 11.637613491621277,
    "S": 11.662698208710554
  },
  "SRP": {
    "R": 11.506849825161243,
    "P": 10.468634979897725,
    "S": 11.21856961202983
  },
  "SRS": {
    "R": 11.775159159130403,
    "P": 11.687877736732531,
    "S": 10.658099142406336
  },
  "SPR": {
    "R": 11.67987175147712,
    "P": 11.38111165254903,
    "S": 11.877724316146995
  },
  "SPP": {
    "R": 11.68233164492394,
    "P": 11.742198463812079,
    "S": 11.970275624531157
  },
  "SPS": {
    "R": 11.306252224625164,
    "P": 11.723058275150311,
    "S": 11.82904803819857
  },
  "SSR": {
    "R": 10.95004516069048,
    "P": 11.288373031136535,
    "S": 11.096391099049224
  },
  "SSP": {
    "R": 12.071032291927228,
    "P": 11.969264121461826,
    "S": 11.566055741241037
  },
  "SSS": {
    "R": 11.494388469857569,
    "P": 12.029990901118286,
    "S": 12.024476818451404
  }
}