{
  "RRR": {
    "R": 0.35065048000000004,
    "P": 1.0904066050787458,
    "S": 1.1614837914047136
  },
  "RRP": {
    "R": 0.7093135722817391,
    "P": 1.302279059371194,
    "S": 1.1201973380677723
  },
  "RRS": {
    "R": 1.0854977847421035,
    "P": 0.8279792889169533,
    "S": 1.2256472166521017
  },
  "RPR": {
    "R": 1.039636156364515,
    "P": 0.8602523591530887,
    "S": 1.1913283885438344
  },
  "RPP": {
    "R": 1.0995968302926273,
    "P": 1.3251367727564147,
    "S": 0.5920624195449675
  },
  "RPS": {
    "R": 1.0262365454783782,
    "P": 1.1050267750743796,
    "S": 0.706900198386149
  },
  "RSR": {
    "R": 1.1580487390463536,
    "P": 1.005577284634573,
    "S": 0.9585012985142098
  },
  "RSP": {
    "R": 0.9983590061319872,
    "P": 1.357669410543777,
    "S": 0.7203315941571702
  },
  "RSS": {
    "R": 1.1379089158367257,
    "P": 1.2346301963906594,
    "S": 1.1157742694825592
  },
  "PRR": {
    "R": 1.4460302781167929,
    "P": 1.3725782426204136,
    "S": 1.0794960336288424
  },
  "PRP": {
    "R": 0.9409120663773047,
    "P": 0.7970128372823494,
    "S": 1.2416865108540813
  },
  "PRS": {
    "R": 1.221122267644391,
    "P": 1.040324716311488,
    "S": 0.992625952009017
  },
  "PPR": {
    "R": 1.3746687472251908,
    "P": 0.61291844317324,
    "S": 0.951761954529772
  },
  "PPP": {
    "R": 1.7030472387723252,
    "P": 1.637005810004075,
    "S": 1.2340534758508859
  },
  "PPS": {
    "R": 1.4587571761269407,
    "P": 0.7646629068704347,
    "S": 1.0101474124451122
  },
  "PSR": {
    "R": 1.1004076152900184,
    "P": 0.9274087488432528,
    "S": 1.431767686281785
  },
  "PSP": {
    "R": 0.11662007728960003,
    "P": 1.1409611277765774,
    "S": 0.8233279846700026
  },
  "PSS": {
    "R": 0.91109639848872,
    "P": 0.9483611703533885,
    "S": 0.9830937172858423
  },
  "SRR": {
    "R": 1.037424793250387,
    "P": 1.551496705925826,
    "S": 1.1646600485380947
  },
  "SRP": {
    "R": 0.9980572057956174,
    "P": 0.9890727318183901,
    "S": 1.266392044764133
  },
  "SRS": {
    "R": 0.9675752626630884,
    "P": 1.6178315399181578,
    "S": 1.3809284662898902
  },
  "SPR": {
    "R": 1.1297079730518649,
    "P": 1.225883358614305,
    "S": 1.0006427857423008
  },
  "SPP": {
    "R": 0.6382726339717363,
    "P": 1.4975829350683008,
    "S": 1.1999081042811457
  },
  "SPS": {
    "R": 1.038430859432048,
    "P": 0,
    "S": 0.8018558787412476
  },
  "SSR": {
    "R": 1.0645821003990088,
    "P": 0.5183166725447647,
    "S": 0.8551726691965242
  },
  "SSP": {
    "R": 1.2361298490586088,
    "P": 1.3066301180920343,
    "S": 0.4540438099584
  },
  "SSS": {
    "R": 0.5678768994485298,
    "P": 1.1714161031342212,
    "S": 1.0947815334894675
  }
}