{
  "RRR": {
    "R": 11.64432994054736,
    "P": 13.344311321334432,
    "S": 13.412887030901242
  },
  "RRP": {
    "R": 13.675292719923725,
    "P": 13.40585728396887,
    "S": 13.590112813360665
  },
  "RRS": {
    "R": 13.802268353039477,
    "P": 13.262340146131189,
    "S": 13.40365299845775
  },
  "RPR": {
    "R": 13.410483208527157,
    "P": 13.71360843986396,
    "S": 13.713573635163666
  },
  "RPP": {
    "R": 13.322662366184378,
    "P": 12.90539789722967,
    "S": 13.523767601155273
  },
  "RPS": {
    "R": 13.022761224217145,
    "P": 13.534945661521904,
    "S": 13.21546437760464
  },
  "RSR": {
    "R": 13.628520784933912,
    "P": 12.837213328229726,
    "S": 13.879572418568507
  },
  "RSP": {
    "R": 13.64302346715322,
    "P": 13.74033306303921,
    "S": 13.62535862548297
  },
  "RSS": {
    "R": 13.271204755379681,
    "P": 13.391289570977829,
    "S": 13.373192127112926
  },
  "PRR": {
    "R": 13.281684271531256,
    "P": 13.363917841797498,
    "S": 13.412445038693628
  },
  "PRP": {
    "R": 13.557414241654936,
    "P": 13.498752897076457,
    "S": 13.271874986675773
  },
  "PRS": {
    "R": 13.02714374150117,
    "P": 13.720606310952272,
    "S": 13.349391784126194
  },
  "PPR": {
    "R": 13.501121671110418,
    "P": 12.871776933885647,
    "S": 13.674352224232377
  },
  "PPP": {
    "R": 13.362488755035068,
    "P": 12.868965376327397,
    "S": 13.611844880845904
  },
  "PPS": {
    "R": 13.415865993421964,
    "P": 13.55677024138516,
    "S": 13.567483688064382
  },
  "PSR": {
    "R": 13.510316301198937,
    "P": 13.26070420559613,
    "S": 13.051589586503326
  },
  "PSP": {
    "R": 13.669528199484361,
    "P": 13.52006685046561,
    "S": 13.533886137138218
  },
  "PSS": {
    "R": 13.392192222861533,
    "P": 13.581314332780217,
    "S": 13.100886422266147
  },
  "SRR": {
    "R": 13.363166089022812,
    "P": 13.874023350775522,
    "S": 13.602346114366188
  },
  "SRP": {
    "R": 12.993802952176875,
    "P": 11.737205924339378,
    "S": 12.97270353651576
  },
  "SRS": {
    "R": 13.884141458644443,
    "P": 13.78423142969978,
    "S": 13.00119514841483
  },
  "SPR": {
    "R": 13.02959164526272,
    "P": 13.482677717595505,
    "S": 13.687822814209825
  },
  "SPP": {
    "R": 13.676529566862635,
    "P": 13.66786061266684,
    "S": 13.618189156133901
  },
  "SPS": {
    "R": 13.779147009087598,
    "P": 13.572071579378157,
    "S": 13.234138909734874
  },
  "SSR": {
    "R": 13.14399135230434,
    "P": 12.300341533072782,
    "S": 13.587900903370416
  },
  "SSP": {
    "R": 13.397607921901844,
    "P": 13.800119965454545,
    "S": 13.032102511582368
  },
  "SSS": {
    "R": 12.80020774916693,
    "P": 13.099872584521101,
    "S": 13.356593705618268
  }
}