{
  "RRR": {
    "R": 1.0229481344282092,
    "P": 1.0904066050787458,
    "S": 1.5749168262705493
  },
  "RRP": {
    "R": 1.6247924246598713,
    "P": 1.302279059371194,
    "S": 1.1201973380677723
  },
  "RRS": {
    "R": 1.863262559319764,
    "P": 1.5942322164059424,
    "S": 1.5551372216098494
  },
  "RPR": {
    "R": 1.355218015579005,
    "P": 0.8602523591530887,
    "S": 1.73699197706062
  },
  "RPP": {
    "R": 1.0995968302926273,
    "P": 1.3251367727564147,
    "S": 1.294407805218955
  },
  "RPS": {
    "R": 1.0262365454783782,
    "P": 1.1050267750743796,
    "S": 1.0680245181619061
  },
  "RSR": {
    "R": 1.522888631767429,
    "P": 1.005577284634573,
    "S": 1.7400112864740522
  },
  "RSP": {
    "R": 1.7397167207531508,
    "P": 1.4946560881531277,
    "S": 1.4167189797270887
  },
  "RSS": {
    "R": 1.4367366301426892,
    "P": 1.5310290254509464,
    "S": 1.578163212547735
  },
  "PRR": {
    "R": 1.5156682226403633,
    "P": 1.3688357998757397,
    "S": 1.0794960336288424
  },
  "PRP": {
    "R": 0.9409120663773047,
    "P": 1.4818633471094782,
    "S": 1.2416865108540813
  },
  "PRS": {
    "R": 1.1801339443480547,
    "P": 1.6703178404638346,
    "S": 1.5338270686349358
  },
  "PPR": {
    "R": 1.4327361552733637,
    "P": 0.61291844317324,
    "S": 1.4150106287576663
  },
  "PPP": {
    "R": 1.7030472387723252,
    "P": 1.637005810004075,
    "S": 1.2340534758508859
  },
  "PPS": {
    "R": 1.4440659374658282,
    "P": 0.7646629068704347,
    "S": 1.0101474124451122
  },
  "PSR": {
    "R": 1.613334464696671,
    "P": 0.9274087488432528,
    "S": 1.784158740839827
  },
  "PSP": {
    "R": 1.5104645992541301,
    "P": 1.4100448424285517,
    "S": 1.6484658268509316
  },
  "PSS": {
    "R": 1.6242165272227724,
    "P": 1.2855463791052102,
    "S": 0.9830937172858423
  },
  "SRR": {
    "R": 1.4519207503758729,
    "P": 1.6146216822883717,
    "S": 1.554183989080021
  },
  "SRP": {
    "R": 0.9980572057956174,
    "P": 0.9890727318183901,
    "S": 1.1527463055666054
  },
  "SRS": {
    "R": 0.9675752626630884,
    "P": 1.5040918026560743,
    "S": 1.4941001373283505
  },
  "SPR": {
    "R": 1.603400556733513,
    "P": 1.3097399952356754,
    "S": 1.5662370137592914
  },
  "SPP": {
    "R": 1.7381688298811684,
    "P": 1.4975829350683008,
    "S": 1.463297456826366
  },
  "SPS": {
    "R": 1.9922338561552726,
    "P": 1.541462046846031,
    "S": 1.3433361060430729
  },
  "SSR": {
    "R": 1.3644456977635018,
    "P": 1.1440181877608466,
    "S": 1.4122440363976592
  },
  "SSP": {
    "R": 1.6801603996671588,
    "P": 1.3066301180920343,
    "S": 1.600658395824355
  },
  "SSS": {
    "R": 0.5678768994485298,
    "P": 1.6065515827363361,
    "S": 1.0947815334894675
  }
}