{
  "RRR": {
    "R": 7.979666859159927,
    "P": 10.34901122202072,
    "S": 9.72584475228859
  },
  "RRP": {
    "R": 10.84181965694689,
    "P": 10.498743791831469,
    "S": 7.724062775819701
  },
  "RRS": {
    "R": 10.966252341948895,
    "P": 7.9425876028269355,
    "S": 10.583283311294135
  },
  "RPR": {
    "R": 9.435311817251286,
    "P": 11.353250860087096,
    "S": 11.125626811273564
  },
  "RPP": {
    "R": 10.02136975440662,
    "P": 8.897758113631845,
    "S": 11.047332961467099
  },
  "RPS": {
    "R": 10.813488929241778,
    "P": 11.076832213092434,
    "S": 10.786739931270148
  },
  "RSR": {
    "R": 10.793012651568926,
    "P": 10.474956945787039,
    "S": 11.023262840146597
  },
  "RSP": {
    "R": 11.185332039238794,
    "P": 11.286532511770579,
    "S": 11.20947602062079
  },
  "RSS": {
    "R": 10.38865488979695,
    "P": 10.396564308096007,
    "S": 10.290349826857888
  },
  "PRR": {
    "R": 7.710956443488724,
    "P": 10.179929195053145,
    "S": 10.877461223533505
  },
  "PRP": {
    "R": 11.102025935489978,
    "P": 10.775318510537772,
    "S": 11.153126424252541
  },
  "PRS": {
    "R": 11.048910582000007,
    "P": 11.174609189092765,
    "S": 9.868248010914991
  },
  "PPR": {
    "R": 9.74472860509427,
    "P": 11.606015902677207,
    "S": 11.140878782795571
  },
  "PPP": {
    "R": 10.676420775393051,
    "P": 8.694321561814549,
    "S": 8.13526832326042
  },
  "PPS": {
    "R": 11.159075642593107,
    "P": 10.833346599690042,
    "S": 11.094819201166342
  },
  "PSR": {
    "R": 10.74865718003097,
    "P": 10.15341586709213,
    "S": 11.062344613544106
  },
  "PSP": {
    "R": 11.04321445261553,
    "P": 11.094337877535365,
    "S": 8.658616959431232
  },
  "PSS": {
    "R": 10.89058666100821,
    "P": 10.454516101551329,
    "S": 10.689267234210401
  },
  "SRR": {
    "R": 10.441024910301957,
    "P": 10.810586977111882,
    "S": 9.590378341536466
  },
  "SRP": {
    "R": 10.964301818065614,
    "P": 10.468634979897725,
    "S": 10.953792430301672
  },
  "SRS": {
    "R": 8.74111885072933,
    "P": 11.190295621534105,
    "S": 10.252527121155966
  },
  "SPR": {
    "R": 10.683474381483375,
    "P": 11.38111165254903,
    "S": 11.13088122842867
  },
  "SPP": {
    "R": 11.147450311464656,
    "P": 8.197087146912322,
    "S": 11.430560377938537
  },
  "SPS": {
    "R": 10.522961692559026,
    "P": 10.919790974197841,
    "S": 10.44337514807229
  },
  "SSR": {
    "R": 10.270040255206974,
    "P": 11.181571782799598,
    "S": 11.096391099049224
  },
  "SSP": {
    "R": 10.551042977892347,
    "P": 10.78262297855198,
    "S": 10.421578901114527
  },
  "SSS": {
    "R": 11.014240103732059,
    "P": 9.55929788981142,
    "S": 11.017493863765091
  }
}