{
  "RRR": {
    "R": 11.64432994054736,
    "P": 13.208828741331128,
    "S": 12.643467724746708
  },
  "RRP": {
    "R": 13.026345713393717,
    "P": 12.912522726193089,
    "S": 13.2340506261678
  },
  "RRS": {
    "R": 12.700838837236272,
    "P": 12.621733519806341,
    "S": 12.6109618683782
  },
  "RPR": {
    "R": 12.41668995278107,
    "P": 13.09687259275752,
    "S": 12.804505084051662
  },
  "RPP": {
    "R": 13.241200468666843,
    "P": 12.90539789722967,
    "S": 12.473342187741169
  },
  "RPS": {
    "R": 13.022761224217145,
    "P": 13.224636201902229,
    "S": 13.21546437760464
  },
  "RSR": {
    "R": 12.900520293448377,
    "P": 12.837213328229726,
    "S": 12.306183934007818
  },
  "RSP": {
    "R": 12.850246648981313,
    "P": 12.909339339320827,
    "S": 12.978527532400268
  },
  "RSS": {
    "R": 12.569631776445695,
    "P": 12.359022566872957,
    "S": 13.17666603223384
  },
  "PRR": {
    "R": 12.940293053491894,
    "P": 13.036246617080028,
    "S": 12.325445836794959
  },
  "PRP": {
    "R": 13.129385806539707,
    "P": 12.962171123187487,
    "S": 13.271874986675773
  },
  "PRS": {
    "R": 12.322505747629524,
    "P": 12.966806083438275,
    "S": 12.371249210873685
  },
  "PPR": {
    "R": 13.029405708502225,
    "P": 12.871776933885647,
    "S": 13.209513798085855
  },
  "PPP": {
    "R": 13.090644513469961,
    "P": 12.868965376327397,
    "S": 13.137568232370826
  },
  "PPS": {
    "R": 13.046398682156843,
    "P": 12.875833552779794,
    "S": 13.417435786097471
  },
  "PSR": {
    "R": 13.00759550028273,
    "P": 13.015781499263504,
    "S": 13.051589586503326
  },
  "PSP": {
    "R": 12.90697957629532,
    "P": 12.864605574769904,
    "S": 13.109873451292255
  },
  "PSS": {
    "R": 12.95280820818302,
    "P": 13.213291280478568,
    "S": 13.100886422266147
  },
  "SRR": {
    "R": 13.234638512192895,
    "P": 12.946393597393802,
    "S": 12.821668382362308
  },
  "SRP": {
    "R": 12.490386942206117,
    "P": 11.737205924339378,
    "S": 12.97270353651576
  },
  "SRS": {
    "R": 12.83991891441309,
    "P": 12.599571879492544,
    "S": 13.00119514841483
  },
  "SPR": {
    "R": 13.056395360064528,
    "P": 12.926484872503458,
    "S": 12.917551328396911
  },
  "SPP": {
    "R": 13.048553003210076,
    "P": 13.151188145106566,
    "S": 13.156895769800341
  },
  "SPS": {
    "R": 13.05164858206771,
    "P": 12.942550173936134,
    "S": 13.116487315606282
  },
  "SSR": {
    "R": 12.722579182122026,
    "P": 12.300341533072782,
    "S": 12.597206083149791
  },
  "SSP": {
    "R": 12.883641104928717,
    "P": 13.214298844753928,
    "S": 13.032102511582368
  },
  "SSS": {
    "R": 12.808956044562203,
    "P": 13.099872584521101,
    "S": 13.368979795715928
  }
}