{
  "RRR": {
    "R": 10.66734806276836,
    "P": 10.705043570773805,
    "S": 10.919552935298459
  },
  "RRP": {
    "R": 11.491415313239393,
    "P": 10.962349724578864,
    "S": 10.262718447726147
  },
  "RRS": {
    "R": 10.999525681611777,
    "P": 10.47440276732781,
    "S": 10.725724333751538
  },
  "RPR": {
    "R": 9.435311817251286,
    "P": 11.523643969062547,
    "S": 11.125626811273564
  },
  "RPP": {
    "R": 11.250831000590892,
    "P": 8.897758113631845,
    "S": 11.409507113549308
  },
  "RPS": {
    "R": 11.185631972055354,
    "P": 11.076832213092434,
    "S": 11.389450662080632
  },
  "RSR": {
    "R": 10.793012651568926,
    "P": 11.322463338821306,
    "S": 11.023262840146597
  },
  "RSP": {
    "R": 11.185332039238794,
    "P": 11.286532511770579,
    "S": 11.261167461045353
  },
  "RSS": {
    "R": 10.38865488979695,
    "P": 10.722041503149251,
    "S": 10.290349826857888
  },
  "PRR": {
    "R": 10.222280176145372,
    "P": 11.0386961093098,
    "S": 10.877461223533505
  },
  "PRP": {
    "R": 11.587157725411906,
    "P": 11.406546523296207,
    "S": 11.630705339204924
  },
  "PRS": {
    "R": 11.048910582000007,
    "P": 11.174609189092765,
    "S": 9.868248010914991
  },
  "PPR": {
    "R": 11.272639396680878,
    "P": 11.606015902677207,
    "S": 11.140878782795571
  },
  "PPP": {
    "R": 11.354544266047364,
    "P": 10.615761479093191,
    "S": 8.13526832326042
  },
  "PPS": {
    "R": 11.275484517526701,
    "P": 10.833346599690042,
    "S": 11.460827752090736
  },
  "PSR": {
    "R": 11.312174855251037,
    "P": 11.238862658360631,
    "S": 11.062344613544106
  },
  "PSP": {
    "R": 11.04321445261553,
    "P": 11.094337877535365,
    "S": 8.658616959431232
  },
  "PSS": {
    "R": 11.469673511102972,
    "P": 10.977356908523554,
    "S": 11.47919383469123
  },
  "SRR": {
    "R": 10.916555254566381,
    "P": 10.980667132645072,
    "S": 10.666295048375577
  },
  "SRP": {
    "R": 11.199015971609954,
    "P": 10.468634979897725,
    "S": 11.21856961202983
  },
  "SRS": {
    "R": 8.74111885072933,
    "P": 11.190295621534105,
    "S": 10.252527121155966
  },
  "SPR": {
    "R": 10.683474381483375,
    "P": 11.38111165254903,
    "S": 11.13088122842867
  },
  "SPP": {
    "R": 11.147450311464656,
    "P": 10.31199292924048,
    "S": 11.443396209738072
  },
  "SPS": {
    "R": 11.089613267850178,
    "P": 10.919790974197841,
    "S": 10.44337514807229
  },
  "SSR": {
    "R": 10.95004516069048,
    "P": 11.522442312539486,
    "S": 11.096391099049224
  },
  "SSP": {
    "R": 10.551042977892347,
    "P": 11.449804100747226,
    "S": 10.848094544554366
  },
  "SSS": {
    "R": 11.195516820003494,
    "P": 11.08280928010898,
    "S": 11.017493863765091
  }
}