{
  "RRR": {
    "R": 11.64432994054736,
    "P": 12.808882130083562,
    "S": 12.492558021920496
  },
  "RRP": {
    "R": 12.160319313163882,
    "P": 12.912522726193089,
    "S": 12.453662773987581
  },
  "RRS": {
    "R": 12.192465919249678,
    "P": 12.621733519806341,
    "S": 12.333747511614133
  },
  "RPR": {
    "R": 12.41668995278107,
    "P": 12.804082527679569,
    "S": 12.373371874143846
  },
  "RPP": {
    "R": 12.779706787783768,
    "P": 12.90539789722967,
    "S": 12.473342187741169
  },
  "RPS": {
    "R": 12.694678086817305,
    "P": 12.409667896596673,
    "S": 12.78347355144819
  },
  "RSR": {
    "R": 12.504465279520332,
    "P": 12.329302885036846,
    "S": 12.306183934007818
  },
  "RSP": {
    "R": 12.422227080538688,
    "P": 11.995164493263854,
    "S": 12.678944547216714
  },
  "RSS": {
    "R": 12.099895692142358,
    "P": 12.359022566872957,
    "S": 12.232015268022888
  },
  "PRR": {
    "R": 12.248759318394544,
    "P": 12.919953707719667,
    "S": 12.325445836794959
  },
  "PRP": {
    "R": 12.79483309576882,
    "P": 12.912602569713197,
    "S": 12.833582300520556
  },
  "PRS": {
    "R": 12.322505747629524,
    "P": 12.585308699472577,
    "S": 12.19178409533335
  },
  "PPR": {
    "R": 12.276005754911905,
    "P": 12.871776933885647,
    "S": 12.349624348313505
  },
  "PPP": {
    "R": 13.090644513469961,
    "P": 12.868965376327397,
    "S": 12.332853375478287
  },
  "PPS": {
    "R": 12.19675177026078,
    "P": 12.832196138823749,
    "S": 12.362713316467513
  },
  "PSR": {
    "R": 12.641790090373984,
    "P": 12.638579134367417,
    "S": 12.588664114734506
  },
  "PSP": {
    "R": 12.90697957629532,
    "P": 12.27807097987695,
    "S": 12.626610633318371
  },
  "PSS": {
    "R": 12.288209405527294,
    "P": 12.7225804297445,
    "S": 12.408651098352156
  },
  "SRR": {
    "R": 12.692964229819566,
    "P": 12.377031402177439,
    "S": 12.324099012749723
  },
  "SRP": {
    "R": 12.490386942206117,
    "P": 11.737205924339378,
    "S": 12.325771401918917
  },
  "SRS": {
    "R": 12.456256412675366,
    "P": 12.161222124930982,
    "S": 12.362451631536898
  },
  "SPR": {
    "R": 12.322038977691133,
    "P": 12.926484872503458,
    "S": 12.387448941735787
  },
  "SPP": {
    "R": 12.99667865460908,
    "P": 12.586812570313981,
    "S": 12.341367518688209
  },
  "SPS": {
    "R": 12.425440035669137,
    "P": 12.832644681732747,
    "S": 12.608884417641374
  },
  "SSR": {
    "R": 11.563922543649742,
    "P": 12.300341533072782,
    "S": 12.454423420738754
  },
  "SSP": {
    "R": 12.550667295721013,
    "P": 12.62955084773644,
    "S": 12.433387911073195
  },
  "SSS": {
    "R": 12.36858923116788,
    "P": 12.700136482539186,
    "S": 12.024476818451404
  }
}