{
  "RRR": {
    "R": 3.696705317111506,
    "P": 2.8327322964252053,
    "S": 2.919546563943495
  },
  "RRP": {
    "R": 3.1348969821471067,
    "P": 1.772928921217402,
    "S": 2.8278266390276348
  },
  "RRS": {
    "R": 3.9571642451834843,
    "P": 2.399170016729601,
    "S": 3.725081120241484
  },
  "RPR": {
    "R": 3.2298049206632418,
    "P": 2.338580935564099,
    "S": 0
  },
  "RPP": {
    "R": 3.3318854969763887,
    "P": 0,
    "S": 2.022159788644609
  },
  "RPS": {
    "R": 3.4282438377127695,
    "P": 5.0304534865394395,
    "S": 3.698945262371549
  },
  "RSR": {
    "R": 3.767140178436015,
    "P": 3.4074774934118253,
    "S": 0
  },
  "RSP": {
    "R": 1.1091200744365206,
    "P": 2.1466297222840685,
    "S": 0
  },
  "RSS": {
    "R": 0.51460192,
    "P": 3.613245937339495,
    "S": 5.483238443902601
  },
  "PRR": {
    "R": 2.7589081255709296,
    "P": 2.9823450087532617,
    "S": 3.7287125619758674
  },
  "PRP": {
    "R": 2.7336569778492144,
    "P": 3.4731163107477827,
    "S": 1.9226100703755047
  },
  "PRS": {
    "R": 0,
    "P": 0.296,
    "S": 3.7439069669854175
  },
  "PPR": {
    "R": 3.348813671033413,
    "P": 3.7800165006832995,
    "S": 1.7976999566458378
  },
  "PPP": {
    "R": 3.060334102170152,
    "P": 4.10292640432738,
    "S": 2.2963403636139743
  },
  "PPS": {
    "R": 0,
    "P": 5.530181353860004,
    "S": 4.400648896069498
  },
  "PSR": {
    "R": 3.4658328514381216,
    "P": 3.286757122814916,
    "S": 0
  },
  "PSP": {
    "R": 0,
    "P": 5.913589561293169,
    "S": 5.16077267785248
  },
  "PSS": {
    "R": 0.7328803091584001,
    "P": 5.4393329412760005,
    "S": 5.179077726484112
  },
  "SRR": {
    "R": 0,
    "P": 1.6823034668974757,
    "S": 3.995358242068613
  },
  "SRP": {
    "R": 0,
    "P": 0,
    "S": 4.013664657540982
  },
  "SRS": {
    "R": 0,
    "P": 0,
    "S": 3.242647177772373
  },
  "SPR": {
    "R": 2.1557538840564314,
    "P": 0,
    "S": 0
  },
  "SPP": {
    "R": 3.9024680106856713,
    "P": 3.4787655143376615,
    "S": 5.807050793415687
  },
  "SPS": {
    "R": 2.8555868774440816,
    "P": 0,
    "S": 5.4842288599781455
  },
  "SSR": {
    "R": 3.5058224372301217,
    "P": 3.111653004249738,
    "S": 1.7208538574458376
  },
  "SSP": {
    "R": 0.296,
    "P": 6.106823044253076,
    "S": 3.1696043193669783
  },
  "SSS": {
    "R": 3.8723439895845004,
    "P": 5.728511332552689,
    "S": 5.6064101669923225
  }
}