{
  "RRR": {
    "R": 58.92820411316836,
    "P": 17.162669587533376,
    "S": 59.0871885746116
  },
  "RRP": {
    "R": 17.51930853451988,
    "P": 41.387804373502995,
    "S": 14.630429038675489
  },
  "RRS": {
    "R": 16.03024083630638,
    "P": 17.60217434505136,
    "S": 59.477011723728076
  },
  "RPR": {
    "R": 15.718834438278291,
    "P": 15.765780154513951,
    "S": 18.448256389916303
  },
  "RPP": {
    "R": 17.52954311084362,
    "P": 17.022707203133276,
    "S": 41.4429348934342
  },
  "RPS": {
    "R": 16.64627171127914,
    "P": 15.194539103632309,
    "S": 17.470737089676042
  },
  "RSR": {
    "R": 16.06638547957758,
    "P": 15.70736535586768,
    "S": 16.328648117386813
  },
  "RSP": {
    "R": 84.84520604766784,
    "P": 16.99814424695534,
    "S": 15.078830842406113
  },
  "RSS": {
    "R": 18.177043069747786,
    "P": 16.301554222721055,
    "S": 59.945448875062134
  },
  "PRR": {
    "R": 58.67254734555412,
    "P": 15.408223345468805,
    "S": 17.54410850827194
  },
  "PRP": {
    "R": 15.791762430840038,
    "P": 17.41769039338225,
    "S": 15.604444374836277
  },
  "PRS": {
    "R": 15.56734184164216,
    "P": 84.76972933255409,
    "S": 18.29445305049433
  },
  "PPR": {
    "R": 58.25637636098068,
    "P": 17.310302705817175,
    "S": 18.1987328152491
  },
  "PPP": {
    "R": 57.57997285864391,
    "P": 57.91104954599677,
    "S": 18.506849669111638
  },
  "PPS": {
    "R": 41.49804624981084,
    "P": 18.764230813866426,
    "S": 17.959758053191216
  },
  "PSR": {
    "R": 41.27748582057849,
    "P": 15.07854273599338,
    "S": 18.37168993619779
  },
  "PSP": {
    "R": 18.711656745532242,
    "P": 16.718834120210783,
    "S": 18.452802964692594
  },
  "PSS": {
    "R": 17.970847319381086,
    "P": 17.94979419179614,
    "S": 17.323839117350307
  },
  "SRR": {
    "R": 14.851179636920387,
    "P": 41.33265468419327,
    "S": 15.451021099572362
  },
  "SRP": {
    "R": 14.774188140688697,
    "P": 17.136095405052604,
    "S": 16.68886765912764
  },
  "SRS": {
    "R": 14.608392689183127,
    "P": 18.322801855489413,
    "S": 16.890734423030366
  },
  "SPR": {
    "R": 17.60714602445369,
    "P": 16.30690358050841,
    "S": 84.92063332495167
  },
  "SPP": {
    "R": 16.63921021814651,
    "P": 57.69203980333809,
    "S": 18.25806782034335
  },
  "SPS": {
    "R": 17.832351042931464,
    "P": 18.661756872500135,
    "S": 14.534019659864033
  },
  "SSR": {
    "R": 16.35406222897876,
    "P": 15.871361261183262,
    "S": 18.43390987197283
  },
  "SSP": {
    "R": 17.74708251776326,
    "P": 56.859506573215704,
    "S": 17.936739608121464
  },
  "SSS": {
    "R": 16.467764372223048,
    "P": 56.06412474501252,
    "S": 59.869046042603195
  }
}