{
  "RRR": {
    "R": 1.4532863093773505,
    "P": 1.8009553381892274,
    "S": 1.058207245938593
  },
  "RRP": {
    "R": 2.0731889288874648,
    "P": 2.342165192578862,
    "S": 1.8524288957979649
  },
  "RRS": {
    "R": 1.5123092782953056,
    "P": 1.6030425395180512,
    "S": 2.0541822205927454
  },
  "RPR": {
    "R": 2.0160214886064227,
    "P": 1.8571811750873028,
    "S": 1.7513994789786818
  },
  "RPP": {
    "R": 2.153120565401114,
    "P": 2.1485348335192884,
    "S": 1.7226002751324931
  },
  "RPS": {
    "R": 2.093531542588827,
    "P": 1.8364382091043943,
    "S": 0.7170084084467737
  },
  "RSR": {
    "R": 0.9924876553649722,
    "P": 1.3987498294615248,
    "S": 1.47403840664644
  },
  "RSP": {
    "R": 0.6905856000000001,
    "P": 2.1931894858188388,
    "S": 1.3662307709808277
  },
  "RSS": {
    "R": 2.1400168224142986,
    "P": 2.1161267383115687,
    "S": 1.0964343634819302
  },
  "PRR": {
    "R": 1.2894315276811257,
    "P": 1.8919441506883545,
    "S": 1.6778533016756727
  },
  "PRP": {
    "R": 2.173299517686846,
    "P": 2.1236773928353947,
    "S": 1.3257872680574347
  },
  "PRS": {
    "R": 1.4383618638420816,
    "P": 1.7669222494966794,
    "S": 1.1802041215233772
  },
  "PPR": {
    "R": 1.6511270964646885,
    "P": 2.2716023473863136,
    "S": 1.7698827994217425
  },
  "PPP": {
    "R": 1.7792691676283736,
    "P": 1.9106028062260787,
    "S": 2.0641223034201857
  },
  "PPS": {
    "R": 2.058119160805726,
    "P": 2.0821974507054826,
    "S": 2.0149854306822705
  },
  "PSR": {
    "R": 2.051697097185991,
    "P": 2.097008213846723,
    "S": 1.1052194032957299
  },
  "PSP": {
    "R": 1.5762841445883577,
    "P": 2.45247187524385,
    "S": 2.049712096904581
  },
  "PSS": {
    "R": 1.7026401623384182,
    "P": 1.3940912649898656,
    "S": 1.4163319634819305
  },
  "SRR": {
    "R": 1.492264269025388,
    "P": 2.3269499834253633,
    "S": 1.81647134391475
  },
  "SRP": {
    "R": 2.1517773867585963,
    "P": 2.409970754675029,
    "S": 2.3207088444044235
  },
  "SRS": {
    "R": 1.0692048105634755,
    "P": 1.9748292376252774,
    "S": 1.0917947975065805
  },
  "SPR": {
    "R": 1.3261095664294964,
    "P": 1.5210612191491915,
    "S": 1.116722612418887
  },
  "SPP": {
    "R": 2.1856732964600156,
    "P": 2.227476415271722,
    "S": 2.2089526471507144
  },
  "SPS": {
    "R": 1.9101909183936217,
    "P": 0.9699064397533738,
    "S": 2.0605320066425032
  },
  "SSR": {
    "R": 2.076721083514044,
    "P": 2.296877888525631,
    "S": 0.9428067855968879
  },
  "SSP": {
    "R": 1.2047732538564968,
    "P": 2.2951219158041996,
    "S": 1.758959349830557
  },
  "SSS": {
    "R": 2.0023137785308434,
    "P": 1.2730891326176481,
    "S": 0.3274880000000001
  }
}