{
  "RRR": {
    "R": 0.004896165134836093,
    "P": 0,
    "S": 0
  },
  "RRP": {
    "R": 0,
    "P": 0.058426253102443336,
    "S": 0
  },
  "RRS": {
    "R": 0,
    "P": 0,
    "S": 0.0019164330817140448
  },
  "RPR": {
    "R": 0.002095721649455213,
    "P": 0,
    "S": 0
  },
  "RPP": {
    "R": 0,
    "P": 0.0629069560232343,
    "S": 0
  },
  "RPS": {
    "R": 0,
    "P": 0,
    "S": 0.002513810707125508
  },
  "RSR": {
    "R": 0.0027525610986178384,
    "P": 0,
    "S": 0
  },
  "RSP": {
    "R": 0,
    "P": 0.021313696265721202,
    "S": 0
  },
  "RSS": {
    "R": 0,
    "P": 0,
    "S": 0.002394392526852708
  },
  "PRR": {
    "R": 0.001856655880419699,
    "P": 0,
    "S": 0
  },
  "PRP": {
    "R": 0,
    "P": 0.002215211506437728,
    "S": 0
  },
  "PRS": {
    "R": 0,
    "P": 0,
    "S": 0.0217156480350672
  },
  "PPR": {
    "R": 0.002155470162857275,
    "P": 0,
    "S": 0
  },
  "PPP": {
    "R": 0,
    "P": 0.005905207928133308,
    "S": 0
  },
  "PPS": {
    "R": 0,
    "P": 0,
    "S": 0.06148170662730227
  },
  "PSR": {
    "R": 0.05106517113084165,
    "P": 0,
    "S": 0
  },
  "PSP": {
    "R": 0,
    "P": 0.002155470162857275,
    "S": 0
  },
  "PSS": {
    "R": 0,
    "P": 0,
    "S": 0.013203343535197492
  },
  "SRR": {
    "R": 0.05946453077409978,
    "P": 0,
    "S": 0
  },
  "SRP": {
    "R": 0,
    "P": 0.002573509049840649,
    "S": 0
  },
  "SRS": {
    "R": 0,
    "P": 0,
    "S": 0.0028122307912860005
  },
  "SPR": {
    "R": 0.02160083912540522,
    "P": 0,
    "S": 0
  },
  "SPP": {
    "R": 0,
    "P": 0.0017968715050003029,
    "S": 0
  },
  "SPS": {
    "R": 0,
    "P": 0,
    "S": 0.0024541051997494815
  },
  "SSR": {
    "R": 0.01314492092570858,
    "P": 0,
    "S": 0
  },
  "SSP": {
    "R": 0,
    "P": 0.002394392526852708,
    "S": 0
  },
  "SSS": {
    "R": 0,
    "P": 0,
    "S": 0.006320098169087795
  }
}