{
  "RRR": {
    "R": 18.042446567123935,
    "P": 15.402464873117436,
    "S": 18.05075823702124
  },
  "RRP": {
    "R": 14.041412111875458,
    "P": 16.444199521819538,
    "S": 14.240647090037763
  },
  "RRS": {
    "R": 14.043614110562846,
    "P": 14.169747462263368,
    "S": 17.91971225648889
  },
  "RPR": {
    "R": 14.098245145284203,
    "P": 13.97791773101302,
    "S": 14.018529884798264
  },
  "RPP": {
    "R": 13.91860958071673,
    "P": 17.20011537790868,
    "S": 13.523767601155273
  },
  "RPS": {
    "R": 13.979197874192945,
    "P": 13.72569281567512,
    "S": 14.872390724048014
  },
  "RSR": {
    "R": 15.509677421907844,
    "P": 13.613711917993314,
    "S": 13.927061297517147
  },
  "RSP": {
    "R": 13.776877776564616,
    "P": 15.669015740668957,
    "S": 13.87627862972345
  },
  "RSS": {
    "R": 14.024729475113391,
    "P": 17.892561010276893,
    "S": 18.095805576105878
  },
  "PRR": {
    "R": 17.95331823583365,
    "P": 13.870095818385419,
    "S": 16.679164987581647
  },
  "PRP": {
    "R": 14.054715757432888,
    "P": 13.802442834735327,
    "S": 13.65701551529108
  },
  "PRS": {
    "R": 13.711399195351518,
    "P": 13.720606310952272,
    "S": 17.06521426824318
  },
  "PPR": {
    "R": 17.79553130441079,
    "P": 14.246295293788787,
    "S": 15.316506197703895
  },
  "PPP": {
    "R": 17.937387351990683,
    "P": 17.98502011439195,
    "S": 16.761574915891828
  },
  "PPS": {
    "R": 16.942736998023648,
    "P": 13.55677024138516,
    "S": 16.991903832385297
  },
  "PSR": {
    "R": 17.02501199333448,
    "P": 13.26070420559613,
    "S": 15.443499357433627
  },
  "PSP": {
    "R": 14.187835113537133,
    "P": 13.727286498845231,
    "S": 13.533886137138218
  },
  "PSS": {
    "R": 13.812906553101119,
    "P": 15.860446615282347,
    "S": 17.833344511618026
  },
  "SRR": {
    "R": 17.731464560657574,
    "P": 13.886411497402513,
    "S": 15.6257492722391
  },
  "SRP": {
    "R": 13.648700451877653,
    "P": 14.800176648884673,
    "S": 12.97270353651576
  },
  "SRS": {
    "R": 14.191290088689918,
    "P": 13.961669919148209,
    "S": 17.333183545689394
  },
  "SPR": {
    "R": 16.556334810306677,
    "P": 13.732843193075336,
    "S": 13.770287616495107
  },
  "SPP": {
    "R": 17.260973666086976,
    "P": 17.8630201913515,
    "S": 16.552878113498142
  },
  "SPS": {
    "R": 15.920941414217678,
    "P": 14.080738598687764,
    "S": 13.234138909734874
  },
  "SSR": {
    "R": 17.606695594208148,
    "P": 13.557309017979238,
    "S": 13.587900903370416
  },
  "SSP": {
    "R": 14.078721145587451,
    "P": 17.67976032544887,
    "S": 13.861253722914304
  },
  "SSS": {
    "R": 17.695619998209168,
    "P": 17.95923352492359,
    "S": 18.128421126112304
  }
}