{
  "RRR": {
    "R": 0,
    "P": 0.33548800000000006,
    "S": 0.08000000000000002
  },
  "RRP": {
    "R": 0.008,
    "P": 0,
    "S": 0.13587200000000002
  },
  "RRS": {
    "R": 0,
    "P": 0.08000000000000002,
    "S": 0
  },
  "RPR": {
    "R": 0.008,
    "P": 0,
    "S": 0
  },
  "RPP": {
    "R": 0,
    "P": 0,
    "S": 0
  },
  "RPS": {
    "R": 0.32000000000000006,
    "P": 0.08000000000000002,
    "S": 0
  },
  "RSR": {
    "R": 0,
    "P": 0,
    "S": 0.5538101439692801
  },
  "RSP": {
    "R": 0,
    "P": 0,
    "S": 0.32000000000000006
  },
  "RSS": {
    "R": 0.014387200000000001,
    "P": 0,
    "S": 0
  },
  "PRR": {
    "R": 0.32000000000000006,
    "P": 0.08638720000000001,
    "S": 0
  },
  "PRP": {
    "R": 0,
    "P": 0,
    "S": 0
  },
  "PRS": {
    "R": 0.008,
    "P": 0,
    "S": 0
  },
  "PPR": {
    "R": 0.07697154048,
    "P": 0,
    "S": 0
  },
  "PPP": {
    "R": 0,
    "P": 0,
    "S": 0.08000000000000002
  },
  "PPS": {
    "R": 0,
    "P": 0,
    "S": 0.32000000000000006
  },
  "PSR": {
    "R": 0,
    "P": 0,
    "S": 0.32000000000000006
  },
  "PSP": {
    "R": 0.08000000000000002,
    "P": 0.08000000000000002,
    "S": 0.19486740480000003
  },
  "PSS": {
    "R": 0,
    "P": 0,
    "S": 0.32000000000000006
  },
  "SRR": {
    "R": 0.5878536192,
    "P": 0.08000000000000002,
    "S": 0
  },
  "SRP": {
    "R": 0,
    "P": 0,
    "S": 0
  },
  "SRS": {
    "R": 0.5394696192,
    "P": 0,
    "S": 0.32000000000000006
  },
  "SPR": {
    "R": 0,
    "P": 0,
    "S": 0.32000000000000006
  },
  "SPP": {
    "R": 0.008,
    "P": 0,
    "S": 0
  },
  "SPS": {
    "R": 0,
    "P": 0.19235653599232005,
    "S": 0
  },
  "SSR": {
    "R": 0.07347200000000002,
    "P": 0,
    "S": 0
  },
  "SSP": {
    "R": 0,
    "P": 0,
    "S": 0
  },
  "SSS": {
    "R": 0.008,
    "P": 0,
    "S": 0.32000000000000006
  }
}