{
  "RRR": {
    "R": 5.219263257051367,
    "P": 5.731596638393205,
    "S": 4.088162380005627
  },
  "RRP": {
    "R": 7.496037168110425,
    "P": 1.772928921217402,
    "S": 6.583416042562755
  },
  "RRS": {
    "R": 5.454364732345482,
    "P": 2.399170016729601,
    "S": 5.3140023468537345
  },
  "RPR": {
    "R": 7.150494698217286,
    "P": 5.495392241722158,
    "S": 0
  },
  "RPP": {
    "R": 4.86355098808107,
    "P": 0,
    "S": 4.905911078500289
  },
  "RPS": {
    "R": 5.24861067941247,
    "P": 6.483909159983973,
    "S": 5.274781932007755
  },
  "RSR": {
    "R": 5.159547412503115,
    "P": 6.103829233923884,
    "S": 2.6907597937284526
  },
  "RSP": {
    "R": 1.1091200744365206,
    "P": 2.1466297222840685,
    "S": 0
  },
  "RSS": {
    "R": 3.0189164855431896,
    "P": 3.613245937339495,
    "S": 5.952262184731488
  },
  "PRR": {
    "R": 4.9857690368606296,
    "P": 7.623316601525384,
    "S": 4.1879102044666325
  },
  "PRP": {
    "R": 4.0503842016211085,
    "P": 5.2221602829825775,
    "S": 5.584375211128996
  },
  "PRS": {
    "R": 0,
    "P": 0.296,
    "S": 3.7439069669854175
  },
  "PPR": {
    "R": 6.8394401275129555,
    "P": 3.9981229158228717,
    "S": 1.7976999566458378
  },
  "PPP": {
    "R": 3.060334102170152,
    "P": 4.10292640432738,
    "S": 2.2963403636139743
  },
  "PPS": {
    "R": 0,
    "P": 5.530181353860004,
    "S": 5.457224876769223
  },
  "PSR": {
    "R": 5.8865061335543345,
    "P": 3.286757122814916,
    "S": 0
  },
  "PSP": {
    "R": 4.520001894726256,
    "P": 6.122156437889577,
    "S": 5.16077267785248
  },
  "PSS": {
    "R": 4.39999968064474,
    "P": 5.4393329412760005,
    "S": 5.179077726484112
  },
  "SRR": {
    "R": 3.0260908107931894,
    "P": 5.59538331714679,
    "S": 5.67335425118482
  },
  "SRP": {
    "R": 0,
    "P": 0,
    "S": 6.624635425546949
  },
  "SRS": {
    "R": 0,
    "P": 0,
    "S": 5.188569521811766
  },
  "SPR": {
    "R": 4.952173891593328,
    "P": 0,
    "S": 0
  },
  "SPP": {
    "R": 4.102259468862904,
    "P": 3.4787655143376615,
    "S": 5.807050793415687
  },
  "SPS": {
    "R": 2.8555868774440816,
    "P": 0,
    "S": 5.4842288599781455
  },
  "SSR": {
    "R": 5.548006625554882,
    "P": 4.069201403992098,
    "S": 1.7208538574458376
  },
  "SSP": {
    "R": 0.296,
    "P": 6.106823044253076,
    "S": 3.1696043193669783
  },
  "SSS": {
    "R": 4.373698045837238,
    "P": 5.728511332552689,
    "S": 5.6064101669923225
  }
}