{
  "RRR": {
    "R": 14.488055872039608,
    "P": 13.344311321334432,
    "S": 14.39411586532907
  },
  "RRP": {
    "R": 14.041412111875458,
    "P": 13.838694441382824,
    "S": 13.925884138418416
  },
  "RRS": {
    "R": 14.170003081232627,
    "P": 13.94553141784618,
    "S": 14.138492991559756
  },
  "RPR": {
    "R": 14.098245145284203,
    "P": 13.97791773101302,
    "S": 14.018529884798264
  },
  "RPP": {
    "R": 13.91860958071673,
    "P": 13.543103020917535,
    "S": 13.523767601155273
  },
  "RPS": {
    "R": 13.979197874192945,
    "P": 13.72569281567512,
    "S": 13.54009299922205
  },
  "RSR": {
    "R": 13.827362212636487,
    "P": 13.613711917993314,
    "S": 13.927061297517147
  },
  "RSP": {
    "R": 13.776877776564616,
    "P": 13.74033306303921,
    "S": 13.87627862972345
  },
  "RSS": {
    "R": 14.024729475113391,
    "P": 13.818573739237696,
    "S": 14.063641564387321
  },
  "PRR": {
    "R": 14.346459793068387,
    "P": 13.870095818385419,
    "S": 13.754486934147057
  },
  "PRP": {
    "R": 14.054715757432888,
    "P": 13.802442834735327,
    "S": 13.65701551529108
  },
  "PRS": {
    "R": 13.711399195351518,
    "P": 13.720606310952272,
    "S": 13.788520668638004
  },
  "PPR": {
    "R": 14.430410308191481,
    "P": 14.246295293788787,
    "S": 13.985833407636177
  },
  "PPP": {
    "R": 14.291421076678013,
    "P": 14.25867736558025,
    "S": 13.786879024441948
  },
  "PPS": {
    "R": 13.415865993421964,
    "P": 13.55677024138516,
    "S": 13.865139560912707
  },
  "PSR": {
    "R": 13.832925963326462,
    "P": 13.26070420559613,
    "S": 13.886329805095622
  },
  "PSP": {
    "R": 14.187835113537133,
    "P": 13.727286498845231,
    "S": 13.533886137138218
  },
  "PSS": {
    "R": 13.812906553101119,
    "P": 13.885978395449701,
    "S": 13.680577903481055
  },
  "SRR": {
    "R": 14.090630022969862,
    "P": 13.886411497402513,
    "S": 13.803861213821923
  },
  "SRP": {
    "R": 13.648700451877653,
    "P": 11.737205924339378,
    "S": 12.97270353651576
  },
  "SRS": {
    "R": 14.191290088689918,
    "P": 13.961669919148209,
    "S": 13.566045912546402
  },
  "SPR": {
    "R": 13.02959164526272,
    "P": 13.732843193075336,
    "S": 13.770287616495107
  },
  "SPP": {
    "R": 13.916814377267531,
    "P": 14.01743839171175,
    "S": 14.074229151612428
  },
  "SPS": {
    "R": 13.845310510021994,
    "P": 14.080738598687764,
    "S": 13.234138909734874
  },
  "SSR": {
    "R": 13.859785967836842,
    "P": 13.09027215484059,
    "S": 13.587900903370416
  },
  "SSP": {
    "R": 13.896493596359559,
    "P": 14.026705895179024,
    "S": 13.032102511582368
  },
  "SSS": {
    "R": 13.841175276081156,
    "P": 14.184346760477077,
    "S": 14.298250728466986
  }
}