{
  "RRR": {
    "R": 0.014078841862890762,
    "P": 0,
    "S": 0
  },
  "RRP": {
    "R": 0,
    "P": 0.0604881134353074,
    "S": 0
  },
  "RRS": {
    "R": 0,
    "P": 0,
    "S": 0.0019164330817140448
  },
  "RPR": {
    "R": 0.002095721649455213,
    "P": 0,
    "S": 0
  },
  "RPP": {
    "R": 0,
    "P": 0.0649478944066377,
    "S": 0
  },
  "RPS": {
    "R": 0,
    "P": 0,
    "S": 0.002513810707125508
  },
  "RSR": {
    "R": 0.0027525610986178384,
    "P": 0,
    "S": 0
  },
  "RSP": {
    "R": 0,
    "P": 0.021313696265721202,
    "S": 0
  },
  "RSS": {
    "R": 0,
    "P": 0,
    "S": 0.002394392526852708
  },
  "PRR": {
    "R": 0.001856655880419699,
    "P": 0,
    "S": 0
  },
  "PRP": {
    "R": 0,
    "P": 0.002215211506437728,
    "S": 0
  },
  "PRS": {
    "R": 0,
    "P": 0,
    "S": 0.0217156480350672
  },
  "PPR": {
    "R": 0.002155470162857275,
    "P": 0,
    "S": 0
  },
  "PPP": {
    "R": 0,
    "P": 0.017333479496708104,
    "S": 0
  },
  "PPS": {
    "R": 0,
    "P": 0,
    "S": 0.0634769172224477
  },
  "PSR": {
    "R": 0.05106517113084165,
    "P": 0,
    "S": 0
  },
  "PSP": {
    "R": 0,
    "P": 0.002155470162857275,
    "S": 0
  },
  "PSS": {
    "R": 0,
    "P": 0,
    "S": 0.015418215437552642
  },
  "SRR": {
    "R": 0.061521543029919565,
    "P": 0,
    "S": 0
  },
  "SRP": {
    "R": 0,
    "P": 0.002573509049840649,
    "S": 0
  },
  "SRS": {
    "R": 0,
    "P": 0,
    "S": 0.0028122307912860005
  },
  "SPR": {
    "R": 0.02160083912540522,
    "P": 0,
    "S": 0
  },
  "SPP": {
    "R": 0,
    "P": 0.0017968715050003029,
    "S": 0
  },
  "SPS": {
    "R": 0,
    "P": 0,
    "S": 0.0024541051997494815
  },
  "SSR": {
    "R": 0.015418215437552642,
    "P": 0,
    "S": 0
  },
  "SSP": {
    "R": 0,
    "P": 0.002394392526852708,
    "S": 0
  },
  "SSS": {
    "R": 0,
    "P": 0,
    "S": 0.015476365251700134
  }
}