{
  "RRR": {
    "R": 15.619862855880752,
    "P": 13.913384616409216,
    "S": 15.589562155981486
  },
  "RRP": {
    "R": 14.041412111875458,
    "P": 13.838694441382824,
    "S": 14.240647090037763
  },
  "RRS": {
    "R": 14.170003081232627,
    "P": 13.94553141784618,
    "S": 15.41187483795277
  },
  "RPR": {
    "R": 14.098245145284203,
    "P": 13.97791773101302,
    "S": 14.018529884798264
  },
  "RPP": {
    "R": 13.91860958071673,
    "P": 13.543103020917535,
    "S": 13.523767601155273
  },
  "RPS": {
    "R": 13.979197874192945,
    "P": 13.72569281567512,
    "S": 14.872390724048014
  },
  "RSR": {
    "R": 13.827362212636487,
    "P": 13.613711917993314,
    "S": 13.927061297517147
  },
  "RSP": {
    "R": 13.776877776564616,
    "P": 13.74033306303921,
    "S": 13.87627862972345
  },
  "RSS": {
    "R": 14.024729475113391,
    "P": 15.145603233668442,
    "S": 15.555863931469565
  },
  "PRR": {
    "R": 15.651714735771975,
    "P": 13.870095818385419,
    "S": 13.754486934147057
  },
  "PRP": {
    "R": 14.054715757432888,
    "P": 13.802442834735327,
    "S": 13.65701551529108
  },
  "PRS": {
    "R": 13.711399195351518,
    "P": 13.720606310952272,
    "S": 13.788520668638004
  },
  "PPR": {
    "R": 15.577950639421395,
    "P": 14.246295293788787,
    "S": 13.985833407636177
  },
  "PPP": {
    "R": 15.713962908178168,
    "P": 15.5873506279524,
    "S": 14.740608070758762
  },
  "PPS": {
    "R": 13.817457445948929,
    "P": 13.55677024138516,
    "S": 14.778686399548098
  },
  "PSR": {
    "R": 14.559025956366199,
    "P": 13.26070420559613,
    "S": 13.886329805095622
  },
  "PSP": {
    "R": 14.187835113537133,
    "P": 13.727286498845231,
    "S": 13.533886137138218
  },
  "PSS": {
    "R": 13.812906553101119,
    "P": 14.925198069644225,
    "S": 14.999373778962463
  },
  "SRR": {
    "R": 15.432976495601139,
    "P": 13.886411497402513,
    "S": 14.47812135128179
  },
  "SRP": {
    "R": 13.648700451877653,
    "P": 11.737205924339378,
    "S": 12.97270353651576
  },
  "SRS": {
    "R": 14.191290088689918,
    "P": 13.961669919148209,
    "S": 13.566045912546402
  },
  "SPR": {
    "R": 13.02959164526272,
    "P": 13.732843193075336,
    "S": 13.770287616495107
  },
  "SPP": {
    "R": 15.633660276211614,
    "P": 15.566059342416882,
    "S": 13.906382447944484
  },
  "SPS": {
    "R": 13.845310510021994,
    "P": 14.080738598687764,
    "S": 13.234138909734874
  },
  "SSR": {
    "R": 14.34424285376096,
    "P": 13.09027215484059,
    "S": 13.587900903370416
  },
  "SSP": {
    "R": 13.896493596359559,
    "P": 15.510784575838688,
    "S": 13.032102511582368
  },
  "SSS": {
    "R": 14.26414339449784,
    "P": 15.436303842474434,
    "S": 15.55814719114853
  }
}