{
  "RRR": {
    "R": 2.365262339879532,
    "P": 2.564394877780198,
    "S": 2.4411356023034054
  },
  "RRP": {
    "R": 2.2724405734529776,
    "P": 2.381392573857725,
    "S": 2.1219613627625127
  },
  "RRS": {
    "R": 1.5123092782953056,
    "P": 2.3509746787849863,
    "S": 2.0541822205927454
  },
  "RPR": {
    "R": 2.209657078494527,
    "P": 1.8571811750873028,
    "S": 2.4783606916434247
  },
  "RPP": {
    "R": 2.755621459233862,
    "P": 2.5717099369154184,
    "S": 1.7226002751324931
  },
  "RPS": {
    "R": 2.093531542588827,
    "P": 2.4053411870155688,
    "S": 1.9657941840807258
  },
  "RSR": {
    "R": 2.1363343978398044,
    "P": 1.3987498294615248,
    "S": 1.47403840664644
  },
  "RSP": {
    "R": 2.355850382020545,
    "P": 2.1931894858188388,
    "S": 1.3662307709808277
  },
  "RSS": {
    "R": 2.345373953107815,
    "P": 2.1161267383115687,
    "S": 1.0964343634819302
  },
  "PRR": {
    "R": 2.526888970415264,
    "P": 2.44566039075081,
    "S": 2.055629745256382
  },
  "PRP": {
    "R": 2.173299517686846,
    "P": 2.1236773928353947,
    "S": 1.3257872680574347
  },
  "PRS": {
    "R": 1.784544636634934,
    "P": 2.5515843174217903,
    "S": 2.264630255320251
  },
  "PPR": {
    "R": 2.511269221134318,
    "P": 2.2716023473863136,
    "S": 1.7698827994217425
  },
  "PPP": {
    "R": 2.3435475436890143,
    "P": 2.6144888840585274,
    "S": 2.221476625708716
  },
  "PPS": {
    "R": 2.405875190096369,
    "P": 2.0821974507054826,
    "S": 1.8423849917474473
  },
  "PSR": {
    "R": 2.051697097185991,
    "P": 2.351522293301888,
    "S": 1.1052194032957299
  },
  "PSP": {
    "R": 1.8496721062863863,
    "P": 2.45247187524385,
    "S": 2.049712096904581
  },
  "PSS": {
    "R": 2.182355338666547,
    "P": 1.3940912649898656,
    "S": 2.2019137134754114
  },
  "SRR": {
    "R": 2.056335595815357,
    "P": 2.4703894417209997,
    "S": 1.81647134391475
  },
  "SRP": {
    "R": 2.359947033855087,
    "P": 2.855247364568276,
    "S": 2.4645661725941146
  },
  "SRS": {
    "R": 1.0692048105634755,
    "P": 1.9748292376252774,
    "S": 1.0917947975065805
  },
  "SPR": {
    "R": 2.4308956751243382,
    "P": 1.5210612191491915,
    "S": 2.1355914871857165
  },
  "SPP": {
    "R": 2.1856732964600156,
    "P": 2.1014905301050204,
    "S": 2.2089526471507144
  },
  "SPS": {
    "R": 1.9101909183936217,
    "P": 0.9699064397533738,
    "S": 2.0605320066425032
  },
  "SSR": {
    "R": 2.5931810834696187,
    "P": 2.526008877846675,
    "S": 0.9428067855968879
  },
  "SSP": {
    "R": 1.2047732538564968,
    "P": 2.2951219158041996,
    "S": 1.758959349830557
  },
  "SSS": {
    "R": 2.478858532748312,
    "P": 1.2730891326176481,
    "S": 1.9841449207790256
  }
}