{
  "RRR": {
    "R": 1.0229481344282092,
    "P": 1.0904066050787458,
    "S": 1.7291408268826594
  },
  "RRP": {
    "R": 1.7026937835588296,
    "P": 1.9198004954408407,
    "S": 1.7039909911548659
  },
  "RRS": {
    "R": 1.8277296821434201,
    "P": 1.773315968876162,
    "S": 1.5551372216098494
  },
  "RPR": {
    "R": 1.355218015579005,
    "P": 1.728403901168495,
    "S": 1.6925810455751125
  },
  "RPP": {
    "R": 1.0995968302926273,
    "P": 1.7402479824572528,
    "S": 1.965259431163242
  },
  "RPS": {
    "R": 1.8804584151094073,
    "P": 1.5121319439652885,
    "S": 1.0680245181619061
  },
  "RSR": {
    "R": 1.8549339969419627,
    "P": 1.005577284634573,
    "S": 1.7400112864740522
  },
  "RSP": {
    "R": 1.7397167207531508,
    "P": 2.00953189631419,
    "S": 1.4167189797270887
  },
  "RSS": {
    "R": 1.4367366301426892,
    "P": 2.2481099495917367,
    "S": 1.578163212547735
  },
  "PRR": {
    "R": 1.5156682226403633,
    "P": 1.9103287347553841,
    "S": 1.8889314207958154
  },
  "PRP": {
    "R": 0.9409120663773047,
    "P": 1.6491523047171088,
    "S": 1.212922866749992
  },
  "PRS": {
    "R": 1.1801339443480547,
    "P": 1.6703178404638346,
    "S": 2.067846624751519
  },
  "PPR": {
    "R": 1.876137933886539,
    "P": 1.3277445143323343,
    "S": 1.8974658950163446
  },
  "PPP": {
    "R": 1.884789625530526,
    "P": 1.757355957379197,
    "S": 1.8798575821109584
  },
  "PPS": {
    "R": 1.7869679181702598,
    "P": 2.0353492455552264,
    "S": 1.0101474124451122
  },
  "PSR": {
    "R": 1.697733762454422,
    "P": 1.3884524762862953,
    "S": 1.582083150715919
  },
  "PSP": {
    "R": 1.5104645992541301,
    "P": 2.0588462821059754,
    "S": 1.973905662429034
  },
  "PSS": {
    "R": 1.4726667628383203,
    "P": 1.2855463791052102,
    "S": 1.738074841376758
  },
  "SRR": {
    "R": 1.6146069696350531,
    "P": 2.001599390774843,
    "S": 1.8541445024696375
  },
  "SRP": {
    "R": 1.6162981884056695,
    "P": 0.9890727318183901,
    "S": 1.1527463055666054
  },
  "SRS": {
    "R": 0.9675752626630884,
    "P": 1.5040918026560743,
    "S": 2.103180792710866
  },
  "SPR": {
    "R": 1.603400556733513,
    "P": 1.3097399952356754,
    "S": 1.5662370137592914
  },
  "SPP": {
    "R": 1.9448838450894839,
    "P": 2.189519984113518,
    "S": 2.0946234541980946
  },
  "SPS": {
    "R": 1.9922338561552726,
    "P": 1.541462046846031,
    "S": 1.8632376397778543
  },
  "SSR": {
    "R": 1.6304337800295463,
    "P": 1.1440181877608466,
    "S": 2.0600409239486095
  },
  "SSP": {
    "R": 1.6801603996671588,
    "P": 2.269416735522701,
    "S": 2.183475730362124
  },
  "SSS": {
    "R": 1.4257559490840384,
    "P": 1.6065515827363361,
    "S": 1.7337399739713377
  }
}