{
  "RRR": {
    "R": 1.0229481344282092,
    "P": 1.0904066050787458,
    "S": 1.5749168262705493
  },
  "RRP": {
    "R": 1.7126493453103755,
    "P": 1.302279059371194,
    "S": 1.7039909911548659
  },
  "RRS": {
    "R": 1.863262559319764,
    "P": 1.5942322164059424,
    "S": 1.5551372216098494
  },
  "RPR": {
    "R": 1.355218015579005,
    "P": 1.614051332487095,
    "S": 1.6925810455751125
  },
  "RPP": {
    "R": 1.0995968302926273,
    "P": 1.7402479824572528,
    "S": 1.294407805218955
  },
  "RPS": {
    "R": 1.8804584151094073,
    "P": 1.5121319439652885,
    "S": 1.0680245181619061
  },
  "RSR": {
    "R": 1.522888631767429,
    "P": 1.005577284634573,
    "S": 1.7400112864740522
  },
  "RSP": {
    "R": 1.7397167207531508,
    "P": 1.4946560881531277,
    "S": 1.4167189797270887
  },
  "RSS": {
    "R": 1.4367366301426892,
    "P": 2.171924238744275,
    "S": 1.578163212547735
  },
  "PRR": {
    "R": 1.5156682226403633,
    "P": 1.3688357998757397,
    "S": 1.0794960336288424
  },
  "PRP": {
    "R": 0.9409120663773047,
    "P": 1.3713244796645319,
    "S": 1.212922866749992
  },
  "PRS": {
    "R": 1.1801339443480547,
    "P": 1.6703178404638346,
    "S": 2.067846624751519
  },
  "PPR": {
    "R": 1.4327361552733637,
    "P": 1.3277445143323343,
    "S": 1.8974658950163446
  },
  "PPP": {
    "R": 1.5748965874732892,
    "P": 1.757355957379197,
    "S": 1.8798575821109584
  },
  "PPS": {
    "R": 1.7869679181702598,
    "P": 1.710182091737161,
    "S": 1.0101474124451122
  },
  "PSR": {
    "R": 1.6858973656247427,
    "P": 1.3884524762862953,
    "S": 1.582083150715919
  },
  "PSP": {
    "R": 1.5104645992541301,
    "P": 1.9404806488907638,
    "S": 1.6484658268509316
  },
  "PSS": {
    "R": 1.4726667628383203,
    "P": 1.2855463791052102,
    "S": 0.9830937172858423
  },
  "SRR": {
    "R": 1.4519207503758729,
    "P": 1.6952830626008626,
    "S": 1.554183989080021
  },
  "SRP": {
    "R": 1.6162981884056695,
    "P": 0.9890727318183901,
    "S": 1.1527463055666054
  },
  "SRS": {
    "R": 0.9675752626630884,
    "P": 1.5040918026560743,
    "S": 1.8914280919747846
  },
  "SPR": {
    "R": 1.603400556733513,
    "P": 1.3097399952356754,
    "S": 1.5662370137592914
  },
  "SPP": {
    "R": 1.8060282011615885,
    "P": 1.9431060098958959,
    "S": 2.0946234541980946
  },
  "SPS": {
    "R": 1.9922338561552726,
    "P": 1.541462046846031,
    "S": 1.8447837772557607
  },
  "SSR": {
    "R": 1.6304337800295463,
    "P": 1.1440181877608466,
    "S": 1.4122440363976592
  },
  "SSP": {
    "R": 1.6801603996671588,
    "P": 2.269416735522701,
    "S": 2.183475730362124
  },
  "SSS": {
    "R": 0.5678768994485298,
    "P": 1.6065515827363361,
    "S": 1.0947815334894675
  }
}