{
  "RRR": {
    "R": 3.529344936667526,
    "P": 4.995924123633764,
    "S": 4.153799379125926
  },
  "RRP": {
    "R": 5.33789540694171,
    "P": 5.010739237519732,
    "S": 1.309793184510121
  },
  "RRS": {
    "R": 4.569764538415743,
    "P": 4.831927909369238,
    "S": 4.357566002146311
  },
  "RPR": {
    "R": 5.403183576347233,
    "P": 4.614129507471803,
    "S": 0
  },
  "RPP": {
    "R": 5.222714594145017,
    "P": 3.957014655642176,
    "S": 2.2664017030904233
  },
  "RPS": {
    "R": 3.595487186247523,
    "P": 1.673337464808158,
    "S": 1.5357844282922173
  },
  "RSR": {
    "R": 4.80606591109468,
    "P": 4.6134272151021625,
    "S": 5.751211656022569
  },
  "RSP": {
    "R": 2.797415992357701,
    "P": 5.9103043612759825,
    "S": 0
  },
  "RSS": {
    "R": 5.04932217569141,
    "P": 5.961343372991309,
    "S": 4.8770943552828445
  },
  "PRR": {
    "R": 0,
    "P": 5.220248112678647,
    "S": 4.32700021742259
  },
  "PRP": {
    "R": 0,
    "P": 4.93901370997842,
    "S": 2.031300234224146
  },
  "PRS": {
    "R": 0.7952718745304777,
    "P": 0,
    "S": 6.105185971504677
  },
  "PPR": {
    "R": 5.52600765030949,
    "P": 4.054739129893263,
    "S": 5.955149357798492
  },
  "PPP": {
    "R": 3.2476802096028328,
    "P": 3.5862726051423355,
    "S": 1.2942468284376552
  },
  "PPS": {
    "R": 2.3162475348462888,
    "P": 2.3353890353534434,
    "S": 5.51367031867978
  },
  "PSR": {
    "R": 4.7818288714659944,
    "P": 1.620554393802185,
    "S": 5.7842265302113915
  },
  "PSP": {
    "R": 0,
    "P": 3.4197999797701835,
    "S": 2.5043030377313755
  },
  "PSS": {
    "R": 5.814121943074324,
    "P": 4.973141289743957,
    "S": 4.2103320619173825
  },
  "SRR": {
    "R": 4.218438879874154,
    "P": 0,
    "S": 4.79848218498039
  },
  "SRP": {
    "R": 3.929007482060296,
    "P": 4.775976298287099,
    "S": 1.9710156055529744
  },
  "SRS": {
    "R": 5.702655747206256,
    "P": 5.169184292709399,
    "S": 6.25972323294459
  },
  "SPR": {
    "R": 2.3653564443206427,
    "P": 1.180041001071807,
    "S": 2.7433451030097036
  },
  "SPP": {
    "R": 5.613601505505072,
    "P": 3.807525439036199,
    "S": 3.3269406024431354
  },
  "SPS": {
    "R": 5.0595480812275495,
    "P": 2.596356048912512,
    "S": 4.589845337399249
  },
  "SSR": {
    "R": 4.474120667956136,
    "P": 3.497064171245819,
    "S": 6.259070866404739
  },
  "SSP": {
    "R": 0,
    "P": 5.881139670660005,
    "S": 5.2546892324920655
  },
  "SSS": {
    "R": 4.801838522647893,
    "P": 4.816230332519123,
    "S": 5.607342703950509
  }
}