{
  "RRR": {
    "R": 17.049038297615837,
    "P": 14.564928188126972,
    "S": 16.9272585608476
  },
  "RRP": {
    "R": 14.041412111875458,
    "P": 15.327389297790747,
    "S": 14.240647090037763
  },
  "RRS": {
    "R": 14.043614110562846,
    "P": 14.169747462263368,
    "S": 16.863423191095578
  },
  "RPR": {
    "R": 14.098245145284203,
    "P": 13.97791773101302,
    "S": 14.018529884798264
  },
  "RPP": {
    "R": 13.91860958071673,
    "P": 16.860312929093247,
    "S": 13.523767601155273
  },
  "RPS": {
    "R": 13.979197874192945,
    "P": 13.72569281567512,
    "S": 14.872390724048014
  },
  "RSR": {
    "R": 15.509677421907844,
    "P": 13.613711917993314,
    "S": 13.927061297517147
  },
  "RSP": {
    "R": 13.776877776564616,
    "P": 15.669015740668957,
    "S": 13.87627862972345
  },
  "RSS": {
    "R": 14.024729475113391,
    "P": 16.162413633343334,
    "S": 16.95027351850515
  },
  "PRR": {
    "R": 17.005817582141603,
    "P": 13.870095818385419,
    "S": 13.754486934147057
  },
  "PRP": {
    "R": 14.054715757432888,
    "P": 13.802442834735327,
    "S": 13.65701551529108
  },
  "PRS": {
    "R": 13.711399195351518,
    "P": 13.720606310952272,
    "S": 15.369249723033942
  },
  "PPR": {
    "R": 16.90173541437333,
    "P": 14.246295293788787,
    "S": 14.115414970187945
  },
  "PPP": {
    "R": 17.19024058079993,
    "P": 17.23642688710556,
    "S": 15.503440046287855
  },
  "PPS": {
    "R": 15.93617378702308,
    "P": 13.55677024138516,
    "S": 14.927195987121863
  },
  "PSR": {
    "R": 16.282782702718897,
    "P": 13.26070420559613,
    "S": 14.38699730562414
  },
  "PSP": {
    "R": 14.187835113537133,
    "P": 13.727286498845231,
    "S": 13.533886137138218
  },
  "PSS": {
    "R": 13.812906553101119,
    "P": 15.860446615282347,
    "S": 14.999373778962463
  },
  "SRR": {
    "R": 16.937759833121888,
    "P": 13.886411497402513,
    "S": 15.6257492722391
  },
  "SRP": {
    "R": 13.648700451877653,
    "P": 14.800176648884673,
    "S": 12.97270353651576
  },
  "SRS": {
    "R": 14.191290088689918,
    "P": 13.961669919148209,
    "S": 15.445593968980328
  },
  "SPR": {
    "R": 13.02959164526272,
    "P": 13.732843193075336,
    "S": 13.770287616495107
  },
  "SPP": {
    "R": 15.894049784301103,
    "P": 17.120703414263566,
    "S": 15.115451135403664
  },
  "SPS": {
    "R": 13.845310510021994,
    "P": 14.080738598687764,
    "S": 13.234138909734874
  },
  "SSR": {
    "R": 15.758563252586782,
    "P": 13.557309017979238,
    "S": 13.587900903370416
  },
  "SSP": {
    "R": 13.896493596359559,
    "P": 16.94045973706046,
    "S": 13.032102511582368
  },
  "SSS": {
    "R": 15.719755510461303,
    "P": 16.99722386048437,
    "S": 17.070237200166968
  }
}