{
  "RRR": {
    "R": 18.423851885376695,
    "P": 15.402464873117436,
    "S": 18.583380173229664
  },
  "RRP": {
    "R": 18.238982490811964,
    "P": 17.569006970537163,
    "S": 16.762360284525883
  },
  "RRS": {
    "R": 18.120184662622645,
    "P": 14.169747462263368,
    "S": 18.262335028239942
  },
  "RPR": {
    "R": 18.334107838819957,
    "P": 16.22524963132268,
    "S": 14.018529884798264
  },
  "RPP": {
    "R": 18.374165299009764,
    "P": 17.990189967589345,
    "S": 18.272080821084057
  },
  "RPS": {
    "R": 17.28293349011004,
    "P": 13.72569281567512,
    "S": 18.417102722275896
  },
  "RSR": {
    "R": 18.30425828631743,
    "P": 18.181395727597785,
    "S": 16.49593864951699
  },
  "RSP": {
    "R": 17.78184334785252,
    "P": 15.669015740668957,
    "S": 13.87627862972345
  },
  "RSS": {
    "R": 18.544007810207162,
    "P": 18.14355561007708,
    "S": 18.101734435215896
  },
  "PRR": {
    "R": 18.343859638959565,
    "P": 18.276141999400785,
    "S": 18.436762822064452
  },
  "PRP": {
    "R": 14.054715757432888,
    "P": 18.347028061805688,
    "S": 13.65701551529108
  },
  "PRS": {
    "R": 13.711399195351518,
    "P": 17.71698021276994,
    "S": 17.06521426824318
  },
  "PPR": {
    "R": 18.400640914320757,
    "P": 18.28529939719146,
    "S": 15.316506197703895
  },
  "PPP": {
    "R": 18.258971083560752,
    "P": 18.34812269334244,
    "S": 17.766012805859052
  },
  "PPS": {
    "R": 17.38650606731384,
    "P": 18.31260836577312,
    "S": 18.33042987704166
  },
  "PSR": {
    "R": 17.5289443256038,
    "P": 14.452009552189303,
    "S": 18.206281139235372
  },
  "PSP": {
    "R": 17.95081545233814,
    "P": 18.272557403377725,
    "S": 16.971093372007026
  },
  "PSS": {
    "R": 18.509764345790778,
    "P": 18.335216473924604,
    "S": 18.267800078872835
  },
  "SRR": {
    "R": 18.46040709356289,
    "P": 17.154320338439106,
    "S": 18.580219859029647
  },
  "SRP": {
    "R": 13.648700451877653,
    "P": 18.3304789845944,
    "S": 18.261334177239846
  },
  "SRS": {
    "R": 18.349336150010725,
    "P": 13.961669919148209,
    "S": 18.40461933333071
  },
  "SPR": {
    "R": 17.859354271244154,
    "P": 18.09228816952319,
    "S": 17.366741685287526
  },
  "SPP": {
    "R": 18.186206462133335,
    "P": 18.2811537244488,
    "S": 18.43345064413295
  },
  "SPS": {
    "R": 15.920941414217678,
    "P": 16.992028263519586,
    "S": 18.33674319830827
  },
  "SSR": {
    "R": 18.5420506597498,
    "P": 18.32589221368596,
    "S": 18.436219185800077
  },
  "SSP": {
    "R": 16.183651881960422,
    "P": 18.303171333079145,
    "S": 18.01345516557842
  },
  "SSS": {
    "R": 18.457091343117593,
    "P": 18.18876480951722,
    "S": 18.10899106284566
  }
}