{
  "RRR": {
    "R": 6.123791634159475,
    "P": 4.995924123633764,
    "S": 6.498038313186198
  },
  "RRP": {
    "R": 8.295987227956058,
    "P": 7.86637189025182,
    "S": 5.947047839339864
  },
  "RRS": {
    "R": 7.402380306349141,
    "P": 5.987881107732382,
    "S": 6.981390642909338
  },
  "RPR": {
    "R": 8.32253507088067,
    "P": 7.289599573596387,
    "S": 0
  },
  "RPP": {
    "R": 7.854401941708279,
    "P": 3.957014655642176,
    "S": 7.671373324200326
  },
  "RPS": {
    "R": 8.368538182288287,
    "P": 1.673337464808158,
    "S": 5.627280809128669
  },
  "RSR": {
    "R": 6.258372538130876,
    "P": 7.748701250596021,
    "S": 8.013650986244174
  },
  "RSP": {
    "R": 2.797415992357701,
    "P": 5.9103043612759825,
    "S": 7.9622936502221355
  },
  "RSS": {
    "R": 6.94539194681211,
    "P": 5.961343372991309,
    "S": 6.2601458112955335
  },
  "PRR": {
    "R": 0,
    "P": 8.297145532348836,
    "S": 7.2508042391191
  },
  "PRP": {
    "R": 6.312395504098555,
    "P": 8.136416183689427,
    "S": 2.031300234224146
  },
  "PRS": {
    "R": 0.7952718745304777,
    "P": 0,
    "S": 6.105185971504677
  },
  "PPR": {
    "R": 5.52600765030949,
    "P": 8.12397766218928,
    "S": 5.955149357798492
  },
  "PPP": {
    "R": 3.2476802096028328,
    "P": 3.876964921686725,
    "S": 6.117934653451995
  },
  "PPS": {
    "R": 2.3162475348462888,
    "P": 7.4275990874427285,
    "S": 6.6860157678154595
  },
  "PSR": {
    "R": 5.713536929423382,
    "P": 8.070070316914947,
    "S": 7.975252896766381
  },
  "PSP": {
    "R": 2.3220152254747264,
    "P": 7.01471648786222,
    "S": 8.970207241563411
  },
  "PSS": {
    "R": 6.621086940198599,
    "P": 6.678189971527774,
    "S": 5.854518616294331
  },
  "SRR": {
    "R": 6.359754942864733,
    "P": 7.572683683301056,
    "S": 4.79848218498039
  },
  "SRP": {
    "R": 3.929007482060296,
    "P": 7.997201983000474,
    "S": 7.6884803891649955
  },
  "SRS": {
    "R": 8.012474714235367,
    "P": 6.004865892993983,
    "S": 7.0528389011252735
  },
  "SPR": {
    "R": 6.0438566221976044,
    "P": 1.180041001071807,
    "S": 2.7433451030097036
  },
  "SPP": {
    "R": 5.613601505505072,
    "P": 3.9344906584991293,
    "S": 6.874475131296377
  },
  "SPS": {
    "R": 8.266158716368285,
    "P": 8.968546940138614,
    "S": 7.0072850359177385
  },
  "SSR": {
    "R": 6.838628307831284,
    "P": 6.60780476885401,
    "S": 6.626521040185864
  },
  "SSP": {
    "R": 0,
    "P": 6.931423872724341,
    "S": 7.080572210896494
  },
  "SSS": {
    "R": 6.227615012607309,
    "P": 7.074175949897408,
    "S": 6.645389385567336
  }
}