{
  "RRR": {
    "R": 18.61470894949103,
    "P": 17.776533523058117,
    "S": 18.70116888372712
  },
  "RRP": {
    "R": 18.547761273963577,
    "P": 19.04489810942012,
    "S": 18.071585733936143
  },
  "RRS": {
    "R": 18.8322172446996,
    "P": 14.169747462263368,
    "S": 18.65641260183427
  },
  "RPR": {
    "R": 18.95296011302457,
    "P": 18.69540928841066,
    "S": 18.224121419641122
  },
  "RPP": {
    "R": 19.066066299398933,
    "P": 18.999160232141318,
    "S": 18.879651271171966
  },
  "RPS": {
    "R": 19.163737710288252,
    "P": 17.332839409238822,
    "S": 19.226663775745692
  },
  "RSR": {
    "R": 18.929204265872464,
    "P": 19.15508046545345,
    "S": 16.49593864951699
  },
  "RSP": {
    "R": 18.50881042741556,
    "P": 15.669015740668957,
    "S": 13.87627862972345
  },
  "RSS": {
    "R": 19.16012878855267,
    "P": 18.14355561007708,
    "S": 19.086234556484126
  },
  "PRR": {
    "R": 18.78960143166306,
    "P": 18.9976710050474,
    "S": 18.354657998792522
  },
  "PRP": {
    "R": 14.054715757432888,
    "P": 19.050261731222214,
    "S": 17.576078237293707
  },
  "PRS": {
    "R": 19.033943554460965,
    "P": 18.190011393099137,
    "S": 18.71509385623554
  },
  "PPR": {
    "R": 18.685374095044036,
    "P": 19.02856897347629,
    "S": 17.557870911880713
  },
  "PPP": {
    "R": 18.778881771025453,
    "P": 18.94343522855477,
    "S": 18.879834872845898
  },
  "PPS": {
    "R": 18.905465257362778,
    "P": 18.6029101903239,
    "S": 18.8235472206919
  },
  "PSR": {
    "R": 17.5289443256038,
    "P": 19.169852283878978,
    "S": 19.12010017026847
  },
  "PSP": {
    "R": 17.95081545233814,
    "P": 18.537289819047945,
    "S": 18.79101706149992
  },
  "PSS": {
    "R": 18.87678561404998,
    "P": 18.87239053767252,
    "S": 19.28791775208666
  },
  "SRR": {
    "R": 18.635943761822357,
    "P": 17.154320338439106,
    "S": 18.72831921776314
  },
  "SRP": {
    "R": 18.941714906888905,
    "P": 19.244703022896122,
    "S": 19.19845934752919
  },
  "SRS": {
    "R": 18.71551965447752,
    "P": 18.232873696044003,
    "S": 19.0588849882094
  },
  "SPR": {
    "R": 17.859354271244154,
    "P": 18.09228816952319,
    "S": 18.709309781044343
  },
  "SPP": {
    "R": 18.836749380669303,
    "P": 18.584965913598147,
    "S": 18.60014989580387
  },
  "SPS": {
    "R": 19.05944546185548,
    "P": 18.67063567481364,
    "S": 18.480178692647332
  },
  "SSR": {
    "R": 18.591350358515996,
    "P": 19.15947813060006,
    "S": 18.716777258956167
  },
  "SSP": {
    "R": 16.183651881960422,
    "P": 18.57644250940659,
    "S": 18.513421795305103
  },
  "SSS": {
    "R": 19.03247377933465,
    "P": 18.82361728546291,
    "S": 19.434644989182758
  }
}