{
  "RRR": {
    "R": 20.035505975300097,
    "P": 19.946125447540695,
    "S": 19.215707841107218
  },
  "RRP": {
    "R": 20.29824475128543,
    "P": 19.93320669099925,
    "S": 19.46662373917554
  },
  "RRS": {
    "R": 19.70991290208176,
    "P": 14.169747462263368,
    "S": 20.005382047449018
  },
  "RPR": {
    "R": 20.156501331498205,
    "P": 19.78038185566392,
    "S": 19.194602642168846
  },
  "RPP": {
    "R": 19.829149824333662,
    "P": 19.764806527313954,
    "S": 19.7796643921453
  },
  "RPS": {
    "R": 19.81455396884288,
    "P": 19.030362763590787,
    "S": 19.398644145754613
  },
  "RSR": {
    "R": 19.852617476337315,
    "P": 19.200318997487145,
    "S": 19.851205132249824
  },
  "RSP": {
    "R": 18.636890170624916,
    "P": 15.669015740668957,
    "S": 13.87627862972345
  },
  "RSS": {
    "R": 19.855480334247833,
    "P": 19.147870369788553,
    "S": 20.04669448823797
  },
  "PRR": {
    "R": 20.199058689837663,
    "P": 19.89612928897497,
    "S": 19.624375956131477
  },
  "PRP": {
    "R": 18.558433704977467,
    "P": 19.82848760771278,
    "S": 19.575915440061852
  },
  "PRS": {
    "R": 19.102635349506535,
    "P": 18.190011393099137,
    "S": 19.507168615693526
  },
  "PPR": {
    "R": 19.772136527447014,
    "P": 19.81608176742921,
    "S": 19.736284349785905
  },
  "PPP": {
    "R": 20.02330869475296,
    "P": 19.864699515724492,
    "S": 19.401566332023748
  },
  "PPS": {
    "R": 19.36107343354854,
    "P": 19.585092915247344,
    "S": 19.434635295650935
  },
  "PSR": {
    "R": 19.872867615609405,
    "P": 19.380603311991024,
    "S": 20.01065008817924
  },
  "PSP": {
    "R": 19.66930304879881,
    "P": 18.537289819047945,
    "S": 18.79101706149992
  },
  "PSS": {
    "R": 19.340646732887684,
    "P": 18.92189586184181,
    "S": 19.359355427408016
  },
  "SRR": {
    "R": 19.733377525613356,
    "P": 19.88265904391909,
    "S": 19.64173975561239
  },
  "SRP": {
    "R": 18.941714906888905,
    "P": 19.829770325621983,
    "S": 19.656263859272226
  },
  "SRS": {
    "R": 19.72676774263585,
    "P": 18.70567383782638,
    "S": 19.972804344968658
  },
  "SPR": {
    "R": 19.015885215673464,
    "P": 19.902127978410583,
    "S": 19.34502883012059
  },
  "SPP": {
    "R": 18.836749380669303,
    "P": 18.584965913598147,
    "S": 18.60014989580387
  },
  "SPS": {
    "R": 19.05944546185548,
    "P": 18.67063567481364,
    "S": 18.480178692647332
  },
  "SSR": {
    "R": 19.836991632365972,
    "P": 19.773734576665895,
    "S": 19.836744500677646
  },
  "SSP": {
    "R": 19.139015749293876,
    "P": 18.57644250940659,
    "S": 18.513421795305103
  },
  "SSS": {
    "R": 19.875189618973323,
    "P": 18.82361728546291,
    "S": 20.21351581229098
  }
}