{
  "RRR": {
    "R": 2.8404653383956164,
    "P": 2.564394877780198,
    "S": 2.9555075523406718
  },
  "RRP": {
    "R": 2.2724405734529776,
    "P": 2.381392573857725,
    "S": 2.1219613627625127
  },
  "RRS": {
    "R": 2.921358417931133,
    "P": 2.7245038994973023,
    "S": 2.8888115445944837
  },
  "RPR": {
    "R": 2.611545209228516,
    "P": 1.8571811750873028,
    "S": 2.4783606916434247
  },
  "RPP": {
    "R": 2.755621459233862,
    "P": 2.5717099369154184,
    "S": 2.5853708067994394
  },
  "RPS": {
    "R": 2.093531542588827,
    "P": 3.128833557883711,
    "S": 2.231166745654914
  },
  "RSR": {
    "R": 2.7196258098380066,
    "P": 2.879379461763617,
    "S": 2.3480586514215043
  },
  "RSP": {
    "R": 2.355850382020545,
    "P": 2.6431396835481746,
    "S": 2.23837490829954
  },
  "RSS": {
    "R": 2.8594705676637067,
    "P": 3.0484280358582314,
    "S": 1.0964343634819302
  },
  "PRR": {
    "R": 2.5607906645027625,
    "P": 2.44566039075081,
    "S": 2.8732567856308004
  },
  "PRP": {
    "R": 2.173299517686846,
    "P": 2.7048236516193946,
    "S": 2.265581857324717
  },
  "PRS": {
    "R": 2.6712016894073862,
    "P": 2.3992278084895613,
    "S": 2.264630255320251
  },
  "PPR": {
    "R": 2.511269221134318,
    "P": 2.6934277643326126,
    "S": 2.488698637914235
  },
  "PPP": {
    "R": 2.9991804704695433,
    "P": 3.553000397075067,
    "S": 2.9450778416735575
  },
  "PPS": {
    "R": 2.6832605566964003,
    "P": 3.0065477810957337,
    "S": 2.6531051719073075
  },
  "PSR": {
    "R": 2.051697097185991,
    "P": 2.839216286777649,
    "S": 1.1052194032957299
  },
  "PSP": {
    "R": 1.8496721062863863,
    "P": 3.226244471828719,
    "S": 2.6385284331594647
  },
  "PSS": {
    "R": 2.182355338666547,
    "P": 2.9784955604962273,
    "S": 2.4275033952413345
  },
  "SRR": {
    "R": 2.5386799895827816,
    "P": 2.4703894417209997,
    "S": 2.7757068296591667
  },
  "SRP": {
    "R": 2.9232095156945737,
    "P": 2.855247364568276,
    "S": 2.493337638232053
  },
  "SRS": {
    "R": 1.0692048105634755,
    "P": 1.9748292376252774,
    "S": 2.4737519743990255
  },
  "SPR": {
    "R": 2.6374436030211807,
    "P": 1.5210612191491915,
    "S": 2.1355914871857165
  },
  "SPP": {
    "R": 2.9217259840568657,
    "P": 3.266527593718359,
    "S": 3.0928140320620012
  },
  "SPS": {
    "R": 1.9101909183936217,
    "P": 2.971441337151353,
    "S": 2.62448368385874
  },
  "SSR": {
    "R": 2.742760549493802,
    "P": 2.526008877846675,
    "S": 2.085265020439399
  },
  "SSP": {
    "R": 2.825655547099239,
    "P": 3.0288501928528655,
    "S": 2.6924702520847434
  },
  "SSS": {
    "R": 2.574167483591806,
    "P": 1.2730891326176481,
    "S": 1.9841449207790256
  }
}