{
  "RRR": {
    "R": 18.44374863335406,
    "P": 15.402464873117436,
    "S": 18.42784371617529
  },
  "RRP": {
    "R": 16.797407049166658,
    "P": 17.569006970537163,
    "S": 14.240647090037763
  },
  "RRS": {
    "R": 14.043614110562846,
    "P": 14.169747462263368,
    "S": 18.313985003787025
  },
  "RPR": {
    "R": 18.11842215180352,
    "P": 13.97791773101302,
    "S": 14.018529884798264
  },
  "RPP": {
    "R": 18.39236867878516,
    "P": 17.990189967589345,
    "S": 16.183735362389314
  },
  "RPS": {
    "R": 17.28293349011004,
    "P": 13.72569281567512,
    "S": 14.872390724048014
  },
  "RSR": {
    "R": 18.081663512168657,
    "P": 16.55143263944606,
    "S": 16.49593864951699
  },
  "RSP": {
    "R": 13.776877776564616,
    "P": 15.669015740668957,
    "S": 13.87627862972345
  },
  "RSS": {
    "R": 18.287305924226544,
    "P": 18.14355561007708,
    "S": 18.101734435215896
  },
  "PRR": {
    "R": 18.343859638959565,
    "P": 17.806289246839874,
    "S": 18.436762822064452
  },
  "PRP": {
    "R": 14.054715757432888,
    "P": 16.948750231895268,
    "S": 13.65701551529108
  },
  "PRS": {
    "R": 13.711399195351518,
    "P": 13.720606310952272,
    "S": 17.06521426824318
  },
  "PPR": {
    "R": 18.400640914320757,
    "P": 14.157725457564421,
    "S": 15.316506197703895
  },
  "PPP": {
    "R": 18.258971083560752,
    "P": 18.24074291255522,
    "S": 16.980870296425067
  },
  "PPS": {
    "R": 17.38650606731384,
    "P": 13.55677024138516,
    "S": 16.991903832385297
  },
  "PSR": {
    "R": 17.5289443256038,
    "P": 14.452009552189303,
    "S": 18.206281139235372
  },
  "PSP": {
    "R": 14.187835113537133,
    "P": 13.727286498845231,
    "S": 13.533886137138218
  },
  "PSS": {
    "R": 13.812906553101119,
    "P": 15.860446615282347,
    "S": 17.833344511618026
  },
  "SRR": {
    "R": 18.328191741762495,
    "P": 13.886411497402513,
    "S": 18.52989374578432
  },
  "SRP": {
    "R": 13.648700451877653,
    "P": 17.6736506306409,
    "S": 16.125281702526916
  },
  "SRS": {
    "R": 18.075605459498732,
    "P": 13.961669919148209,
    "S": 18.337613667552482
  },
  "SPR": {
    "R": 17.859354271244154,
    "P": 13.732843193075336,
    "S": 13.770287616495107
  },
  "SPP": {
    "R": 18.186206462133335,
    "P": 18.163609230067358,
    "S": 16.552878113498142
  },
  "SPS": {
    "R": 15.920941414217678,
    "P": 14.080738598687764,
    "S": 13.234138909734874
  },
  "SSR": {
    "R": 18.254564190227786,
    "P": 14.52912680340891,
    "S": 18.30110564377757
  },
  "SSP": {
    "R": 16.183651881960422,
    "P": 18.109431460185206,
    "S": 13.861253722914304
  },
  "SSS": {
    "R": 17.695619998209168,
    "P": 18.23302879823554,
    "S": 18.10899106284566
  }
}