{
  "RRR": {
    "R": 20.866652752252943,
    "P": 20.759318081550497,
    "S": 20.066458788369925
  },
  "RRP": {
    "R": 20.801641764244327,
    "P": 20.62100265346354,
    "S": 19.46662373917554
  },
  "RRS": {
    "R": 19.899189486047767,
    "P": 17.74385046899839,
    "S": 20.194720235372927
  },
  "RPR": {
    "R": 20.653954808482666,
    "P": 20.59053391291595,
    "S": 19.69303085302588
  },
  "RPP": {
    "R": 20.579946342829786,
    "P": 20.639681593159448,
    "S": 20.434224243057034
  },
  "RPS": {
    "R": 19.946499704696432,
    "P": 20.295972135737216,
    "S": 19.398644145754613
  },
  "RSR": {
    "R": 19.852617476337315,
    "P": 19.830539798960373,
    "S": 19.851205132249824
  },
  "RSP": {
    "R": 18.636890170624916,
    "P": 20.1415092869509,
    "S": 13.87627862972345
  },
  "RSS": {
    "R": 19.855480334247833,
    "P": 20.299029910623304,
    "S": 20.04669448823797
  },
  "PRR": {
    "R": 20.643538830490396,
    "P": 20.39344827369966,
    "S": 20.2698640355116
  },
  "PRP": {
    "R": 18.558433704977467,
    "P": 20.642642661967827,
    "S": 20.014895979339524
  },
  "PRS": {
    "R": 19.102635349506535,
    "P": 18.190011393099137,
    "S": 20.219997592485754
  },
  "PPR": {
    "R": 20.443869599741678,
    "P": 19.86991592757964,
    "S": 19.736284349785905
  },
  "PPP": {
    "R": 20.404401061602876,
    "P": 20.649156382215587,
    "S": 20.398078821902345
  },
  "PPS": {
    "R": 20.455384091068233,
    "P": 20.382047808298243,
    "S": 20.219997639563786
  },
  "PSR": {
    "R": 20.250755200032426,
    "P": 19.979638841996014,
    "S": 20.0140414316672
  },
  "PSP": {
    "R": 20.591266924077047,
    "P": 20.399251516501376,
    "S": 20.290259579308312
  },
  "PSS": {
    "R": 19.340646732887684,
    "P": 20.455796717857726,
    "S": 20.182110072097018
  },
  "SRR": {
    "R": 19.733377525613356,
    "P": 20.317296771647012,
    "S": 20.095057124686836
  },
  "SRP": {
    "R": 18.941714906888905,
    "P": 19.807364012928613,
    "S": 19.890987942037373
  },
  "SRS": {
    "R": 19.864514671709955,
    "P": 19.375208811826827,
    "S": 19.972804344968658
  },
  "SPR": {
    "R": 20.33259810191976,
    "P": 19.936197010616564,
    "S": 20.115064967570977
  },
  "SPP": {
    "R": 20.252713256266606,
    "P": 20.447658336401574,
    "S": 20.407718397144546
  },
  "SPS": {
    "R": 19.80772112320456,
    "P": 19.920473067600955,
    "S": 20.12072804279999
  },
  "SSR": {
    "R": 19.836991632365972,
    "P": 19.773734576665895,
    "S": 19.836744500677646
  },
  "SSP": {
    "R": 20.38838111172812,
    "P": 20.48728186061502,
    "S": 18.513421795305103
  },
  "SSS": {
    "R": 19.875189618973323,
    "P": 20.09640571538619,
    "S": 20.21351581229098
  }
}