{
  "RRR": {
    "R": 20.035505975300097,
    "P": 20.472652330079896,
    "S": 20.066458788369925
  },
  "RRP": {
    "R": 20.29824475128543,
    "P": 20.10218827002778,
    "S": 19.46662373917554
  },
  "RRS": {
    "R": 19.70991290208176,
    "P": 14.169747462263368,
    "S": 20.044443444560468
  },
  "RPR": {
    "R": 20.156501331498205,
    "P": 19.78038185566392,
    "S": 19.194602642168846
  },
  "RPP": {
    "R": 19.829149824333662,
    "P": 19.764806527313954,
    "S": 20.166731219701475
  },
  "RPS": {
    "R": 19.81455396884288,
    "P": 19.030362763590787,
    "S": 19.398644145754613
  },
  "RSR": {
    "R": 19.852617476337315,
    "P": 19.200318997487145,
    "S": 19.851205132249824
  },
  "RSP": {
    "R": 18.636890170624916,
    "P": 15.669015740668957,
    "S": 13.87627862972345
  },
  "RSS": {
    "R": 19.855480334247833,
    "P": 20.238322190409892,
    "S": 20.04669448823797
  },
  "PRR": {
    "R": 20.107983198768427,
    "P": 19.89612928897497,
    "S": 20.1788437639432
  },
  "PRP": {
    "R": 18.558433704977467,
    "P": 19.82848760771278,
    "S": 19.575915440061852
  },
  "PRS": {
    "R": 19.102635349506535,
    "P": 18.190011393099137,
    "S": 19.507168615693526
  },
  "PPR": {
    "R": 20.13875926183218,
    "P": 19.81608176742921,
    "S": 19.736284349785905
  },
  "PPP": {
    "R": 20.136632967517592,
    "P": 20.672351462379908,
    "S": 20.275111055838178
  },
  "PPS": {
    "R": 19.36107343354854,
    "P": 20.53212071346848,
    "S": 20.219997639563786
  },
  "PSR": {
    "R": 19.872867615609405,
    "P": 19.979638841996014,
    "S": 20.01065008817924
  },
  "PSP": {
    "R": 19.66930304879881,
    "P": 20.399251516501376,
    "S": 19.999604333192615
  },
  "PSS": {
    "R": 19.340646732887684,
    "P": 19.62526730470876,
    "S": 20.182110072097018
  },
  "SRR": {
    "R": 19.733377525613356,
    "P": 19.88265904391909,
    "S": 19.64173975561239
  },
  "SRP": {
    "R": 18.941714906888905,
    "P": 19.807364012928613,
    "S": 19.656263859272226
  },
  "SRS": {
    "R": 19.72676774263585,
    "P": 18.70567383782638,
    "S": 19.972804344968658
  },
  "SPR": {
    "R": 20.142609852622428,
    "P": 19.902127978410583,
    "S": 19.34502883012059
  },
  "SPP": {
    "R": 20.40706448545501,
    "P": 20.447658336401574,
    "S": 20.18731547733768
  },
  "SPS": {
    "R": 19.80772112320456,
    "P": 19.920473067600955,
    "S": 20.032446585980384
  },
  "SSR": {
    "R": 19.836991632365972,
    "P": 19.773734576665895,
    "S": 19.836744500677646
  },
  "SSP": {
    "R": 19.97026364943219,
    "P": 20.322689395112153,
    "S": 18.513421795305103
  },
  "SSS": {
    "R": 19.875189618973323,
    "P": 20.09640571538619,
    "S": 20.21351581229098
  }
}