{
  "RRR": {
    "R": 18.750917031893373,
    "P": 17.776533523058117,
    "S": 19.066272989324595
  },
  "RRP": {
    "R": 18.991444227794577,
    "P": 19.313461901410605,
    "S": 18.971888022487107
  },
  "RRS": {
    "R": 18.8322172446996,
    "P": 14.169747462263368,
    "S": 19.296805589398826
  },
  "RPR": {
    "R": 18.97578825079917,
    "P": 19.003805708729004,
    "S": 18.224121419641122
  },
  "RPP": {
    "R": 19.438509797326354,
    "P": 19.347269812093177,
    "S": 18.879651271171966
  },
  "RPS": {
    "R": 19.21389111336525,
    "P": 19.030362763590787,
    "S": 19.226663775745692
  },
  "RSR": {
    "R": 18.929204265872464,
    "P": 19.200318997487145,
    "S": 18.43831179036682
  },
  "RSP": {
    "R": 18.636890170624916,
    "P": 15.669015740668957,
    "S": 13.87627862972345
  },
  "RSS": {
    "R": 19.16012878855267,
    "P": 18.14355561007708,
    "S": 19.443433512410735
  },
  "PRR": {
    "R": 18.78960143166306,
    "P": 19.016442654905354,
    "S": 18.354657998792522
  },
  "PRP": {
    "R": 14.054715757432888,
    "P": 19.050261731222214,
    "S": 19.17247031073733
  },
  "PRS": {
    "R": 19.102635349506535,
    "P": 18.190011393099137,
    "S": 19.645257987570005
  },
  "PPR": {
    "R": 19.184357255359053,
    "P": 19.090427226846067,
    "S": 18.96872469540655
  },
  "PPP": {
    "R": 19.009488018758326,
    "P": 18.854414672275027,
    "S": 19.389613359536988
  },
  "PPS": {
    "R": 19.209586625574197,
    "P": 18.6029101903239,
    "S": 19.434635295650935
  },
  "PSR": {
    "R": 18.68476383335942,
    "P": 19.353004537316863,
    "S": 19.12010017026847
  },
  "PSP": {
    "R": 18.920600540827216,
    "P": 18.537289819047945,
    "S": 18.79101706149992
  },
  "PSS": {
    "R": 18.87678561404998,
    "P": 18.87239053767252,
    "S": 19.359355427408016
  },
  "SRR": {
    "R": 18.730532622083967,
    "P": 18.599161439763115,
    "S": 18.72831921776314
  },
  "SRP": {
    "R": 18.941714906888905,
    "P": 19.446193077532037,
    "S": 19.19845934752919
  },
  "SRS": {
    "R": 18.71551965447752,
    "P": 18.70567383782638,
    "S": 19.0588849882094
  },
  "SPR": {
    "R": 19.015885215673464,
    "P": 18.09228816952319,
    "S": 18.92876853691204
  },
  "SPP": {
    "R": 18.836749380669303,
    "P": 18.584965913598147,
    "S": 18.60014989580387
  },
  "SPS": {
    "R": 19.05944546185548,
    "P": 18.67063567481364,
    "S": 18.480178692647332
  },
  "SSR": {
    "R": 18.96262404527561,
    "P": 19.27425546424832,
    "S": 18.716777258956167
  },
  "SSP": {
    "R": 16.183651881960422,
    "P": 18.57644250940659,
    "S": 18.513421795305103
  },
  "SSS": {
    "R": 19.22362720962582,
    "P": 18.82361728546291,
    "S": 19.413281714598767
  }
}