{
  "RRR": {
    "R": 1.0229481344282092,
    "P": 2.182235933180624,
    "S": 1.7291408268826594
  },
  "RRP": {
    "R": 2.3777971587724434,
    "P": 1.9198004954408407,
    "S": 2.337507081790897
  },
  "RRS": {
    "R": 1.8525155727788674,
    "P": 2.1205778835368836,
    "S": 1.5551372216098494
  },
  "RPR": {
    "R": 2.0625760269059996,
    "P": 2.353723996644124,
    "S": 2.5316119980069693
  },
  "RPP": {
    "R": 1.8629433365743426,
    "P": 2.2562585190635005,
    "S": 2.021513576929889
  },
  "RPS": {
    "R": 2.38054365636379,
    "P": 2.2235183344268252,
    "S": 2.686790045069392
  },
  "RSR": {
    "R": 2.081192227607823,
    "P": 2.4845471448278773,
    "S": 2.3518357322232495
  },
  "RSP": {
    "R": 2.3812472521614487,
    "P": 2.1468825917092045,
    "S": 1.969452048068264
  },
  "RSS": {
    "R": 1.4367366301426892,
    "P": 2.4689072334793805,
    "S": 1.578163212547735
  },
  "PRR": {
    "R": 2.165132125671207,
    "P": 2.31226418484713,
    "S": 1.914937094263471
  },
  "PRP": {
    "R": 2.3395076107140698,
    "P": 2.2043623934426844,
    "S": 2.3071452659230745
  },
  "PRS": {
    "R": 2.5172130205262064,
    "P": 2.1950233078679977,
    "S": 2.5826112098636735
  },
  "PPR": {
    "R": 2.1946118400020462,
    "P": 2.035216596298353,
    "S": 2.362031046757398
  },
  "PPP": {
    "R": 2.4231309357418755,
    "P": 1.9331861248465634,
    "S": 2.287909096176295
  },
  "PPS": {
    "R": 2.446107433927375,
    "P": 2.433503938735636,
    "S": 1.875899897214052
  },
  "PSR": {
    "R": 1.697733762454422,
    "P": 1.3884524762862953,
    "S": 2.4466077053882698
  },
  "PSP": {
    "R": 2.4592419341713043,
    "P": 2.4701989555296513,
    "S": 2.0607691323309023
  },
  "PSS": {
    "R": 2.3317328663425743,
    "P": 2.4744072142909133,
    "S": 1.8063011043352695
  },
  "SRR": {
    "R": 1.9928028955744952,
    "P": 2.1833494121865873,
    "S": 1.924197371450755
  },
  "SRP": {
    "R": 2.2512073881686723,
    "P": 0.9890727318183901,
    "S": 2.570041350023004
  },
  "SRS": {
    "R": 2.418818570475473,
    "P": 2.1711433647565346,
    "S": 2.436363379338775
  },
  "SPR": {
    "R": 2.5413608292735232,
    "P": 2.357043637003087,
    "S": 1.5662370137592914
  },
  "SPP": {
    "R": 1.9448838450894839,
    "P": 2.49751043353836,
    "S": 2.419285021463241
  },
  "SPS": {
    "R": 2.3860832734701938,
    "P": 1.995279288440873,
    "S": 2.418371353810433
  },
  "SSR": {
    "R": 1.976133964882719,
    "P": 1.7871132669191752,
    "S": 2.0600409239486095
  },
  "SSP": {
    "R": 2.4279652215110086,
    "P": 2.4164485781664924,
    "S": 2.4853725315945008
  },
  "SSS": {
    "R": 1.4257559490840384,
    "P": 2.3897130590296727,
    "S": 1.7434009492324216
  }
}