{
  "RRR": {
    "R": 19.266071741619918,
    "P": 19.64504048510632,
    "S": 19.215707841107218
  },
  "RRP": {
    "R": 19.776243852295813,
    "P": 19.80993642852616,
    "S": 19.321110062182896
  },
  "RRS": {
    "R": 19.356588314509143,
    "P": 14.169747462263368,
    "S": 19.383933970829272
  },
  "RPR": {
    "R": 19.7392494560785,
    "P": 19.78038185566392,
    "S": 19.194602642168846
  },
  "RPP": {
    "R": 20.006530926152912,
    "P": 19.764806527313954,
    "S": 18.879651271171966
  },
  "RPS": {
    "R": 19.359832618307724,
    "P": 19.030362763590787,
    "S": 19.226663775745692
  },
  "RSR": {
    "R": 19.331473065565653,
    "P": 19.200318997487145,
    "S": 18.43831179036682
  },
  "RSP": {
    "R": 18.636890170624916,
    "P": 15.669015740668957,
    "S": 13.87627862972345
  },
  "RSS": {
    "R": 19.563358480938852,
    "P": 18.14355561007708,
    "S": 19.443433512410735
  },
  "PRR": {
    "R": 19.576840408797626,
    "P": 19.89612928897497,
    "S": 18.354657998792522
  },
  "PRP": {
    "R": 14.054715757432888,
    "P": 19.920504468369682,
    "S": 19.17247031073733
  },
  "PRS": {
    "R": 19.102635349506535,
    "P": 18.190011393099137,
    "S": 19.43014273211756
  },
  "PPR": {
    "R": 19.772136527447014,
    "P": 19.418763852865712,
    "S": 19.736284349785905
  },
  "PPP": {
    "R": 20.02330869475296,
    "P": 19.864699515724492,
    "S": 19.401566332023748
  },
  "PPS": {
    "R": 19.36107343354854,
    "P": 18.6029101903239,
    "S": 19.434635295650935
  },
  "PSR": {
    "R": 18.9869115487349,
    "P": 19.380603311991024,
    "S": 19.120593785762207
  },
  "PSP": {
    "R": 18.920600540827216,
    "P": 18.537289819047945,
    "S": 18.79101706149992
  },
  "PSS": {
    "R": 18.87678561404998,
    "P": 18.87239053767252,
    "S": 19.359355427408016
  },
  "SRR": {
    "R": 18.95816240981783,
    "P": 19.947549307272006,
    "S": 19.3593082089023
  },
  "SRP": {
    "R": 18.941714906888905,
    "P": 19.412104253998205,
    "S": 19.2648751620213
  },
  "SRS": {
    "R": 19.200983570641192,
    "P": 18.70567383782638,
    "S": 19.0588849882094
  },
  "SPR": {
    "R": 19.015885215673464,
    "P": 18.09228816952319,
    "S": 18.92876853691204
  },
  "SPP": {
    "R": 18.836749380669303,
    "P": 18.584965913598147,
    "S": 18.60014989580387
  },
  "SPS": {
    "R": 19.05944546185548,
    "P": 18.67063567481364,
    "S": 18.480178692647332
  },
  "SSR": {
    "R": 19.418198426721695,
    "P": 19.35493365436732,
    "S": 18.716777258956167
  },
  "SSP": {
    "R": 16.183651881960422,
    "P": 18.57644250940659,
    "S": 18.513421795305103
  },
  "SSS": {
    "R": 19.22362720962582,
    "P": 18.82361728546291,
    "S": 19.413281714598767
  }
}