{
  "RRR": {
    "R": 6.123791634159475,
    "P": 4.995924123633764,
    "S": 5.724316791599719
  },
  "RRP": {
    "R": 5.33789540694171,
    "P": 7.326574087936134,
    "S": 1.309793184510121
  },
  "RRS": {
    "R": 4.569764538415743,
    "P": 4.831927909369238,
    "S": 6.382651718802836
  },
  "RPR": {
    "R": 5.403183576347233,
    "P": 4.614129507471803,
    "S": 0
  },
  "RPP": {
    "R": 5.222714594145017,
    "P": 3.957014655642176,
    "S": 7.671373324200326
  },
  "RPS": {
    "R": 7.190734998872383,
    "P": 1.673337464808158,
    "S": 5.627280809128669
  },
  "RSR": {
    "R": 4.883286635287164,
    "P": 4.6134272151021625,
    "S": 5.751211656022569
  },
  "RSP": {
    "R": 2.797415992357701,
    "P": 5.9103043612759825,
    "S": 0
  },
  "RSS": {
    "R": 6.805369111223259,
    "P": 5.961343372991309,
    "S": 4.8770943552828445
  },
  "PRR": {
    "R": 0,
    "P": 5.220248112678647,
    "S": 4.32700021742259
  },
  "PRP": {
    "R": 0,
    "P": 4.93901370997842,
    "S": 2.031300234224146
  },
  "PRS": {
    "R": 0.7952718745304777,
    "P": 0,
    "S": 6.105185971504677
  },
  "PPR": {
    "R": 5.52600765030949,
    "P": 4.054739129893263,
    "S": 5.955149357798492
  },
  "PPP": {
    "R": 3.2476802096028328,
    "P": 3.5862726051423355,
    "S": 1.2942468284376552
  },
  "PPS": {
    "R": 2.3162475348462888,
    "P": 7.4275990874427285,
    "S": 6.461688115549107
  },
  "PSR": {
    "R": 5.713536929423382,
    "P": 8.070070316914947,
    "S": 5.7842265302113915
  },
  "PSP": {
    "R": 0,
    "P": 7.01471648786222,
    "S": 7.388099291914619
  },
  "PSS": {
    "R": 6.3587254676943665,
    "P": 6.678189971527774,
    "S": 5.854518616294331
  },
  "SRR": {
    "R": 5.927739789251067,
    "P": 5.6521982110738005,
    "S": 4.79848218498039
  },
  "SRP": {
    "R": 3.929007482060296,
    "P": 7.829766752354038,
    "S": 5.352448269257841
  },
  "SRS": {
    "R": 6.110164417090436,
    "P": 5.169184292709399,
    "S": 6.25972323294459
  },
  "SPR": {
    "R": 2.3653564443206427,
    "P": 1.180041001071807,
    "S": 2.7433451030097036
  },
  "SPP": {
    "R": 5.613601505505072,
    "P": 3.807525439036199,
    "S": 6.874475131296377
  },
  "SPS": {
    "R": 7.731732253539453,
    "P": 2.596356048912512,
    "S": 7.0072850359177385
  },
  "SSR": {
    "R": 5.633532796510819,
    "P": 6.60780476885401,
    "S": 6.3412460010817
  },
  "SSP": {
    "R": 0,
    "P": 5.994178841382079,
    "S": 7.080572210896494
  },
  "SSS": {
    "R": 6.227615012607309,
    "P": 5.957814464254344,
    "S": 6.3588004101743945
  }
}