{
  "RRR": {
    "R": 5.219263257051367,
    "P": 5.731596638393205,
    "S": 4.088162380005627
  },
  "RRP": {
    "R": 8.157692883817816,
    "P": 1.772928921217402,
    "S": 7.849324824852382
  },
  "RRS": {
    "R": 6.917487226336866,
    "P": 2.399170016729601,
    "S": 6.361035728568872
  },
  "RPR": {
    "R": 7.785100398095021,
    "P": 6.850732750970924,
    "S": 0
  },
  "RPP": {
    "R": 8.120022680585896,
    "P": 0,
    "S": 6.191113983006016
  },
  "RPS": {
    "R": 7.518910598764867,
    "P": 7.81769631661475,
    "S": 5.274781932007755
  },
  "RSR": {
    "R": 5.159547412503115,
    "P": 6.775421355295144,
    "S": 4.827459909617823
  },
  "RSP": {
    "R": 5.056108639680485,
    "P": 2.1466297222840685,
    "S": 0
  },
  "RSS": {
    "R": 5.1782321393460204,
    "P": 3.613245937339495,
    "S": 7.112195654635193
  },
  "PRR": {
    "R": 4.9857690368606296,
    "P": 8.48574004290488,
    "S": 4.1879102044666325
  },
  "PRP": {
    "R": 4.0503842016211085,
    "P": 8.31199188438121,
    "S": 6.783969471239839
  },
  "PRS": {
    "R": 0,
    "P": 3.5055038615029965,
    "S": 3.7439069669854175
  },
  "PPR": {
    "R": 8.4856618360558,
    "P": 7.636521060453498,
    "S": 1.7976999566458378
  },
  "PPP": {
    "R": 3.060334102170152,
    "P": 4.10292640432738,
    "S": 2.2963403636139743
  },
  "PPS": {
    "R": 0,
    "P": 8.640030516766995,
    "S": 7.951381261548855
  },
  "PSR": {
    "R": 8.393546436551894,
    "P": 3.286757122814916,
    "S": 4.757320109549207
  },
  "PSP": {
    "R": 4.520001894726256,
    "P": 6.2376307268046425,
    "S": 8.968173882166763
  },
  "PSS": {
    "R": 8.444595669161101,
    "P": 7.678083202305397,
    "S": 8.601997713164275
  },
  "SRR": {
    "R": 3.0260908107931894,
    "P": 8.481447577044658,
    "S": 7.242485792297604
  },
  "SRP": {
    "R": 5.57678334452743,
    "P": 0,
    "S": 6.821112548676603
  },
  "SRS": {
    "R": 0,
    "P": 1.88132898250123,
    "S": 6.040892744338958
  },
  "SPR": {
    "R": 4.952173891593328,
    "P": 6.0314393005625035,
    "S": 3.060950173258071
  },
  "SPP": {
    "R": 7.156333039512729,
    "P": 3.4787655143376615,
    "S": 8.720710932364344
  },
  "SPS": {
    "R": 6.605180482773897,
    "P": 0,
    "S": 8.826022190654157
  },
  "SSR": {
    "R": 8.480236386601465,
    "P": 6.246418119512879,
    "S": 1.7208538574458376
  },
  "SSP": {
    "R": 0.296,
    "P": 8.038402816545775,
    "S": 8.940113219823594
  },
  "SSS": {
    "R": 6.892105115197557,
    "P": 8.400638283693146,
    "S": 7.3765812537670215
  }
}