{
  "RRR": {
    "R": 18.44374863335406,
    "P": 15.402464873117436,
    "S": 18.42784371617529
  },
  "RRP": {
    "R": 14.041412111875458,
    "P": 16.444199521819538,
    "S": 14.240647090037763
  },
  "RRS": {
    "R": 14.043614110562846,
    "P": 14.169747462263368,
    "S": 18.075248865272872
  },
  "RPR": {
    "R": 14.098245145284203,
    "P": 13.97791773101302,
    "S": 14.018529884798264
  },
  "RPP": {
    "R": 13.91860958071673,
    "P": 17.20011537790868,
    "S": 13.523767601155273
  },
  "RPS": {
    "R": 17.28293349011004,
    "P": 13.72569281567512,
    "S": 14.872390724048014
  },
  "RSR": {
    "R": 17.45587441170084,
    "P": 13.613711917993314,
    "S": 16.49593864951699
  },
  "RSP": {
    "R": 13.776877776564616,
    "P": 15.669015740668957,
    "S": 13.87627862972345
  },
  "RSS": {
    "R": 17.804694984908835,
    "P": 18.31530110808116,
    "S": 18.101734435215896
  },
  "PRR": {
    "R": 18.343859638959565,
    "P": 13.870095818385419,
    "S": 16.679164987581647
  },
  "PRP": {
    "R": 14.054715757432888,
    "P": 13.802442834735327,
    "S": 13.65701551529108
  },
  "PRS": {
    "R": 13.711399195351518,
    "P": 13.720606310952272,
    "S": 17.06521426824318
  },
  "PPR": {
    "R": 18.147583422183178,
    "P": 14.246295293788787,
    "S": 15.316506197703895
  },
  "PPP": {
    "R": 18.294372487316643,
    "P": 18.24074291255522,
    "S": 16.980870296425067
  },
  "PPS": {
    "R": 17.05242347680353,
    "P": 13.55677024138516,
    "S": 16.991903832385297
  },
  "PSR": {
    "R": 17.5289443256038,
    "P": 14.452009552189303,
    "S": 17.112212545095275
  },
  "PSP": {
    "R": 14.187835113537133,
    "P": 13.727286498845231,
    "S": 13.533886137138218
  },
  "PSS": {
    "R": 13.812906553101119,
    "P": 15.860446615282347,
    "S": 17.833344511618026
  },
  "SRR": {
    "R": 18.328191741762495,
    "P": 13.886411497402513,
    "S": 17.70703464280096
  },
  "SRP": {
    "R": 13.648700451877653,
    "P": 14.800176648884673,
    "S": 16.125281702526916
  },
  "SRS": {
    "R": 15.946316034500668,
    "P": 13.961669919148209,
    "S": 17.88252063697489
  },
  "SPR": {
    "R": 16.556334810306677,
    "P": 13.732843193075336,
    "S": 13.770287616495107
  },
  "SPP": {
    "R": 17.260973666086976,
    "P": 18.163609230067358,
    "S": 16.552878113498142
  },
  "SPS": {
    "R": 15.920941414217678,
    "P": 14.080738598687764,
    "S": 13.234138909734874
  },
  "SSR": {
    "R": 18.120877019620558,
    "P": 14.52912680340891,
    "S": 13.587900903370416
  },
  "SSP": {
    "R": 14.078721145587451,
    "P": 18.030164506137915,
    "S": 13.861253722914304
  },
  "SSS": {
    "R": 17.695619998209168,
    "P": 18.23302879823554,
    "S": 18.10899106284566
  }
}