{
  "RRR": {
    "R": 18.61470894949103,
    "P": 17.776533523058117,
    "S": 18.70116888372712
  },
  "RRP": {
    "R": 18.547761273963577,
    "P": 19.04489810942012,
    "S": 18.071585733936143
  },
  "RRS": {
    "R": 18.37931273179793,
    "P": 14.169747462263368,
    "S": 18.65641260183427
  },
  "RPR": {
    "R": 18.95296011302457,
    "P": 18.69540928841066,
    "S": 17.025161996782405
  },
  "RPP": {
    "R": 18.373924305786705,
    "P": 18.980978642880963,
    "S": 18.879651271171966
  },
  "RPS": {
    "R": 18.88034840911743,
    "P": 13.72569281567512,
    "S": 18.89082787645294
  },
  "RSR": {
    "R": 18.929204265872464,
    "P": 18.407172073222178,
    "S": 16.49593864951699
  },
  "RSP": {
    "R": 17.78184334785252,
    "P": 15.669015740668957,
    "S": 13.87627862972345
  },
  "RSS": {
    "R": 18.895072732154983,
    "P": 18.14355561007708,
    "S": 18.633382051875337
  },
  "PRR": {
    "R": 18.78960143166306,
    "P": 18.9976710050474,
    "S": 18.354657998792522
  },
  "PRP": {
    "R": 14.054715757432888,
    "P": 19.085347876115822,
    "S": 17.576078237293707
  },
  "PRS": {
    "R": 13.711399195351518,
    "P": 17.71698021276994,
    "S": 18.281941315709393
  },
  "PPR": {
    "R": 18.685374095044036,
    "P": 18.94714561541243,
    "S": 15.316506197703895
  },
  "PPP": {
    "R": 18.778881771025453,
    "P": 18.94343522855477,
    "S": 18.629887196070527
  },
  "PPS": {
    "R": 18.905465257362778,
    "P": 18.61058043523311,
    "S": 18.8235472206919
  },
  "PSR": {
    "R": 17.5289443256038,
    "P": 19.08907640434581,
    "S": 18.206281139235372
  },
  "PSP": {
    "R": 17.95081545233814,
    "P": 18.537289819047945,
    "S": 18.12907200123749
  },
  "PSS": {
    "R": 18.51461488885587,
    "P": 18.668159318774915,
    "S": 18.808860593995334
  },
  "SRR": {
    "R": 18.635943761822357,
    "P": 17.154320338439106,
    "S": 18.72831921776314
  },
  "SRP": {
    "R": 18.989133862376907,
    "P": 18.96488721367567,
    "S": 18.783878307338558
  },
  "SRS": {
    "R": 18.71551965447752,
    "P": 13.961669919148209,
    "S": 18.48772167466018
  },
  "SPR": {
    "R": 17.859354271244154,
    "P": 18.09228816952319,
    "S": 17.366741685287526
  },
  "SPP": {
    "R": 18.60193615682659,
    "P": 18.584965913598147,
    "S": 18.60014989580387
  },
  "SPS": {
    "R": 17.900788898956087,
    "P": 18.20857644205761,
    "S": 18.480178692647332
  },
  "SSR": {
    "R": 18.591350358515996,
    "P": 19.01034776126815,
    "S": 18.542275706659343
  },
  "SSP": {
    "R": 16.183651881960422,
    "P": 18.581310072565458,
    "S": 18.513421795305103
  },
  "SSS": {
    "R": 18.566519002449,
    "P": 18.82361728546291,
    "S": 18.883111118177624
  }
}