{
  "RRR": {
    "R": 2.365262339879532,
    "P": 2.564394877780198,
    "S": 2.445245304002614
  },
  "RRP": {
    "R": 2.2724405734529776,
    "P": 2.381392573857725,
    "S": 2.1219613627625127
  },
  "RRS": {
    "R": 1.5123092782953056,
    "P": 2.6711058807622003,
    "S": 2.363383008279828
  },
  "RPR": {
    "R": 2.566466682237911,
    "P": 1.8571811750873028,
    "S": 2.4783606916434247
  },
  "RPP": {
    "R": 2.755621459233862,
    "P": 2.5717099369154184,
    "S": 2.5853708067994394
  },
  "RPS": {
    "R": 2.093531542588827,
    "P": 3.128833557883711,
    "S": 2.231166745654914
  },
  "RSR": {
    "R": 2.1363343978398044,
    "P": 2.879379461763617,
    "S": 2.3480586514215043
  },
  "RSP": {
    "R": 2.355850382020545,
    "P": 2.6431396835481746,
    "S": 2.23837490829954
  },
  "RSS": {
    "R": 2.345373953107815,
    "P": 2.750970209422518,
    "S": 1.0964343634819302
  },
  "PRR": {
    "R": 2.5607906645027625,
    "P": 2.44566039075081,
    "S": 2.618050942861891
  },
  "PRP": {
    "R": 2.173299517686846,
    "P": 2.7048236516193946,
    "S": 2.265581857324717
  },
  "PRS": {
    "R": 2.6712016894073862,
    "P": 2.3992278084895613,
    "S": 2.264630255320251
  },
  "PPR": {
    "R": 2.511269221134318,
    "P": 2.6934277643326126,
    "S": 2.488698637914235
  },
  "PPP": {
    "R": 2.9991804704695433,
    "P": 3.553000397075067,
    "S": 2.9450778416735575
  },
  "PPS": {
    "R": 2.6832605566964003,
    "P": 3.0065477810957337,
    "S": 1.8423849917474473
  },
  "PSR": {
    "R": 2.051697097185991,
    "P": 2.839216286777649,
    "S": 1.1052194032957299
  },
  "PSP": {
    "R": 1.8496721062863863,
    "P": 3.0512442050199056,
    "S": 2.6385284331594647
  },
  "PSS": {
    "R": 2.182355338666547,
    "P": 2.761307832612497,
    "S": 2.4275033952413345
  },
  "SRR": {
    "R": 2.056335595815357,
    "P": 2.4703894417209997,
    "S": 1.81647134391475
  },
  "SRP": {
    "R": 2.9232095156945737,
    "P": 2.855247364568276,
    "S": 2.493337638232053
  },
  "SRS": {
    "R": 1.0692048105634755,
    "P": 1.9748292376252774,
    "S": 2.4737519743990255
  },
  "SPR": {
    "R": 2.5116472890044146,
    "P": 1.5210612191491915,
    "S": 2.1355914871857165
  },
  "SPP": {
    "R": 2.9217259840568657,
    "P": 3.266527593718359,
    "S": 3.061931418175837
  },
  "SPS": {
    "R": 1.9101909183936217,
    "P": 2.6366398193173026,
    "S": 2.62448368385874
  },
  "SSR": {
    "R": 2.5931810834696187,
    "P": 2.526008877846675,
    "S": 2.085265020439399
  },
  "SSP": {
    "R": 2.501781757790571,
    "P": 3.0288501928528655,
    "S": 2.5368851017090455
  },
  "SSS": {
    "R": 2.574167483591806,
    "P": 1.2730891326176481,
    "S": 1.9841449207790256
  }
}