{
  "RRR": {
    "R": 0,
    "P": 0,
    "S": 0
  },
  "RRP": {
    "R": 0,
    "P": 0,
    "S": 0
  },
  "RRS": {
    "R": 0,
    "P": 0,
    "S": 0.6760438099584
  },
  "RPR": {
    "R": 0,
    "P": 0,
    "S": 0.3949872662392754
  },
  "RPP": {
    "R": 0,
    "P": 0,
    "S": 0.30699796724896
  },
  "RPS": {
    "R": 0,
    "P": 0,
    "S": 0
  },
  "RSR": {
    "R": 0,
    "P": 0,
    "S": 0
  },
  "RSP": {
    "R": 0,
    "P": 0,
    "S": 0.4644038099584
  },
  "RSS": {
    "R": 0.51460192,
    "P": 0.08129048,
    "S": 0.35468652724896
  },
  "PRR": {
    "R": 0,
    "P": 0,
    "S": 0.296
  },
  "PRP": {
    "R": 0,
    "P": 0.24524192,
    "S": 0
  },
  "PRS": {
    "R": 0,
    "P": 0.074,
    "S": 0.422292817733696
  },
  "PPR": {
    "R": 0,
    "P": 0.12865048,
    "S": 0
  },
  "PPP": {
    "R": 0,
    "P": 0,
    "S": 0
  },
  "PPS": {
    "R": 0.074,
    "P": 0.296,
    "S": 0.301465048
  },
  "PSR": {
    "R": 0,
    "P": 0.296,
    "S": 0.51460192
  },
  "PSP": {
    "R": 0.11662007728960003,
    "P": 0,
    "S": 0
  },
  "PSS": {
    "R": 0.0074,
    "P": 0.5563833049696,
    "S": 0.296
  },
  "SRR": {
    "R": 0,
    "P": 0,
    "S": 0
  },
  "SRP": {
    "R": 0.0074,
    "P": 0,
    "S": 0
  },
  "SRS": {
    "R": 0,
    "P": 0.51460192,
    "S": 0.13901048
  },
  "SPR": {
    "R": 0.074,
    "P": 0.074,
    "S": 0.14789048000000002
  },
  "SPP": {
    "R": 0.074,
    "P": 0,
    "S": 0.5186379672489599
  },
  "SPS": {
    "R": 0.4540438099584,
    "P": 0,
    "S": 0.51460192
  },
  "SSR": {
    "R": 0,
    "P": 0,
    "S": 0.18702201968959997
  },
  "SSP": {
    "R": 0.1537198448,
    "P": 0.4762645115727019,
    "S": 0
  },
  "SSS": {
    "R": 0,
    "P": 0.141586092261696,
    "S": 0
  }
}