{
  "RRR": {
    "R": 1.0229481344282092,
    "P": 1.0904066050787458,
    "S": 1.7291408268826594
  },
  "RRP": {
    "R": 1.7026937835588296,
    "P": 1.9198004954408407,
    "S": 1.7039909911548659
  },
  "RRS": {
    "R": 1.8525155727788674,
    "P": 2.1205778835368836,
    "S": 1.5551372216098494
  },
  "RPR": {
    "R": 1.355218015579005,
    "P": 1.728403901168495,
    "S": 1.6925810455751125
  },
  "RPP": {
    "R": 1.8629433365743426,
    "P": 1.7402479824572528,
    "S": 2.021513576929889
  },
  "RPS": {
    "R": 1.8804584151094073,
    "P": 1.5121319439652885,
    "S": 2.0346818663499295
  },
  "RSR": {
    "R": 2.0345040212799472,
    "P": 1.005577284634573,
    "S": 2.3518357322232495
  },
  "RSP": {
    "R": 1.7397167207531508,
    "P": 2.1468825917092045,
    "S": 1.969452048068264
  },
  "RSS": {
    "R": 1.4367366301426892,
    "P": 2.2481099495917367,
    "S": 1.578163212547735
  },
  "PRR": {
    "R": 1.5156682226403633,
    "P": 1.9103287347553841,
    "S": 1.914937094263471
  },
  "PRP": {
    "R": 0.9409120663773047,
    "P": 1.991094585359834,
    "S": 1.212922866749992
  },
  "PRS": {
    "R": 1.1801339443480547,
    "P": 1.6703178404638346,
    "S": 2.067846624751519
  },
  "PPR": {
    "R": 2.1946118400020462,
    "P": 2.035216596298353,
    "S": 1.8974658950163446
  },
  "PPP": {
    "R": 1.8987618154254076,
    "P": 1.757355957379197,
    "S": 1.8798575821109584
  },
  "PPS": {
    "R": 1.7869679181702598,
    "P": 2.0353492455552264,
    "S": 1.875899897214052
  },
  "PSR": {
    "R": 1.697733762454422,
    "P": 1.3884524762862953,
    "S": 2.2605826982189674
  },
  "PSP": {
    "R": 1.5104645992541301,
    "P": 2.0588462821059754,
    "S": 2.0607691323309023
  },
  "PSS": {
    "R": 1.9782747814924904,
    "P": 2.225315091100476,
    "S": 1.8063011043352695
  },
  "SRR": {
    "R": 1.6146069696350531,
    "P": 2.001599390774843,
    "S": 1.924197371450755
  },
  "SRP": {
    "R": 1.6162981884056695,
    "P": 0.9890727318183901,
    "S": 1.9844701881739168
  },
  "SRS": {
    "R": 2.2844472932539173,
    "P": 2.1711433647565346,
    "S": 2.103180792710866
  },
  "SPR": {
    "R": 1.603400556733513,
    "P": 1.6324643588409549,
    "S": 1.5662370137592914
  },
  "SPP": {
    "R": 1.9448838450894839,
    "P": 1.9686300301163189,
    "S": 2.0946234541980946
  },
  "SPS": {
    "R": 2.067791140848211,
    "P": 1.995279288440873,
    "S": 2.418371353810433
  },
  "SSR": {
    "R": 1.6304337800295463,
    "P": 1.7871132669191752,
    "S": 2.0600409239486095
  },
  "SSP": {
    "R": 1.9169850830722954,
    "P": 2.269416735522701,
    "S": 2.096935801808259
  },
  "SSS": {
    "R": 1.4257559490840384,
    "P": 1.6065515827363361,
    "S": 1.7385740388098603
  }
}