{
  "RRR": {
    "R": 18.44374863335406,
    "P": 15.402464873117436,
    "S": 18.42784371617529
  },
  "RRP": {
    "R": 18.238982490811964,
    "P": 17.569006970537163,
    "S": 16.762360284525883
  },
  "RRS": {
    "R": 18.120184662622645,
    "P": 14.169747462263368,
    "S": 18.274577272144413
  },
  "RPR": {
    "R": 18.334107838819957,
    "P": 16.22524963132268,
    "S": 14.018529884798264
  },
  "RPP": {
    "R": 18.374165299009764,
    "P": 17.990189967589345,
    "S": 18.187273862570507
  },
  "RPS": {
    "R": 17.28293349011004,
    "P": 13.72569281567512,
    "S": 17.537068730580128
  },
  "RSR": {
    "R": 18.30425828631743,
    "P": 17.429716949996894,
    "S": 16.49593864951699
  },
  "RSP": {
    "R": 17.6344347363588,
    "P": 15.669015740668957,
    "S": 13.87627862972345
  },
  "RSS": {
    "R": 18.284602905110752,
    "P": 18.14355561007708,
    "S": 18.101734435215896
  },
  "PRR": {
    "R": 18.343859638959565,
    "P": 18.276141999400785,
    "S": 18.436762822064452
  },
  "PRP": {
    "R": 14.054715757432888,
    "P": 18.345921173773064,
    "S": 13.65701551529108
  },
  "PRS": {
    "R": 13.711399195351518,
    "P": 16.91383642797784,
    "S": 17.06521426824318
  },
  "PPR": {
    "R": 18.400640914320757,
    "P": 18.28529939719146,
    "S": 15.316506197703895
  },
  "PPP": {
    "R": 18.258971083560752,
    "P": 18.24074291255522,
    "S": 16.980870296425067
  },
  "PPS": {
    "R": 17.38650606731384,
    "P": 18.128435070706914,
    "S": 17.88417658514032
  },
  "PSR": {
    "R": 17.5289443256038,
    "P": 14.452009552189303,
    "S": 18.206281139235372
  },
  "PSP": {
    "R": 17.95081545233814,
    "P": 17.877509834804474,
    "S": 13.533886137138218
  },
  "PSS": {
    "R": 13.812906553101119,
    "P": 15.860446615282347,
    "S": 18.31394548883674
  },
  "SRR": {
    "R": 18.328191741762495,
    "P": 17.154320338439106,
    "S": 18.580219859029647
  },
  "SRP": {
    "R": 13.648700451877653,
    "P": 18.172237720591326,
    "S": 16.125281702526916
  },
  "SRS": {
    "R": 18.352892081370932,
    "P": 13.961669919148209,
    "S": 18.337613667552482
  },
  "SPR": {
    "R": 17.859354271244154,
    "P": 17.19022486257041,
    "S": 17.18361401501759
  },
  "SPP": {
    "R": 18.186206462133335,
    "P": 18.163609230067358,
    "S": 18.038230091946783
  },
  "SPS": {
    "R": 15.920941414217678,
    "P": 14.080738598687764,
    "S": 13.234138909734874
  },
  "SSR": {
    "R": 18.254564190227786,
    "P": 14.52912680340891,
    "S": 18.31076561898715
  },
  "SSP": {
    "R": 16.183651881960422,
    "P": 18.109431460185206,
    "S": 13.861253722914304
  },
  "SSS": {
    "R": 18.31578058278441,
    "P": 18.23302879823554,
    "S": 18.10899106284566
  }
}