{
  "RRR": {
    "R": 20.035505975300097,
    "P": 20.472652330079896,
    "S": 20.066458788369925
  },
  "RRP": {
    "R": 20.170922998672268,
    "P": 20.194103290581157,
    "S": 19.46662373917554
  },
  "RRS": {
    "R": 19.70991290208176,
    "P": 17.74385046899839,
    "S": 20.194720235372927
  },
  "RPR": {
    "R": 20.156501331498205,
    "P": 19.78038185566392,
    "S": 19.69303085302588
  },
  "RPP": {
    "R": 19.829149824333662,
    "P": 19.764806527313954,
    "S": 20.414131906433127
  },
  "RPS": {
    "R": 19.81455396884288,
    "P": 19.030362763590787,
    "S": 19.398644145754613
  },
  "RSR": {
    "R": 19.852617476337315,
    "P": 19.200318997487145,
    "S": 19.851205132249824
  },
  "RSP": {
    "R": 18.636890170624916,
    "P": 19.24894872717322,
    "S": 13.87627862972345
  },
  "RSS": {
    "R": 19.855480334247833,
    "P": 20.299029910623304,
    "S": 20.04669448823797
  },
  "PRR": {
    "R": 20.107983198768427,
    "P": 20.365623668112935,
    "S": 20.2698640355116
  },
  "PRP": {
    "R": 18.558433704977467,
    "P": 19.82848760771278,
    "S": 19.575915440061852
  },
  "PRS": {
    "R": 19.102635349506535,
    "P": 18.190011393099137,
    "S": 20.219997592485754
  },
  "PPR": {
    "R": 20.13875926183218,
    "P": 19.81608176742921,
    "S": 19.736284349785905
  },
  "PPP": {
    "R": 20.136632967517592,
    "P": 20.672351462379908,
    "S": 20.275111055838178
  },
  "PPS": {
    "R": 20.10814439584475,
    "P": 20.411006615468402,
    "S": 20.219997639563786
  },
  "PSR": {
    "R": 19.924686937173572,
    "P": 19.979638841996014,
    "S": 20.01065008817924
  },
  "PSP": {
    "R": 20.40267844916381,
    "P": 20.399251516501376,
    "S": 19.999604333192615
  },
  "PSS": {
    "R": 19.340646732887684,
    "P": 19.62526730470876,
    "S": 20.182110072097018
  },
  "SRR": {
    "R": 19.733377525613356,
    "P": 20.16755106513828,
    "S": 19.64173975561239
  },
  "SRP": {
    "R": 18.941714906888905,
    "P": 19.807364012928613,
    "S": 19.656263859272226
  },
  "SRS": {
    "R": 19.72676774263585,
    "P": 18.70567383782638,
    "S": 19.972804344968658
  },
  "SPR": {
    "R": 20.326068117480748,
    "P": 19.902127978410583,
    "S": 20.115064967570977
  },
  "SPP": {
    "R": 20.40706448545501,
    "P": 20.447658336401574,
    "S": 20.48608381341854
  },
  "SPS": {
    "R": 19.80772112320456,
    "P": 19.920473067600955,
    "S": 20.032446585980384
  },
  "SSR": {
    "R": 19.836991632365972,
    "P": 19.773734576665895,
    "S": 19.836744500677646
  },
  "SSP": {
    "R": 20.38838111172812,
    "P": 20.322689395112153,
    "S": 18.513421795305103
  },
  "SSS": {
    "R": 19.875189618973323,
    "P": 20.09640571538619,
    "S": 20.21351581229098
  }
}