{
  "RRR": {
    "R": 18.63488858459623,
    "P": 15.402464873117436,
    "S": 18.583380173229664
  },
  "RRP": {
    "R": 18.547761273963577,
    "P": 18.521288956231853,
    "S": 16.762360284525883
  },
  "RRS": {
    "R": 18.120184662622645,
    "P": 14.169747462263368,
    "S": 18.262335028239942
  },
  "RPR": {
    "R": 18.905385086065245,
    "P": 18.69540928841066,
    "S": 14.018529884798264
  },
  "RPP": {
    "R": 18.373924305786705,
    "P": 19.1672032995719,
    "S": 18.879651271171966
  },
  "RPS": {
    "R": 17.28293349011004,
    "P": 13.72569281567512,
    "S": 18.46852090662326
  },
  "RSR": {
    "R": 18.30425828631743,
    "P": 18.407172073222178,
    "S": 16.49593864951699
  },
  "RSP": {
    "R": 17.78184334785252,
    "P": 15.669015740668957,
    "S": 13.87627862972345
  },
  "RSS": {
    "R": 18.625574647081457,
    "P": 18.14355561007708,
    "S": 18.101734435215896
  },
  "PRR": {
    "R": 18.78960143166306,
    "P": 18.687049435686358,
    "S": 18.436762822064452
  },
  "PRP": {
    "R": 14.054715757432888,
    "P": 19.085347876115822,
    "S": 13.65701551529108
  },
  "PRS": {
    "R": 13.711399195351518,
    "P": 17.71698021276994,
    "S": 17.06521426824318
  },
  "PPR": {
    "R": 18.467221714354743,
    "P": 18.377825007474517,
    "S": 15.316506197703895
  },
  "PPP": {
    "R": 18.63257380976996,
    "P": 18.94343522855477,
    "S": 18.629887196070527
  },
  "PPS": {
    "R": 18.905465257362778,
    "P": 18.61058043523311,
    "S": 18.8235472206919
  },
  "PSR": {
    "R": 17.5289443256038,
    "P": 18.929865883641185,
    "S": 18.206281139235372
  },
  "PSP": {
    "R": 17.95081545233814,
    "P": 18.537289819047945,
    "S": 18.12907200123749
  },
  "PSS": {
    "R": 18.51461488885587,
    "P": 18.668159318774915,
    "S": 18.67655911922614
  },
  "SRR": {
    "R": 18.46040709356289,
    "P": 17.154320338439106,
    "S": 18.580219859029647
  },
  "SRP": {
    "R": 18.89811333325688,
    "P": 18.96488721367567,
    "S": 18.423345588537554
  },
  "SRS": {
    "R": 18.36288822861394,
    "P": 13.961669919148209,
    "S": 18.48772167466018
  },
  "SPR": {
    "R": 17.859354271244154,
    "P": 18.09228816952319,
    "S": 17.366741685287526
  },
  "SPP": {
    "R": 18.186206462133335,
    "P": 18.584965913598147,
    "S": 18.60014989580387
  },
  "SPS": {
    "R": 17.900788898956087,
    "P": 18.20857644205761,
    "S": 18.480178692647332
  },
  "SSR": {
    "R": 18.5420506597498,
    "P": 18.376157315261004,
    "S": 18.518167290343484
  },
  "SSP": {
    "R": 16.183651881960422,
    "P": 18.60510527506301,
    "S": 18.513421795305103
  },
  "SSS": {
    "R": 18.457091343117593,
    "P": 18.41298052970529,
    "S": 18.10899106284566
  }
}