{
  "RRR": {
    "R": 18.61470894949103,
    "P": 17.776533523058117,
    "S": 18.70116888372712
  },
  "RRP": {
    "R": 18.547761273963577,
    "P": 19.04489810942012,
    "S": 18.071585733936143
  },
  "RRS": {
    "R": 18.8322172446996,
    "P": 14.169747462263368,
    "S": 18.65641260183427
  },
  "RPR": {
    "R": 18.95296011302457,
    "P": 18.69540928841066,
    "S": 18.224121419641122
  },
  "RPP": {
    "R": 18.373924305786705,
    "P": 18.980978642880963,
    "S": 18.879651271171966
  },
  "RPS": {
    "R": 19.010431191173566,
    "P": 17.332839409238822,
    "S": 19.226663775745692
  },
  "RSR": {
    "R": 18.929204265872464,
    "P": 19.112439492754596,
    "S": 16.49593864951699
  },
  "RSP": {
    "R": 17.78184334785252,
    "P": 15.669015740668957,
    "S": 13.87627862972345
  },
  "RSS": {
    "R": 19.07518019208137,
    "P": 18.14355561007708,
    "S": 19.086234556484126
  },
  "PRR": {
    "R": 18.78960143166306,
    "P": 18.9976710050474,
    "S": 18.354657998792522
  },
  "PRP": {
    "R": 14.054715757432888,
    "P": 19.085347876115822,
    "S": 17.576078237293707
  },
  "PRS": {
    "R": 17.61855972522353,
    "P": 17.71698021276994,
    "S": 18.71509385623554
  },
  "PPR": {
    "R": 18.685374095044036,
    "P": 18.94714561541243,
    "S": 17.557870911880713
  },
  "PPP": {
    "R": 18.778881771025453,
    "P": 18.94343522855477,
    "S": 18.629887196070527
  },
  "PPS": {
    "R": 18.905465257362778,
    "P": 18.61058043523311,
    "S": 18.8235472206919
  },
  "PSR": {
    "R": 17.5289443256038,
    "P": 19.082651080984657,
    "S": 18.916970300993103
  },
  "PSP": {
    "R": 17.95081545233814,
    "P": 18.537289819047945,
    "S": 18.435540288415655
  },
  "PSS": {
    "R": 18.87678561404998,
    "P": 18.87239053767252,
    "S": 19.28791775208666
  },
  "SRR": {
    "R": 18.635943761822357,
    "P": 17.154320338439106,
    "S": 18.72831921776314
  },
  "SRP": {
    "R": 18.941714906888905,
    "P": 18.96488721367567,
    "S": 19.158864715072752
  },
  "SRS": {
    "R": 18.71551965447752,
    "P": 13.961669919148209,
    "S": 19.070235176694272
  },
  "SPR": {
    "R": 17.859354271244154,
    "P": 18.09228816952319,
    "S": 17.366741685287526
  },
  "SPP": {
    "R": 18.836749380669303,
    "P": 18.584965913598147,
    "S": 18.60014989580387
  },
  "SPS": {
    "R": 18.825869819866053,
    "P": 18.20857644205761,
    "S": 18.480178692647332
  },
  "SSR": {
    "R": 18.591350358515996,
    "P": 19.00936326890557,
    "S": 18.716777258956167
  },
  "SSP": {
    "R": 16.183651881960422,
    "P": 18.57644250940659,
    "S": 18.513421795305103
  },
  "SSS": {
    "R": 19.03247377933465,
    "P": 18.82361728546291,
    "S": 19.434644989182758
  }
}