{
  "RRR": {
    "R": 2.365262339879532,
    "P": 2.564394877780198,
    "S": 2.445245304002614
  },
  "RRP": {
    "R": 2.2724405734529776,
    "P": 2.381392573857725,
    "S": 2.1219613627625127
  },
  "RRS": {
    "R": 1.5123092782953056,
    "P": 2.6711058807622003,
    "S": 2.363383008279828
  },
  "RPR": {
    "R": 2.566466682237911,
    "P": 1.8571811750873028,
    "S": 2.4783606916434247
  },
  "RPP": {
    "R": 2.755621459233862,
    "P": 2.5717099369154184,
    "S": 2.5853708067994394
  },
  "RPS": {
    "R": 2.093531542588827,
    "P": 2.4053411870155688,
    "S": 2.231166745654914
  },
  "RSR": {
    "R": 2.1363343978398044,
    "P": 1.3987498294615248,
    "S": 1.47403840664644
  },
  "RSP": {
    "R": 2.355850382020545,
    "P": 2.6431396835481746,
    "S": 2.23837490829954
  },
  "RSS": {
    "R": 2.345373953107815,
    "P": 2.5445526924680695,
    "S": 1.0964343634819302
  },
  "PRR": {
    "R": 2.5607906645027625,
    "P": 2.44566039075081,
    "S": 2.618050942861891
  },
  "PRP": {
    "R": 2.173299517686846,
    "P": 2.7048236516193946,
    "S": 1.3257872680574347
  },
  "PRS": {
    "R": 1.784544636634934,
    "P": 2.3992278084895613,
    "S": 2.264630255320251
  },
  "PPR": {
    "R": 2.511269221134318,
    "P": 2.2694828043984403,
    "S": 2.711161478913906
  },
  "PPP": {
    "R": 2.793706854891442,
    "P": 2.834156693314134,
    "S": 2.9450778416735575
  },
  "PPS": {
    "R": 2.6832605566964003,
    "P": 2.4544930353357866,
    "S": 1.8423849917474473
  },
  "PSR": {
    "R": 2.051697097185991,
    "P": 2.839216286777649,
    "S": 1.1052194032957299
  },
  "PSP": {
    "R": 1.8496721062863863,
    "P": 2.6255164121533743,
    "S": 2.049712096904581
  },
  "PSS": {
    "R": 2.182355338666547,
    "P": 2.596240808417965,
    "S": 2.4275033952413345
  },
  "SRR": {
    "R": 2.056335595815357,
    "P": 2.4703894417209997,
    "S": 1.81647134391475
  },
  "SRP": {
    "R": 2.7707125829791277,
    "P": 2.855247364568276,
    "S": 2.493337638232053
  },
  "SRS": {
    "R": 1.0692048105634755,
    "P": 1.9748292376252774,
    "S": 2.1709055236625954
  },
  "SPR": {
    "R": 2.5116472890044146,
    "P": 1.5210612191491915,
    "S": 2.1355914871857165
  },
  "SPP": {
    "R": 2.1856732964600156,
    "P": 3.0826853791939257,
    "S": 2.6641057578965492
  },
  "SPS": {
    "R": 1.9101909183936217,
    "P": 0.9699064397533738,
    "S": 2.3582251120891824
  },
  "SSR": {
    "R": 2.5931810834696187,
    "P": 2.526008877846675,
    "S": 2.085265020439399
  },
  "SSP": {
    "R": 2.501781757790571,
    "P": 2.7981709305221747,
    "S": 1.758959349830557
  },
  "SSS": {
    "R": 2.574167483591806,
    "P": 1.2730891326176481,
    "S": 1.9841449207790256
  }
}