{
  "RRR": {
    "R": 2.8404653383956164,
    "P": 2.734182806524047,
    "S": 2.931514071344351
  },
  "RRP": {
    "R": 3.0795123439914294,
    "P": 2.6475888386532644,
    "S": 2.1219613627625127
  },
  "RRS": {
    "R": 2.891168245858298,
    "P": 2.7245038994973023,
    "S": 2.8888115445944837
  },
  "RPR": {
    "R": 2.887054395416876,
    "P": 1.8571811750873028,
    "S": 2.4783606916434247
  },
  "RPP": {
    "R": 2.70955701888993,
    "P": 2.5717099369154184,
    "S": 3.237501909786722
  },
  "RPS": {
    "R": 2.093531542588827,
    "P": 3.128833557883711,
    "S": 2.231166745654914
  },
  "RSR": {
    "R": 2.7196258098380066,
    "P": 2.879379461763617,
    "S": 2.524655306644483
  },
  "RSP": {
    "R": 2.89690504905622,
    "P": 2.6431396835481746,
    "S": 3.140073745241548
  },
  "RSS": {
    "R": 3.081714136248593,
    "P": 3.0484280358582314,
    "S": 2.594502191596084
  },
  "PRR": {
    "R": 2.9518353626893448,
    "P": 2.6829670069309284,
    "S": 2.8732567856308004
  },
  "PRP": {
    "R": 2.173299517686846,
    "P": 2.749052903376194,
    "S": 2.265581857324717
  },
  "PRS": {
    "R": 2.6712016894073862,
    "P": 2.3992278084895613,
    "S": 3.233366617444927
  },
  "PPR": {
    "R": 3.1162620618744947,
    "P": 2.6934277643326126,
    "S": 2.488698637914235
  },
  "PPP": {
    "R": 2.9991804704695433,
    "P": 3.553000397075067,
    "S": 2.9450778416735575
  },
  "PPS": {
    "R": 3.123482394702555,
    "P": 3.0065477810957337,
    "S": 3.2633324262701233
  },
  "PSR": {
    "R": 2.051697097185991,
    "P": 2.839216286777649,
    "S": 2.6456375670844254
  },
  "PSP": {
    "R": 2.795669393909388,
    "P": 3.226244471828719,
    "S": 2.6385284331594647
  },
  "PSS": {
    "R": 2.182355338666547,
    "P": 3.184644331659811,
    "S": 2.4275033952413345
  },
  "SRR": {
    "R": 2.9282568324778864,
    "P": 2.4703894417209997,
    "S": 2.7757068296591667
  },
  "SRP": {
    "R": 2.677699598186962,
    "P": 2.855247364568276,
    "S": 2.493337638232053
  },
  "SRS": {
    "R": 1.0692048105634755,
    "P": 3.0278548386915416,
    "S": 2.936615338709017
  },
  "SPR": {
    "R": 2.6374436030211807,
    "P": 2.543743447282763,
    "S": 2.8798057262600003
  },
  "SPP": {
    "R": 2.9217259840568657,
    "P": 3.266527593718359,
    "S": 3.1923511503429203
  },
  "SPS": {
    "R": 1.9101909183936217,
    "P": 3.49012185373832,
    "S": 2.9829275922719365
  },
  "SSR": {
    "R": 2.7726764426986388,
    "P": 2.919092252899883,
    "S": 2.085265020439399
  },
  "SSP": {
    "R": 2.825655547099239,
    "P": 3.221765669395311,
    "S": 3.000063440086863
  },
  "SSS": {
    "R": 2.736538368568954,
    "P": 1.2730891326176481,
    "S": 2.772044303055503
  }
}