{
  "RRR": {
    "R": 2.8404653383956164,
    "P": 2.734182806524047,
    "S": 2.902611541762135
  },
  "RRP": {
    "R": 3.0795123439914294,
    "P": 3.2130562486180354,
    "S": 2.1219613627625127
  },
  "RRS": {
    "R": 2.891168245858298,
    "P": 3.1319356581003124,
    "S": 2.8888115445944837
  },
  "RPR": {
    "R": 3.014156232654548,
    "P": 1.8571811750873028,
    "S": 3.397192045696715
  },
  "RPP": {
    "R": 2.70955701888993,
    "P": 3.672905959580577,
    "S": 3.452308083211995
  },
  "RPS": {
    "R": 3.0185157546940755,
    "P": 3.385108112812415,
    "S": 2.231166745654914
  },
  "RSR": {
    "R": 2.7196258098380066,
    "P": 3.0403357193769183,
    "S": 2.524655306644483
  },
  "RSP": {
    "R": 2.9586179016572283,
    "P": 2.6431396835481746,
    "S": 3.422528037072984
  },
  "RSS": {
    "R": 3.081714136248593,
    "P": 3.2927480609111606,
    "S": 3.052100609878731
  },
  "PRR": {
    "R": 2.9388879070991982,
    "P": 2.6829670069309284,
    "S": 2.8732567856308004
  },
  "PRP": {
    "R": 3.4669780328216264,
    "P": 3.142632105448957,
    "S": 2.265581857324717
  },
  "PRS": {
    "R": 2.9131369001535488,
    "P": 2.3992278084895613,
    "S": 3.115113889869862
  },
  "PPR": {
    "R": 3.1162620618744947,
    "P": 3.12776302585697,
    "S": 2.488698637914235
  },
  "PPP": {
    "R": 2.9991804704695433,
    "P": 3.5553155964397463,
    "S": 3.2265195256242434
  },
  "PPS": {
    "R": 3.666029386508738,
    "P": 3.4971431425271957,
    "S": 3.2032865196512175
  },
  "PSR": {
    "R": 3.0682596744875426,
    "P": 3.383225389001508,
    "S": 3.3406192208147107
  },
  "PSP": {
    "R": 2.795669393909388,
    "P": 3.4900337728221418,
    "S": 3.3680665189833894
  },
  "PSS": {
    "R": 2.182355338666547,
    "P": 3.184644331659811,
    "S": 2.927096764306026
  },
  "SRR": {
    "R": 2.9282568324778864,
    "P": 3.0327605437869574,
    "S": 2.7757068296591667
  },
  "SRP": {
    "R": 2.677699598186962,
    "P": 3.6473722465501117,
    "S": 3.1214063606665077
  },
  "SRS": {
    "R": 1.0692048105634755,
    "P": 3.1206058459391603,
    "S": 3.12776363412268
  },
  "SPR": {
    "R": 2.6374436030211807,
    "P": 3.023592527512106,
    "S": 3.1430680749240976
  },
  "SPP": {
    "R": 3.3923688270119694,
    "P": 3.4980210357684047,
    "S": 3.510589315062297
  },
  "SPS": {
    "R": 2.9688684670419994,
    "P": 3.457365771983337,
    "S": 2.9829275922719365
  },
  "SSR": {
    "R": 2.7726764426986388,
    "P": 2.919092252899883,
    "S": 2.914492307299207
  },
  "SSP": {
    "R": 3.2991673833855133,
    "P": 3.2603487647038003,
    "S": 3.000063440086863
  },
  "SSS": {
    "R": 2.9579109284290572,
    "P": 2.9068755369687462,
    "S": 3.236717891691882
  }
}