{
  "RRR": {
    "R": 6.123791634159475,
    "P": 4.995924123633764,
    "S": 6.498038313186198
  },
  "RRP": {
    "R": 8.295987227956058,
    "P": 7.86637189025182,
    "S": 7.80056525661191
  },
  "RRS": {
    "R": 7.402380306349141,
    "P": 5.987881107732382,
    "S": 7.336259593791572
  },
  "RPR": {
    "R": 8.32253507088067,
    "P": 7.289599573596387,
    "S": 4.804801943675635
  },
  "RPP": {
    "R": 7.854401941708279,
    "P": 3.957014655642176,
    "S": 7.5539875423502885
  },
  "RPS": {
    "R": 8.368538182288287,
    "P": 7.5636370422878105,
    "S": 5.627280809128669
  },
  "RSR": {
    "R": 6.258372538130876,
    "P": 7.994755933640476,
    "S": 8.013650986244174
  },
  "RSP": {
    "R": 5.486837150638378,
    "P": 5.9103043612759825,
    "S": 7.9622936502221355
  },
  "RSS": {
    "R": 6.94539194681211,
    "P": 8.38325495430112,
    "S": 6.2601458112955335
  },
  "PRR": {
    "R": 0,
    "P": 8.580010326000806,
    "S": 7.6480150060159335
  },
  "PRP": {
    "R": 6.312395504098555,
    "P": 8.136416183689427,
    "S": 2.031300234224146
  },
  "PRS": {
    "R": 0.7952718745304777,
    "P": 6.176313106562052,
    "S": 6.105185971504677
  },
  "PPR": {
    "R": 8.069271215038583,
    "P": 8.12397766218928,
    "S": 5.955149357798492
  },
  "PPP": {
    "R": 3.2476802096028328,
    "P": 3.876964921686725,
    "S": 6.117934653451995
  },
  "PPS": {
    "R": 2.3162475348462888,
    "P": 8.62985321477452,
    "S": 6.6860157678154595
  },
  "PSR": {
    "R": 5.713536929423382,
    "P": 8.070070316914947,
    "S": 8.31981256949412
  },
  "PSP": {
    "R": 2.3220152254747264,
    "P": 7.196763660809178,
    "S": 9.251705169037656
  },
  "PSS": {
    "R": 6.621086940198599,
    "P": 6.678189971527774,
    "S": 5.854518616294331
  },
  "SRR": {
    "R": 6.359754942864733,
    "P": 7.572683683301056,
    "S": 4.79848218498039
  },
  "SRP": {
    "R": 7.4639005458824705,
    "P": 7.997201983000474,
    "S": 7.6884803891649955
  },
  "SRS": {
    "R": 8.37158761389723,
    "P": 6.004865892993983,
    "S": 7.259048974852251
  },
  "SPR": {
    "R": 7.99501064032164,
    "P": 1.180041001071807,
    "S": 2.7433451030097036
  },
  "SPP": {
    "R": 7.755256374511346,
    "P": 3.9344906584991293,
    "S": 6.874475131296377
  },
  "SPS": {
    "R": 8.253603205476505,
    "P": 8.968546940138614,
    "S": 7.0072850359177385
  },
  "SSR": {
    "R": 6.838628307831284,
    "P": 6.60780476885401,
    "S": 6.626521040185864
  },
  "SSP": {
    "R": 0,
    "P": 6.931423872724341,
    "S": 9.197155302107877
  },
  "SSS": {
    "R": 6.227615012607309,
    "P": 7.074175949897408,
    "S": 6.645389385567336
  }
}