{
  "RRR": {
    "R": 2.8404653383956164,
    "P": 2.734182806524047,
    "S": 2.902611541762135
  },
  "RRP": {
    "R": 3.0795123439914294,
    "P": 3.2130562486180354,
    "S": 2.1219613627625127
  },
  "RRS": {
    "R": 3.3590122665467153,
    "P": 3.1319356581003124,
    "S": 3.5266923607503675
  },
  "RPR": {
    "R": 3.014156232654548,
    "P": 1.8571811750873028,
    "S": 3.397192045696715
  },
  "RPP": {
    "R": 2.70955701888993,
    "P": 3.672905959580577,
    "S": 3.452308083211995
  },
  "RPS": {
    "R": 3.624870301517619,
    "P": 3.385108112812415,
    "S": 2.231166745654914
  },
  "RSR": {
    "R": 2.7196258098380066,
    "P": 3.0403357193769183,
    "S": 3.5598788844656317
  },
  "RSP": {
    "R": 2.9586179016572283,
    "P": 3.928989411103612,
    "S": 3.6771004602401005
  },
  "RSS": {
    "R": 3.081714136248593,
    "P": 3.3006048510772255,
    "S": 3.052100609878731
  },
  "PRR": {
    "R": 2.9388879070991982,
    "P": 2.6829670069309284,
    "S": 2.8732567856308004
  },
  "PRP": {
    "R": 3.4669780328216264,
    "P": 3.142632105448957,
    "S": 3.4757866887343756
  },
  "PRS": {
    "R": 2.9131369001535488,
    "P": 3.6619036206395257,
    "S": 3.115113889869862
  },
  "PPR": {
    "R": 3.1162620618744947,
    "P": 3.4015878665761803,
    "S": 2.488698637914235
  },
  "PPP": {
    "R": 3.4170420939381136,
    "P": 3.5553155964397463,
    "S": 3.652261767313425
  },
  "PPS": {
    "R": 3.666029386508738,
    "P": 3.5809034614516357,
    "S": 3.2032865196512175
  },
  "PSR": {
    "R": 3.4945275408261267,
    "P": 3.383225389001508,
    "S": 3.7635475636525104
  },
  "PSP": {
    "R": 3.1485594298012773,
    "P": 3.508861263710166,
    "S": 3.639782073636061
  },
  "PSS": {
    "R": 2.182355338666547,
    "P": 3.184644331659811,
    "S": 2.927096764306026
  },
  "SRR": {
    "R": 2.9282568324778864,
    "P": 3.0327605437869574,
    "S": 3.3169711526827217
  },
  "SRP": {
    "R": 2.677699598186962,
    "P": 3.6473722465501117,
    "S": 3.1214063606665077
  },
  "SRS": {
    "R": 2.721245000463227,
    "P": 3.643817422717022,
    "S": 3.12776363412268
  },
  "SPR": {
    "R": 2.6374436030211807,
    "P": 3.023592527512106,
    "S": 3.1237205446569165
  },
  "SPP": {
    "R": 3.3923688270119694,
    "P": 3.858168179351174,
    "S": 3.510589315062297
  },
  "SPS": {
    "R": 3.5468618524708284,
    "P": 3.6975852313146045,
    "S": 2.9829275922719365
  },
  "SSR": {
    "R": 2.7726764426986388,
    "P": 2.919092252899883,
    "S": 2.914492307299207
  },
  "SSP": {
    "R": 3.2991673833855133,
    "P": 3.2603487647038003,
    "S": 3.909346295007366
  },
  "SSS": {
    "R": 2.9579109284290572,
    "P": 2.9068755369687462,
    "S": 3.236717891691882
  }
}