{
  "RRR": {
    "R": 0,
    "P": 0,
    "S": 0
  },
  "RRP": {
    "R": 0,
    "P": 0,
    "S": 0
  },
  "RRS": {
    "R": 0,
    "P": 0.296,
    "S": 0.296
  },
  "RPR": {
    "R": 0,
    "P": 0,
    "S": 0
  },
  "RPP": {
    "R": 0,
    "P": 0,
    "S": 0
  },
  "RPS": {
    "R": 0,
    "P": 0,
    "S": 1.6010470833998438
  },
  "RSR": {
    "R": 0,
    "P": 0,
    "S": 0
  },
  "RSP": {
    "R": 0,
    "P": 0.6003920108665468,
    "S": 0
  },
  "RSS": {
    "R": 0,
    "P": 0,
    "S": 0.296
  },
  "PRR": {
    "R": 0,
    "P": 0,
    "S": 0.36956192
  },
  "PRP": {
    "R": 0,
    "P": 0,
    "S": 0.074
  },
  "PRS": {
    "R": 0,
    "P": 0,
    "S": 0
  },
  "PPR": {
    "R": 0.5915619200000001,
    "P": 0.42761048,
    "S": 0
  },
  "PPP": {
    "R": 0.5338419200000001,
    "P": 2.419188324969901,
    "S": 0.4408776507066334
  },
  "PPS": {
    "R": 0.296,
    "P": 0.49677415737777364,
    "S": 1.1964721866082577
  },
  "PSR": {
    "R": 0,
    "P": 0.296,
    "S": 0
  },
  "PSP": {
    "R": 0,
    "P": 0.900295336032768,
    "S": 0
  },
  "PSS": {
    "R": 0,
    "P": 1.2838539237235762,
    "S": 1.4156856775825404
  },
  "SRR": {
    "R": 0,
    "P": 0,
    "S": 0
  },
  "SRP": {
    "R": 0,
    "P": 0,
    "S": 0.8111988922250855
  },
  "SRS": {
    "R": 0,
    "P": 0,
    "S": 0
  },
  "SPR": {
    "R": 0,
    "P": 0,
    "S": 0
  },
  "SPP": {
    "R": 0.8666768083584001,
    "P": 0.7127660873998629,
    "S": 1.3495028522459305
  },
  "SPS": {
    "R": 0,
    "P": 0,
    "S": 0
  },
  "SSR": {
    "R": 0,
    "P": 0,
    "S": 0
  },
  "SSP": {
    "R": 0,
    "P": 1.5541888816304978,
    "S": 0
  },
  "SSS": {
    "R": 0,
    "P": 0.6803502420896,
    "S": 1.1813741124740298
  }
}