{
  "RRR": {
    "R": 1.0229481344282092,
    "P": 2.182235933180624,
    "S": 1.7291408268826594
  },
  "RRP": {
    "R": 2.4952733540489422,
    "P": 2.3500957776406053,
    "S": 2.337507081790897
  },
  "RRS": {
    "R": 2.650605608067948,
    "P": 2.383948970385863,
    "S": 1.5551372216098494
  },
  "RPR": {
    "R": 2.0625760269059996,
    "P": 2.819708612521393,
    "S": 2.8191872611168227
  },
  "RPP": {
    "R": 1.8629433365743426,
    "P": 2.6721578736206,
    "S": 2.612336635705743
  },
  "RPS": {
    "R": 2.38054365636379,
    "P": 2.8607217563359897,
    "S": 2.533364627616167
  },
  "RSR": {
    "R": 2.558689906803035,
    "P": 3.034006087817432,
    "S": 2.8271337389047995
  },
  "RSP": {
    "R": 2.5862060594744847,
    "P": 2.1468825917092045,
    "S": 1.969452048068264
  },
  "RSS": {
    "R": 2.190932946991626,
    "P": 2.4848132027378096,
    "S": 1.578163212547735
  },
  "PRR": {
    "R": 2.165132125671207,
    "P": 2.4513979654924785,
    "S": 1.914937094263471
  },
  "PRP": {
    "R": 2.3395076107140698,
    "P": 2.8425762551213833,
    "S": 2.6271679926254996
  },
  "PRS": {
    "R": 2.7141861887708836,
    "P": 2.4934949353654114,
    "S": 2.5826112098636735
  },
  "PPR": {
    "R": 2.1946118400020462,
    "P": 2.035216596298353,
    "S": 2.708496213791934
  },
  "PPP": {
    "R": 2.4484212119441615,
    "P": 1.9331861248465634,
    "S": 2.7600522254825846
  },
  "PPS": {
    "R": 2.446107433927375,
    "P": 2.489751945382104,
    "S": 2.53270573476065
  },
  "PSR": {
    "R": 1.697733762454422,
    "P": 1.3884524762862953,
    "S": 2.67650983950086
  },
  "PSP": {
    "R": 2.68998400772493,
    "P": 2.7827131338144593,
    "S": 2.766135478496036
  },
  "PSS": {
    "R": 2.3638312281552496,
    "P": 2.4744072142909133,
    "S": 2.308489175481764
  },
  "SRR": {
    "R": 1.9928028955744952,
    "P": 2.3311216048651375,
    "S": 2.5880241824033234
  },
  "SRP": {
    "R": 2.7673352359888472,
    "P": 2.6244992802868907,
    "S": 2.570041350023004
  },
  "SRS": {
    "R": 2.8977634005071713,
    "P": 2.1711433647565346,
    "S": 2.8350632507304834
  },
  "SPR": {
    "R": 2.3758071614044183,
    "P": 3.0358471941962684,
    "S": 2.610531654285936
  },
  "SPP": {
    "R": 1.9448838450894839,
    "P": 2.983706482283372,
    "S": 2.541745712284034
  },
  "SPS": {
    "R": 2.5012503736855956,
    "P": 2.6356189885735195,
    "S": 2.418371353810433
  },
  "SSR": {
    "R": 2.301042857701963,
    "P": 2.436676387217975,
    "S": 2.6998170721737274
  },
  "SSP": {
    "R": 2.4279652215110086,
    "P": 2.801406673759293,
    "S": 2.4853725315945008
  },
  "SSS": {
    "R": 2.466230792250069,
    "P": 2.3897130590296727,
    "S": 2.4348060234949003
  }
}