{
  "RRR": {
    "R": 20.866652752252943,
    "P": 20.759318081550497,
    "S": 20.567211875972458
  },
  "RRP": {
    "R": 20.801641764244327,
    "P": 20.785912600985565,
    "S": 20.575020255290923
  },
  "RRS": {
    "R": 20.38391998997492,
    "P": 19.56230856053856,
    "S": 20.194720235372927
  },
  "RPR": {
    "R": 20.62309454729926,
    "P": 20.59053391291595,
    "S": 19.69303085302588
  },
  "RPP": {
    "R": 20.579946342829786,
    "P": 20.639681593159448,
    "S": 20.744963589965902
  },
  "RPS": {
    "R": 19.946499704696432,
    "P": 20.295972135737216,
    "S": 20.865861558860114
  },
  "RSR": {
    "R": 20.68736125099424,
    "P": 19.830539798960373,
    "S": 20.281367205978285
  },
  "RSP": {
    "R": 18.636890170624916,
    "P": 20.1415092869509,
    "S": 18.541392517896746
  },
  "RSS": {
    "R": 20.770714760414307,
    "P": 20.299029910623304,
    "S": 20.04669448823797
  },
  "PRR": {
    "R": 20.643538830490396,
    "P": 20.738725026891633,
    "S": 20.2698640355116
  },
  "PRP": {
    "R": 18.558433704977467,
    "P": 20.642642661967827,
    "S": 20.014895979339524
  },
  "PRS": {
    "R": 19.102635349506535,
    "P": 18.190011393099137,
    "S": 20.219997592485754
  },
  "PPR": {
    "R": 20.443869599741678,
    "P": 19.86991592757964,
    "S": 19.736284349785905
  },
  "PPP": {
    "R": 20.404401061602876,
    "P": 20.649156382215587,
    "S": 20.398078821902345
  },
  "PPS": {
    "R": 20.775275400700885,
    "P": 20.382047808298243,
    "S": 20.486070730445597
  },
  "PSR": {
    "R": 20.809188188717847,
    "P": 19.979638841996014,
    "S": 20.0140414316672
  },
  "PSP": {
    "R": 20.591266924077047,
    "P": 20.399251516501376,
    "S": 20.290259579308312
  },
  "PSS": {
    "R": 20.87886967171429,
    "P": 20.417635661309646,
    "S": 20.93778643787858
  },
  "SRR": {
    "R": 20.83711854725332,
    "P": 20.78871442081243,
    "S": 20.310450450708682
  },
  "SRP": {
    "R": 20.252204580951734,
    "P": 19.807364012928613,
    "S": 20.79333164321116
  },
  "SRS": {
    "R": 20.36023831617459,
    "P": 19.375208811826827,
    "S": 20.614471223571936
  },
  "SPR": {
    "R": 20.33259810191976,
    "P": 19.936197010616564,
    "S": 20.115064967570977
  },
  "SPP": {
    "R": 20.252713256266606,
    "P": 20.447658336401574,
    "S": 20.63798830596318
  },
  "SPS": {
    "R": 19.80772112320456,
    "P": 19.920473067600955,
    "S": 20.376141402222476
  },
  "SSR": {
    "R": 20.729257546312603,
    "P": 20.263694612394982,
    "S": 20.64879426909435
  },
  "SSP": {
    "R": 20.38838111172812,
    "P": 20.435097918359197,
    "S": 19.913273046008403
  },
  "SSS": {
    "R": 20.664312192093412,
    "P": 20.651332885701812,
    "S": 20.76592501350054
  }
}