{
  "RRR": {
    "R": 5.219263257051367,
    "P": 5.731596638393205,
    "S": 4.088162380005627
  },
  "RRP": {
    "R": 8.909582797081006,
    "P": 1.772928921217402,
    "S": 7.849324824852382
  },
  "RRS": {
    "R": 6.917487226336866,
    "P": 2.399170016729601,
    "S": 6.361035728568872
  },
  "RPR": {
    "R": 7.785100398095021,
    "P": 8.795012946296147,
    "S": 0
  },
  "RPP": {
    "R": 8.120022680585896,
    "P": 8.564997525537887,
    "S": 10.387340772313948
  },
  "RPS": {
    "R": 8.949098780103773,
    "P": 7.81769631661475,
    "S": 5.274781932007755
  },
  "RSR": {
    "R": 5.159547412503115,
    "P": 6.775421355295144,
    "S": 4.827459909617823
  },
  "RSP": {
    "R": 5.056108639680485,
    "P": 2.1466297222840685,
    "S": 0
  },
  "RSS": {
    "R": 5.1782321393460204,
    "P": 3.613245937339495,
    "S": 7.112195654635193
  },
  "PRR": {
    "R": 4.9857690368606296,
    "P": 8.544085554718837,
    "S": 4.1879102044666325
  },
  "PRP": {
    "R": 4.0503842016211085,
    "P": 8.453917040005411,
    "S": 8.572959090199122
  },
  "PRS": {
    "R": 0,
    "P": 3.5055038615029965,
    "S": 3.7439069669854175
  },
  "PPR": {
    "R": 8.873276684386566,
    "P": 7.636521060453498,
    "S": 1.7976999566458378
  },
  "PPP": {
    "R": 8.68541528414167,
    "P": 11.476143271949427,
    "S": 10.395545608252668
  },
  "PPS": {
    "R": 6.752171925903468,
    "P": 10.573137336369845,
    "S": 10.384980870558469
  },
  "PSR": {
    "R": 9.044890746577645,
    "P": 7.203856859247089,
    "S": 4.757320109549207
  },
  "PSP": {
    "R": 4.520001894726256,
    "P": 11.500488125602045,
    "S": 8.968173882166763
  },
  "PSS": {
    "R": 8.444595669161101,
    "P": 10.893677955967508,
    "S": 9.645371451255919
  },
  "SRR": {
    "R": 3.0260908107931894,
    "P": 8.76883517666548,
    "S": 7.242485792297604
  },
  "SRP": {
    "R": 5.57678334452743,
    "P": 9.040625889935374,
    "S": 6.821112548676603
  },
  "SRS": {
    "R": 0,
    "P": 1.88132898250123,
    "S": 6.040892744338958
  },
  "SPR": {
    "R": 4.952173891593328,
    "P": 6.0314393005625035,
    "S": 3.060950173258071
  },
  "SPP": {
    "R": 7.156333039512729,
    "P": 11.408400829185865,
    "S": 10.371858228070588
  },
  "SPS": {
    "R": 8.212148839843518,
    "P": 8.718161477076825,
    "S": 8.943513120696162
  },
  "SSR": {
    "R": 8.480236386601465,
    "P": 6.246418119512879,
    "S": 1.7208538574458376
  },
  "SSP": {
    "R": 0.296,
    "P": 10.783856564155823,
    "S": 9.322339334137313
  },
  "SSS": {
    "R": 6.892105115197557,
    "P": 9.592953604141794,
    "S": 7.3765812537670215
  }
}