{
  "RRR": {
    "R": 4.1080315023036595,
    "P": 4.032989021323317,
    "S": 4.109825126845169
  },
  "RRP": {
    "R": 3.0795123439914294,
    "P": 3.9656218186604555,
    "S": 3.854511567949509
  },
  "RRS": {
    "R": 3.8340097546667034,
    "P": 4.083292277445186,
    "S": 3.5266923607503675
  },
  "RPR": {
    "R": 3.0292393515589096,
    "P": 1.8571811750873028,
    "S": 3.6111022598579403
  },
  "RPP": {
    "R": 3.337739156452409,
    "P": 3.672905959580577,
    "S": 3.7612857827365334
  },
  "RPS": {
    "R": 3.876269819254352,
    "P": 4.141847148541096,
    "S": 3.308853383528176
  },
  "RSR": {
    "R": 3.789504028654405,
    "P": 3.9130004846595083,
    "S": 3.809611879368804
  },
  "RSP": {
    "R": 2.9586179016572283,
    "P": 3.928989411103612,
    "S": 3.7675721407296003
  },
  "RSS": {
    "R": 3.266946081964985,
    "P": 4.313329702333919,
    "S": 3.9465647332996894
  },
  "PRR": {
    "R": 3.9753850208240133,
    "P": 3.329946796459467,
    "S": 2.8732567856308004
  },
  "PRP": {
    "R": 3.7257137358485823,
    "P": 3.8809745392189243,
    "S": 3.4757866887343756
  },
  "PRS": {
    "R": 3.8811065232297652,
    "P": 3.6619036206395257,
    "S": 3.3828480513148627
  },
  "PPR": {
    "R": 3.601881934668137,
    "P": 3.4015878665761803,
    "S": 2.488698637914235
  },
  "PPP": {
    "R": 3.4170420939381136,
    "P": 3.5553155964397463,
    "S": 3.652261767313425
  },
  "PPS": {
    "R": 3.7460222521219118,
    "P": 3.7542752584161843,
    "S": 3.2032865196512175
  },
  "PSR": {
    "R": 3.4271752764671106,
    "P": 3.9087070794459104,
    "S": 3.954009415900961
  },
  "PSP": {
    "R": 4.2141596026150925,
    "P": 3.508861263710166,
    "S": 4.23951092933193
  },
  "PSS": {
    "R": 3.424004582811675,
    "P": 3.184644331659811,
    "S": 3.9228026896094828
  },
  "SRR": {
    "R": 4.125589801120114,
    "P": 3.4918562176540306,
    "S": 3.4871054113596376
  },
  "SRP": {
    "R": 3.738643963907972,
    "P": 3.6473722465501117,
    "S": 3.8885204547998855
  },
  "SRS": {
    "R": 3.748388587044797,
    "P": 3.643817422717022,
    "S": 3.9148581504200983
  },
  "SPR": {
    "R": 3.173405673476238,
    "P": 4.1585273916699785,
    "S": 3.8128650981499543
  },
  "SPP": {
    "R": 3.3923688270119694,
    "P": 3.858168179351174,
    "S": 3.8126393111343413
  },
  "SPS": {
    "R": 4.150084102723781,
    "P": 3.997438019294486,
    "S": 3.8085511858385983
  },
  "SSR": {
    "R": 2.7726764426986388,
    "P": 4.040359321959961,
    "S": 3.6417002944368306
  },
  "SSP": {
    "R": 3.5792695916616473,
    "P": 4.052431227334737,
    "S": 4.029511788109563
  },
  "SSS": {
    "R": 2.9579109284290572,
    "P": 4.36505719785797,
    "S": 4.0857635417238045
  }
}