{
  "RRR": {
    "R": 6.9043671007965415,
    "P": 9.400551651393723,
    "S": 6.498038313186198
  },
  "RRP": {
    "R": 8.377315279815368,
    "P": 11.006218297862226,
    "S": 10.56926200949053
  },
  "RRS": {
    "R": 7.402380306349141,
    "P": 5.987881107732382,
    "S": 8.394628943236272
  },
  "RPR": {
    "R": 10.38181727288423,
    "P": 9.886340237869904,
    "S": 6.106579260813872
  },
  "RPP": {
    "R": 11.11872386795389,
    "P": 8.867493203846447,
    "S": 8.411355957186354
  },
  "RPS": {
    "R": 10.463199205688003,
    "P": 9.621265948126128,
    "S": 7.015104179167643
  },
  "RSR": {
    "R": 6.258372538130876,
    "P": 10.498795886566551,
    "S": 8.013650986244174
  },
  "RSP": {
    "R": 5.486837150638378,
    "P": 5.9103043612759825,
    "S": 8.989647635288925
  },
  "RSS": {
    "R": 6.94539194681211,
    "P": 9.045929421831001,
    "S": 6.2601458112955335
  },
  "PRR": {
    "R": 5.094931255054272,
    "P": 10.846941247855106,
    "S": 7.751289805409111
  },
  "PRP": {
    "R": 6.312395504098555,
    "P": 11.16715055267342,
    "S": 9.627842756252358
  },
  "PRS": {
    "R": 0.7952718745304777,
    "P": 7.560154514268185,
    "S": 6.105185971504677
  },
  "PPR": {
    "R": 11.125211694608872,
    "P": 11.415990741897547,
    "S": 5.955149357798492
  },
  "PPP": {
    "R": 10.724394818663825,
    "P": 10.506599621037005,
    "S": 8.644365561400853
  },
  "PPS": {
    "R": 2.3162475348462888,
    "P": 9.150331137279064,
    "S": 8.329516942562428
  },
  "PSR": {
    "R": 5.713536929423382,
    "P": 10.220494981209225,
    "S": 10.175145251511179
  },
  "PSP": {
    "R": 2.3220152254747264,
    "P": 8.323279112981103,
    "S": 9.34392389007822
  },
  "PSS": {
    "R": 6.621086940198599,
    "P": 8.82461252630993,
    "S": 7.156348102978476
  },
  "SRR": {
    "R": 6.359754942864733,
    "P": 10.283440443013525,
    "S": 4.79848218498039
  },
  "SRP": {
    "R": 10.41402737921618,
    "P": 8.542904778840963,
    "S": 9.713468616422029
  },
  "SRS": {
    "R": 10.368256741273251,
    "P": 6.004865892993983,
    "S": 7.259048974852251
  },
  "SPR": {
    "R": 8.809883610742112,
    "P": 1.180041001071807,
    "S": 2.7433451030097036
  },
  "SPP": {
    "R": 8.393648960304166,
    "P": 3.9344906584991293,
    "S": 6.874475131296377
  },
  "SPS": {
    "R": 9.551543807649816,
    "P": 8.968546940138614,
    "S": 7.0072850359177385
  },
  "SSR": {
    "R": 8.48672318471602,
    "P": 6.60780476885401,
    "S": 6.626521040185864
  },
  "SSP": {
    "R": 6.2004752580903375,
    "P": 6.931423872724341,
    "S": 9.310711664779216
  },
  "SSS": {
    "R": 7.769020825202121,
    "P": 7.074175949897408,
    "S": 7.474053437316442
  }
}