{
  "RRR": {
    "R": 10.62462474682365,
    "P": 10.791241150055225,
    "S": 10.478013581220027
  },
  "RRP": {
    "R": 9.247195023265421,
    "P": 11.034051420846673,
    "S": 7.849324824852382
  },
  "RRS": {
    "R": 10.140484233912378,
    "P": 7.5405080922645125,
    "S": 9.363459662750623
  },
  "RPR": {
    "R": 10.72481964137627,
    "P": 11.33957675727667,
    "S": 3.060950173258071
  },
  "RPP": {
    "R": 10.479756545696834,
    "P": 8.564997525537887,
    "S": 10.805181986457484
  },
  "RPS": {
    "R": 8.949098780103773,
    "P": 11.758851567920468,
    "S": 5.274781932007755
  },
  "RSR": {
    "R": 11.194986738060855,
    "P": 8.73429258461181,
    "S": 4.827459909617823
  },
  "RSP": {
    "R": 8.939912936623553,
    "P": 2.1466297222840685,
    "S": 0
  },
  "RSS": {
    "R": 8.981194050430947,
    "P": 9.199537693468628,
    "S": 9.229758965935948
  },
  "PRR": {
    "R": 10.560478409793145,
    "P": 8.544085554718837,
    "S": 10.338118754080549
  },
  "PRP": {
    "R": 11.675627391659258,
    "P": 8.453917040005411,
    "S": 10.663075287411438
  },
  "PRS": {
    "R": 0,
    "P": 3.5055038615029965,
    "S": 6.521914546277392
  },
  "PPR": {
    "R": 8.873276684386566,
    "P": 11.566606659153514,
    "S": 1.7976999566458378
  },
  "PPP": {
    "R": 8.68541528414167,
    "P": 11.476143271949427,
    "S": 10.395545608252668
  },
  "PPS": {
    "R": 8.731397414897426,
    "P": 11.694162476838368,
    "S": 11.041294070386325
  },
  "PSR": {
    "R": 9.409414659397637,
    "P": 8.845685815639316,
    "S": 4.757320109549207
  },
  "PSP": {
    "R": 4.520001894726256,
    "P": 11.711459093026876,
    "S": 9.623964032917964
  },
  "PSS": {
    "R": 8.834973129288763,
    "P": 10.893677955967508,
    "S": 9.645371451255919
  },
  "SRR": {
    "R": 11.012073418321112,
    "P": 9.402789580969287,
    "S": 9.714489875384082
  },
  "SRP": {
    "R": 10.921587575466512,
    "P": 9.040625889935374,
    "S": 6.821112548676603
  },
  "SRS": {
    "R": 10.108290187917815,
    "P": 1.88132898250123,
    "S": 6.040892744338958
  },
  "SPR": {
    "R": 10.06172549699081,
    "P": 6.0314393005625035,
    "S": 3.060950173258071
  },
  "SPP": {
    "R": 7.156333039512729,
    "P": 11.408400829185865,
    "S": 11.740673568882766
  },
  "SPS": {
    "R": 9.380199612617659,
    "P": 8.718161477076825,
    "S": 10.666512455422126
  },
  "SSR": {
    "R": 9.937244345719792,
    "P": 6.246418119512879,
    "S": 7.201138353838216
  },
  "SSP": {
    "R": 0.296,
    "P": 11.525134887050859,
    "S": 9.322339334137313
  },
  "SSS": {
    "R": 6.892105115197557,
    "P": 9.592953604141794,
    "S": 10.360778609583733
  }
}