{
  "RRR": {
    "R": 1.0229481344282092,
    "P": 2.182235933180624,
    "S": 2.4811018686598323
  },
  "RRP": {
    "R": 2.4952733540489422,
    "P": 3.4846040868077828,
    "S": 3.009780550601695
  },
  "RRS": {
    "R": 2.650605608067948,
    "P": 2.9100145897472913,
    "S": 1.5551372216098494
  },
  "RPR": {
    "R": 2.0625760269059996,
    "P": 3.1161178081313876,
    "S": 2.9884014322054586
  },
  "RPP": {
    "R": 1.8629433365743426,
    "P": 3.1790180102539733,
    "S": 3.076159001999028
  },
  "RPS": {
    "R": 2.8915973973227604,
    "P": 3.1366197943526988,
    "S": 2.533364627616167
  },
  "RSR": {
    "R": 3.070929918686164,
    "P": 2.8399740013150154,
    "S": 2.9272783469316987
  },
  "RSP": {
    "R": 2.5862060594744847,
    "P": 2.994585460792553,
    "S": 3.0008501563220586
  },
  "RSS": {
    "R": 2.190932946991626,
    "P": 2.4848132027378096,
    "S": 2.305683199954932
  },
  "PRR": {
    "R": 2.165132125671207,
    "P": 3.096889566733303,
    "S": 1.914937094263471
  },
  "PRP": {
    "R": 3.20558730244685,
    "P": 3.346344271566229,
    "S": 2.869763909571885
  },
  "PRS": {
    "R": 2.9372318768903916,
    "P": 2.7565730034653644,
    "S": 2.5826112098636735
  },
  "PPR": {
    "R": 2.8388583336656326,
    "P": 3.1925466496406196,
    "S": 3.1816217599009873
  },
  "PPP": {
    "R": 3.4163052678105164,
    "P": 3.1315528289496424,
    "S": 3.006010268851745
  },
  "PPS": {
    "R": 3.031857877381051,
    "P": 3.273629190401734,
    "S": 2.53270573476065
  },
  "PSR": {
    "R": 1.697733762454422,
    "P": 2.9461978812571608,
    "S": 2.9646052232969646
  },
  "PSP": {
    "R": 3.194754310541631,
    "P": 3.1426994756176945,
    "S": 3.292471515066871
  },
  "PSS": {
    "R": 2.3638312281552496,
    "P": 2.4744072142909133,
    "S": 2.308489175481764
  },
  "SRR": {
    "R": 2.425753634221923,
    "P": 3.1248747494952993,
    "S": 2.5880241824033234
  },
  "SRP": {
    "R": 2.933833808247787,
    "P": 2.6244992802868907,
    "S": 3.0997132608767863
  },
  "SRS": {
    "R": 2.978984586507586,
    "P": 2.5484621738797952,
    "S": 2.868200691675853
  },
  "SPR": {
    "R": 2.8413924609274472,
    "P": 2.8960196864232737,
    "S": 2.7572190142454165
  },
  "SPP": {
    "R": 3.1106294007605992,
    "P": 2.821517454957075,
    "S": 2.541745712284034
  },
  "SPS": {
    "R": 3.2721660296102497,
    "P": 3.083567527836622,
    "S": 2.418371353810433
  },
  "SSR": {
    "R": 2.301042857701963,
    "P": 3.2187360980993978,
    "S": 2.6998170721737274
  },
  "SSP": {
    "R": 2.4279652215110086,
    "P": 2.801406673759293,
    "S": 2.4853725315945008
  },
  "SSS": {
    "R": 2.642488910126759,
    "P": 2.3897130590296727,
    "S": 2.4348060234949003
  }
}