{
  "RRR": {
    "R": 1.0229481344282092,
    "P": 2.182235933180624,
    "S": 2.4811018686598323
  },
  "RRP": {
    "R": 2.4952733540489422,
    "P": 3.4846040868077828,
    "S": 3.009780550601695
  },
  "RRS": {
    "R": 2.650605608067948,
    "P": 2.9801916507812622,
    "S": 1.5551372216098494
  },
  "RPR": {
    "R": 2.0625760269059996,
    "P": 3.1161178081313876,
    "S": 2.9884014322054586
  },
  "RPP": {
    "R": 1.8629433365743426,
    "P": 3.1790180102539733,
    "S": 3.076159001999028
  },
  "RPS": {
    "R": 2.8915973973227604,
    "P": 3.1366197943526988,
    "S": 2.533364627616167
  },
  "RSR": {
    "R": 3.070929918686164,
    "P": 2.8399740013150154,
    "S": 2.9272783469316987
  },
  "RSP": {
    "R": 2.5862060594744847,
    "P": 3.3718542448557813,
    "S": 3.0008501563220586
  },
  "RSS": {
    "R": 2.190932946991626,
    "P": 3.369342457401536,
    "S": 3.0249019235579997
  },
  "PRR": {
    "R": 2.165132125671207,
    "P": 3.096889566733303,
    "S": 2.720987619328672
  },
  "PRP": {
    "R": 3.20558730244685,
    "P": 3.346344271566229,
    "S": 2.869763909571885
  },
  "PRS": {
    "R": 2.9372318768903916,
    "P": 2.7565730034653644,
    "S": 2.8025631610504824
  },
  "PPR": {
    "R": 3.321218049576943,
    "P": 3.1925466496406196,
    "S": 3.2924261432953488
  },
  "PPP": {
    "R": 3.4163052678105164,
    "P": 3.1315528289496424,
    "S": 3.006010268851745
  },
  "PPS": {
    "R": 3.031857877381051,
    "P": 3.273629190401734,
    "S": 3.076712502738915
  },
  "PSR": {
    "R": 1.697733762454422,
    "P": 2.9461978812571608,
    "S": 2.979248016159786
  },
  "PSP": {
    "R": 3.194754310541631,
    "P": 3.1426994756176945,
    "S": 3.292471515066871
  },
  "PSS": {
    "R": 2.3638312281552496,
    "P": 3.276940333078623,
    "S": 2.308489175481764
  },
  "SRR": {
    "R": 2.425753634221923,
    "P": 3.1248747494952993,
    "S": 2.5880241824033234
  },
  "SRP": {
    "R": 2.933833808247787,
    "P": 2.6244992802868907,
    "S": 3.0997132608767863
  },
  "SRS": {
    "R": 2.978984586507586,
    "P": 2.5484621738797952,
    "S": 3.270618698571165
  },
  "SPR": {
    "R": 2.8413924609274472,
    "P": 2.8960196864232737,
    "S": 2.7572190142454165
  },
  "SPP": {
    "R": 3.33554959817132,
    "P": 2.821517454957075,
    "S": 3.283667022622835
  },
  "SPS": {
    "R": 3.114183417207939,
    "P": 3.083567527836622,
    "S": 3.3171533182652664
  },
  "SSR": {
    "R": 2.301042857701963,
    "P": 3.2187360980993978,
    "S": 2.9759921355927514
  },
  "SSP": {
    "R": 2.4279652215110086,
    "P": 3.286696399135711,
    "S": 3.339340866349871
  },
  "SSS": {
    "R": 3.0715480998013245,
    "P": 2.3897130590296727,
    "S": 3.1974492687739478
  }
}