{
  "RRR": {
    "R": 6.123791634159475,
    "P": 4.995924123633764,
    "S": 6.498038313186198
  },
  "RRP": {
    "R": 8.377315279815368,
    "P": 7.86637189025182,
    "S": 10.532727134461577
  },
  "RRS": {
    "R": 7.402380306349141,
    "P": 5.987881107732382,
    "S": 7.336259593791572
  },
  "RPR": {
    "R": 10.38181727288423,
    "P": 8.200201969113376,
    "S": 6.106579260813872
  },
  "RPP": {
    "R": 7.854401941708279,
    "P": 3.957014655642176,
    "S": 8.411355957186354
  },
  "RPS": {
    "R": 10.202503594392187,
    "P": 9.621265948126128,
    "S": 7.015104179167643
  },
  "RSR": {
    "R": 6.258372538130876,
    "P": 10.041057053520753,
    "S": 8.013650986244174
  },
  "RSP": {
    "R": 5.486837150638378,
    "P": 5.9103043612759825,
    "S": 8.989647635288925
  },
  "RSS": {
    "R": 6.94539194681211,
    "P": 8.38325495430112,
    "S": 6.2601458112955335
  },
  "PRR": {
    "R": 0,
    "P": 10.662736940432856,
    "S": 7.6480150060159335
  },
  "PRP": {
    "R": 6.312395504098555,
    "P": 8.21210112974965,
    "S": 9.627842756252358
  },
  "PRS": {
    "R": 0.7952718745304777,
    "P": 7.560154514268185,
    "S": 6.105185971504677
  },
  "PPR": {
    "R": 8.069271215038583,
    "P": 8.54925739710107,
    "S": 5.955149357798492
  },
  "PPP": {
    "R": 3.2476802096028328,
    "P": 3.876964921686725,
    "S": 6.117934653451995
  },
  "PPS": {
    "R": 2.3162475348462888,
    "P": 9.150331137279064,
    "S": 6.6860157678154595
  },
  "PSR": {
    "R": 5.713536929423382,
    "P": 9.824515109838728,
    "S": 9.826118667116678
  },
  "PSP": {
    "R": 2.3220152254747264,
    "P": 8.323279112981103,
    "S": 9.34392389007822
  },
  "PSS": {
    "R": 6.621086940198599,
    "P": 8.82461252630993,
    "S": 6.820595262754759
  },
  "SRR": {
    "R": 6.359754942864733,
    "P": 8.391650245248384,
    "S": 4.79848218498039
  },
  "SRP": {
    "R": 10.280183410945073,
    "P": 7.997201983000474,
    "S": 9.713468616422029
  },
  "SRS": {
    "R": 10.21821263887348,
    "P": 6.004865892993983,
    "S": 7.259048974852251
  },
  "SPR": {
    "R": 8.809883610742112,
    "P": 1.180041001071807,
    "S": 2.7433451030097036
  },
  "SPP": {
    "R": 8.393648960304166,
    "P": 3.9344906584991293,
    "S": 6.874475131296377
  },
  "SPS": {
    "R": 8.541379421580025,
    "P": 8.968546940138614,
    "S": 7.0072850359177385
  },
  "SSR": {
    "R": 7.66662171382763,
    "P": 6.60780476885401,
    "S": 6.626521040185864
  },
  "SSP": {
    "R": 6.2004752580903375,
    "P": 6.931423872724341,
    "S": 9.197155302107877
  },
  "SSS": {
    "R": 6.96564368117746,
    "P": 7.074175949897408,
    "S": 7.188692702516166
  }
}