{
  "RRR": {
    "R": 2.8404653383956164,
    "P": 2.734182806524047,
    "S": 3.848622862664664
  },
  "RRP": {
    "R": 3.0795123439914294,
    "P": 3.2130562486180354,
    "S": 3.3984887212841697
  },
  "RRS": {
    "R": 3.8340097546667034,
    "P": 4.083292277445186,
    "S": 3.5266923607503675
  },
  "RPR": {
    "R": 3.0292393515589096,
    "P": 1.8571811750873028,
    "S": 3.6111022598579403
  },
  "RPP": {
    "R": 2.70955701888993,
    "P": 3.672905959580577,
    "S": 3.7612857827365334
  },
  "RPS": {
    "R": 3.876269819254352,
    "P": 3.385108112812415,
    "S": 2.231166745654914
  },
  "RSR": {
    "R": 3.408030122397136,
    "P": 3.9130004846595083,
    "S": 3.5598788844656317
  },
  "RSP": {
    "R": 2.9586179016572283,
    "P": 3.928989411103612,
    "S": 3.7675721407296003
  },
  "RSS": {
    "R": 3.266946081964985,
    "P": 3.789343052149326,
    "S": 3.9465647332996894
  },
  "PRR": {
    "R": 2.913222636362728,
    "P": 2.6829670069309284,
    "S": 2.8732567856308004
  },
  "PRP": {
    "R": 3.7257137358485823,
    "P": 3.8809745392189243,
    "S": 3.4757866887343756
  },
  "PRS": {
    "R": 3.74483468138807,
    "P": 3.6619036206395257,
    "S": 3.3828480513148627
  },
  "PPR": {
    "R": 3.1162620618744947,
    "P": 3.4015878665761803,
    "S": 2.488698637914235
  },
  "PPP": {
    "R": 3.4170420939381136,
    "P": 3.5553155964397463,
    "S": 3.652261767313425
  },
  "PPS": {
    "R": 3.7460222521219118,
    "P": 3.7542752584161843,
    "S": 3.2032865196512175
  },
  "PSR": {
    "R": 3.4271752764671106,
    "P": 3.9087070794459104,
    "S": 3.7419333430277724
  },
  "PSP": {
    "R": 3.7089419800979897,
    "P": 3.508861263710166,
    "S": 3.639782073636061
  },
  "PSS": {
    "R": 2.182355338666547,
    "P": 3.184644331659811,
    "S": 2.927096764306026
  },
  "SRR": {
    "R": 2.9282568324778864,
    "P": 3.4918562176540306,
    "S": 3.4871054113596376
  },
  "SRP": {
    "R": 3.738643963907972,
    "P": 3.6473722465501117,
    "S": 3.928533155536054
  },
  "SRS": {
    "R": 2.721245000463227,
    "P": 3.643817422717022,
    "S": 3.7796043367681333
  },
  "SPR": {
    "R": 2.6374436030211807,
    "P": 4.1585273916699785,
    "S": 3.7149454426485935
  },
  "SPP": {
    "R": 3.3923688270119694,
    "P": 3.858168179351174,
    "S": 3.8126393111343413
  },
  "SPS": {
    "R": 3.5468618524708284,
    "P": 3.653519053853952,
    "S": 2.9829275922719365
  },
  "SSR": {
    "R": 2.7726764426986388,
    "P": 2.919092252899883,
    "S": 3.6417002944368306
  },
  "SSP": {
    "R": 3.5792695916616473,
    "P": 4.052431227334737,
    "S": 3.909346295007366
  },
  "SSS": {
    "R": 2.9579109284290572,
    "P": 4.022597189327631,
    "S": 3.247975842049929
  }
}