{
  "RRR": {
    "R": 4.1080315023036595,
    "P": 4.032989021323317,
    "S": 4.109825126845169
  },
  "RRP": {
    "R": 3.0795123439914294,
    "P": 3.9656218186604555,
    "S": 3.854511567949509
  },
  "RRS": {
    "R": 4.0178763339153605,
    "P": 4.083292277445186,
    "S": 4.229100906493474
  },
  "RPR": {
    "R": 3.0292393515589096,
    "P": 1.8571811750873028,
    "S": 3.828895900118232
  },
  "RPP": {
    "R": 4.068483727399898,
    "P": 3.9534172825737235,
    "S": 3.7612857827365334
  },
  "RPS": {
    "R": 3.876269819254352,
    "P": 4.221194955686832,
    "S": 3.308853383528176
  },
  "RSR": {
    "R": 4.13177170294518,
    "P": 3.9130004846595083,
    "S": 3.9675451231691667
  },
  "RSP": {
    "R": 2.9586179016572283,
    "P": 3.8741593566146997,
    "S": 4.22198201640641
  },
  "RSS": {
    "R": 4.19921209904583,
    "P": 4.313329702333919,
    "S": 4.354374613429741
  },
  "PRR": {
    "R": 3.9753850208240133,
    "P": 3.329946796459467,
    "S": 4.256667080973937
  },
  "PRP": {
    "R": 3.948246791440296,
    "P": 3.8809745392189243,
    "S": 3.4757866887343756
  },
  "PRS": {
    "R": 3.8811065232297652,
    "P": 3.890986004311782,
    "S": 3.3828480513148627
  },
  "PPR": {
    "R": 4.21432378755952,
    "P": 3.8588876454276253,
    "S": 3.9708495661533463
  },
  "PPP": {
    "R": 4.172546303072854,
    "P": 3.947028914310988,
    "S": 4.1845590710175244
  },
  "PPS": {
    "R": 4.316073884454796,
    "P": 3.7542752584161843,
    "S": 3.2032865196512175
  },
  "PSR": {
    "R": 3.4271752764671106,
    "P": 4.059932734559937,
    "S": 3.954009415900961
  },
  "PSP": {
    "R": 4.2141596026150925,
    "P": 3.8621337271360106,
    "S": 4.169329333481052
  },
  "PSS": {
    "R": 3.424004582811675,
    "P": 3.184644331659811,
    "S": 3.9228026896094828
  },
  "SRR": {
    "R": 4.125589801120114,
    "P": 3.4918562176540306,
    "S": 4.277521636584165
  },
  "SRP": {
    "R": 3.738643963907972,
    "P": 3.9621247020111796,
    "S": 4.164554854355188
  },
  "SRS": {
    "R": 3.748388587044797,
    "P": 3.643817422717022,
    "S": 4.23473406442742
  },
  "SPR": {
    "R": 3.173405673476238,
    "P": 4.1585273916699785,
    "S": 3.8128650981499543
  },
  "SPP": {
    "R": 3.3923688270119694,
    "P": 4.120585598170626,
    "S": 3.83994122854635
  },
  "SPS": {
    "R": 4.150084102723781,
    "P": 4.244072630586786,
    "S": 3.9736759045519308
  },
  "SSR": {
    "R": 2.7726764426986388,
    "P": 3.95549368118657,
    "S": 3.6417002944368306
  },
  "SSP": {
    "R": 3.5792695916616473,
    "P": 4.052431227334737,
    "S": 4.029511788109563
  },
  "SSS": {
    "R": 3.8018423955363816,
    "P": 4.36505719785797,
    "S": 4.455202832114381
  }
}