{
  "RRR": {
    "R": 1.0229481344282092,
    "P": 2.182235933180624,
    "S": 2.4811018686598323
  },
  "RRP": {
    "R": 3.246086395713917,
    "P": 3.4846040868077828,
    "S": 3.172999393681796
  },
  "RRS": {
    "R": 3.219279964048391,
    "P": 2.9801916507812622,
    "S": 3.6133790336474556
  },
  "RPR": {
    "R": 3.1193846498194384,
    "P": 3.288932801551252,
    "S": 3.0201888580945115
  },
  "RPP": {
    "R": 1.8629433365743426,
    "P": 3.3531940780968497,
    "S": 3.514726983533277
  },
  "RPS": {
    "R": 3.4953170592852603,
    "P": 3.254477209838887,
    "S": 2.533364627616167
  },
  "RSR": {
    "R": 3.1136242788556707,
    "P": 3.29222819747562,
    "S": 2.9272783469316987
  },
  "RSP": {
    "R": 2.5862060594744847,
    "P": 3.5186739615875435,
    "S": 3.0008501563220586
  },
  "RSS": {
    "R": 3.2427435493861902,
    "P": 3.3393128215911028,
    "S": 3.221854734100016
  },
  "PRR": {
    "R": 2.165132125671207,
    "P": 3.096889566733303,
    "S": 3.237703400649891
  },
  "PRP": {
    "R": 3.5583953512378117,
    "P": 3.346344271566229,
    "S": 2.869763909571885
  },
  "PRS": {
    "R": 3.3591540904119914,
    "P": 3.2808907778118863,
    "S": 2.8025631610504824
  },
  "PPR": {
    "R": 3.321218049576943,
    "P": 3.1925466496406196,
    "S": 3.575034254486425
  },
  "PPP": {
    "R": 3.348425323604298,
    "P": 3.4159128298667296,
    "S": 3.568049182109334
  },
  "PPS": {
    "R": 3.2845172930133986,
    "P": 3.575970377259288,
    "S": 3.5180595655402107
  },
  "PSR": {
    "R": 3.3140629041614886,
    "P": 2.9461978812571608,
    "S": 3.486021805470321
  },
  "PSP": {
    "R": 3.194754310541631,
    "P": 3.5729198770357637,
    "S": 3.379826662522651
  },
  "PSS": {
    "R": 3.4562218364154087,
    "P": 3.364374567662337,
    "S": 2.308489175481764
  },
  "SRR": {
    "R": 2.425753634221923,
    "P": 3.4631122939043797,
    "S": 3.5089852145228777
  },
  "SRP": {
    "R": 3.265739442746055,
    "P": 3.579476820945998,
    "S": 3.5054219568381795
  },
  "SRS": {
    "R": 2.978984586507586,
    "P": 2.5484621738797952,
    "S": 3.346087653268685
  },
  "SPR": {
    "R": 3.3861629361672287,
    "P": 2.8960196864232737,
    "S": 2.7572190142454165
  },
  "SPP": {
    "R": 3.33554959817132,
    "P": 3.7423970623279654,
    "S": 3.5688094693186674
  },
  "SPS": {
    "R": 3.0839219333683894,
    "P": 3.083567527836622,
    "S": 3.4179584167033217
  },
  "SSR": {
    "R": 3.4518488342967726,
    "P": 3.5267223960424237,
    "S": 2.9759921355927514
  },
  "SSP": {
    "R": 2.8440394164101783,
    "P": 3.785132921700325,
    "S": 3.3016981003383723
  },
  "SSS": {
    "R": 3.0715480998013245,
    "P": 3.5738725897774533,
    "S": 3.2001170438561624
  }
}