{
  "RRR": {
    "R": 11.27186087115602,
    "P": 9.400551651393723,
    "S": 9.790262261968799
  },
  "RRP": {
    "R": 8.377315279815368,
    "P": 11.006218297862226,
    "S": 10.56926200949053
  },
  "RRS": {
    "R": 9.974189617797906,
    "P": 5.987881107732382,
    "S": 9.357992660292169
  },
  "RPR": {
    "R": 11.005955541315855,
    "P": 11.293596120431816,
    "S": 6.106579260813872
  },
  "RPP": {
    "R": 11.395805688374187,
    "P": 8.867493203846447,
    "S": 9.018655100371785
  },
  "RPS": {
    "R": 10.463199205688003,
    "P": 9.621265948126128,
    "S": 7.015104179167643
  },
  "RSR": {
    "R": 9.517703295888376,
    "P": 10.494654430606037,
    "S": 12.548921974945841
  },
  "RSP": {
    "R": 5.486837150638378,
    "P": 5.9103043612759825,
    "S": 8.989647635288925
  },
  "RSS": {
    "R": 8.147416712547624,
    "P": 9.045929421831001,
    "S": 10.296862770515718
  },
  "PRR": {
    "R": 8.563177531901404,
    "P": 10.846941247855106,
    "S": 7.751289805409111
  },
  "PRP": {
    "R": 9.604402523436086,
    "P": 11.678853781588769,
    "S": 9.627842756252358
  },
  "PRS": {
    "R": 0.7952718745304777,
    "P": 7.560154514268185,
    "S": 6.105185971504677
  },
  "PPR": {
    "R": 11.125211694608872,
    "P": 11.691305251479005,
    "S": 5.955149357798492
  },
  "PPP": {
    "R": 10.724394818663825,
    "P": 10.506599621037005,
    "S": 8.644365561400853
  },
  "PPS": {
    "R": 2.3162475348462888,
    "P": 9.150331137279064,
    "S": 8.329516942562428
  },
  "PSR": {
    "R": 5.713536929423382,
    "P": 10.220494981209225,
    "S": 10.175145251511179
  },
  "PSP": {
    "R": 2.3220152254747264,
    "P": 8.323279112981103,
    "S": 9.34392389007822
  },
  "PSS": {
    "R": 6.621086940198599,
    "P": 8.82461252630993,
    "S": 7.156348102978476
  },
  "SRR": {
    "R": 10.067443558475505,
    "P": 10.283440443013525,
    "S": 8.307860205349087
  },
  "SRP": {
    "R": 10.909765404968791,
    "P": 8.542904778840963,
    "S": 9.713468616422029
  },
  "SRS": {
    "R": 12.831037315558454,
    "P": 6.004865892993983,
    "S": 9.413940969070808
  },
  "SPR": {
    "R": 8.809883610742112,
    "P": 1.180041001071807,
    "S": 2.7433451030097036
  },
  "SPP": {
    "R": 8.393648960304166,
    "P": 3.9344906584991293,
    "S": 6.874475131296377
  },
  "SPS": {
    "R": 9.551543807649816,
    "P": 8.968546940138614,
    "S": 7.0072850359177385
  },
  "SSR": {
    "R": 10.097074464000514,
    "P": 6.60780476885401,
    "S": 10.45308954606936
  },
  "SSP": {
    "R": 6.2004752580903375,
    "P": 6.931423872724341,
    "S": 9.310711664779216
  },
  "SSS": {
    "R": 10.70391761651886,
    "P": 7.074175949897408,
    "S": 7.474053437316442
  }
}