{
  "RRR": {
    "R": 0,
    "P": 0.074,
    "S": 0
  },
  "RRP": {
    "R": 0,
    "P": 0,
    "S": 0.296
  },
  "RRS": {
    "R": 0.079465048,
    "P": 0,
    "S": 0.6760438099584
  },
  "RPR": {
    "R": 0,
    "P": 0.47711606275839996,
    "S": 0.3949872662392754
  },
  "RPP": {
    "R": 0,
    "P": 0,
    "S": 0.30699796724896
  },
  "RPS": {
    "R": 0,
    "P": 0.5496624277717665,
    "S": 0.706900198386149
  },
  "RSR": {
    "R": 0.0074,
    "P": 0.301465048,
    "S": 0.6535677520471763
  },
  "RSP": {
    "R": 0,
    "P": 0.6790245115727019,
    "S": 0.4644038099584
  },
  "RSS": {
    "R": 0.46866823335268254,
    "P": 0.08129048,
    "S": 0.35468652724896
  },
  "PRR": {
    "R": 0.074,
    "P": 0,
    "S": 0.296
  },
  "PRP": {
    "R": 0,
    "P": 0.24524192,
    "S": 0.5960599345121388
  },
  "PRS": {
    "R": 0,
    "P": 0.074,
    "S": 0.422292817733696
  },
  "PPR": {
    "R": 0.51460192,
    "P": 0.12865048,
    "S": 0
  },
  "PPP": {
    "R": 0,
    "P": 0,
    "S": 0
  },
  "PPS": {
    "R": 0.074,
    "P": 0.45908625947991544,
    "S": 0.301465048
  },
  "PSR": {
    "R": 0,
    "P": 0.296,
    "S": 0.4987642512471764
  },
  "PSP": {
    "R": 0.11662007728960003,
    "P": 0.3434740125816045,
    "S": 0.4965037475084017
  },
  "PSS": {
    "R": 0.0074,
    "P": 0.5037905263787679,
    "S": 0.2555241608571077
  },
  "SRR": {
    "R": 0,
    "P": 0,
    "S": 0.7952718745304777
  },
  "SRP": {
    "R": 0.30102999586302964,
    "P": 0,
    "S": 0
  },
  "SRS": {
    "R": 0.8556328562418806,
    "P": 0.4841680009304776,
    "S": 0.3720858189039019
  },
  "SPR": {
    "R": 0.074,
    "P": 0.074,
    "S": 0.14789048000000002
  },
  "SPP": {
    "R": 0.1882509524896,
    "P": 0,
    "S": 0.3648838387336896
  },
  "SPS": {
    "R": 0.572095200547584,
    "P": 0,
    "S": 0.8018558787412476
  },
  "SSR": {
    "R": 0,
    "P": 0,
    "S": 0.4783458311673773
  },
  "SSP": {
    "R": 0.1537198448,
    "P": 0.4762645115727019,
    "S": 0.4540438099584
  },
  "SSS": {
    "R": 0,
    "P": 0.141586092261696,
    "S": 0.26634267887444807
  }
}