{
  "RRR": {
    "R": 4.1080315023036595,
    "P": 4.032989021323317,
    "S": 4.109825126845169
  },
  "RRP": {
    "R": 3.0795123439914294,
    "P": 3.9656218186604555,
    "S": 3.854511567949509
  },
  "RRS": {
    "R": 4.0178763339153605,
    "P": 4.083292277445186,
    "S": 4.229100906493474
  },
  "RPR": {
    "R": 3.0292393515589096,
    "P": 1.8571811750873028,
    "S": 3.828895900118232
  },
  "RPP": {
    "R": 4.19153008371602,
    "P": 3.9534172825737235,
    "S": 3.7612857827365334
  },
  "RPS": {
    "R": 3.876269819254352,
    "P": 4.221194955686832,
    "S": 3.89735881936127
  },
  "RSR": {
    "R": 4.13177170294518,
    "P": 3.9130004846595083,
    "S": 4.642112815505352
  },
  "RSP": {
    "R": 2.9586179016572283,
    "P": 3.8741593566146997,
    "S": 4.244640386568845
  },
  "RSS": {
    "R": 4.19921209904583,
    "P": 4.5953229052592945,
    "S": 4.50790886384607
  },
  "PRR": {
    "R": 3.9753850208240133,
    "P": 3.329946796459467,
    "S": 4.256667080973937
  },
  "PRP": {
    "R": 3.948246791440296,
    "P": 3.8809745392189243,
    "S": 3.4757866887343756
  },
  "PRS": {
    "R": 4.395027832277385,
    "P": 4.244103011709307,
    "S": 3.3828480513148627
  },
  "PPR": {
    "R": 4.21432378755952,
    "P": 3.8588876454276253,
    "S": 4.361136849104903
  },
  "PPP": {
    "R": 4.172546303072854,
    "P": 3.947028914310988,
    "S": 4.1845590710175244
  },
  "PPS": {
    "R": 4.316073884454796,
    "P": 3.7542752584161843,
    "S": 3.2032865196512175
  },
  "PSR": {
    "R": 3.4271752764671106,
    "P": 4.1991460664813705,
    "S": 3.954009415900961
  },
  "PSP": {
    "R": 4.2141596026150925,
    "P": 3.8621337271360106,
    "S": 4.169329333481052
  },
  "PSS": {
    "R": 4.449351840287831,
    "P": 3.952389958236016,
    "S": 3.9228026896094828
  },
  "SRR": {
    "R": 4.125589801120114,
    "P": 3.4918562176540306,
    "S": 4.277521636584165
  },
  "SRP": {
    "R": 3.738643963907972,
    "P": 4.3607023483583145,
    "S": 4.211113023491404
  },
  "SRS": {
    "R": 3.748388587044797,
    "P": 4.419593926442283,
    "S": 4.629601708408579
  },
  "SPR": {
    "R": 3.173405673476238,
    "P": 4.1585273916699785,
    "S": 3.8128650981499543
  },
  "SPP": {
    "R": 4.363189877389915,
    "P": 4.120585598170626,
    "S": 3.83994122854635
  },
  "SPS": {
    "R": 4.195635189838611,
    "P": 4.244072630586786,
    "S": 4.433712959464433
  },
  "SSR": {
    "R": 2.7726764426986388,
    "P": 3.95549368118657,
    "S": 4.374474138056763
  },
  "SSP": {
    "R": 3.5792695916616473,
    "P": 4.420361787046375,
    "S": 4.4410213344451
  },
  "SSS": {
    "R": 3.8018423955363816,
    "P": 4.722228290349421,
    "S": 4.455202832114381
  }
}