{
  "RRR": {
    "R": 10.62462474682365,
    "P": 10.791241150055225,
    "S": 10.478013581220027
  },
  "RRP": {
    "R": 9.247195023265421,
    "P": 11.034051420846673,
    "S": 7.849324824852382
  },
  "RRS": {
    "R": 10.140484233912378,
    "P": 9.918858756736798,
    "S": 12.747778084650841
  },
  "RPR": {
    "R": 10.72481964137627,
    "P": 11.33957675727667,
    "S": 11.914872203747777
  },
  "RPP": {
    "R": 10.479756545696834,
    "P": 8.564997525537887,
    "S": 10.805181986457484
  },
  "RPS": {
    "R": 8.949098780103773,
    "P": 11.758851567920468,
    "S": 9.71264234636314
  },
  "RSR": {
    "R": 11.194986738060855,
    "P": 8.73429258461181,
    "S": 4.827459909617823
  },
  "RSP": {
    "R": 8.939912936623553,
    "P": 12.024748175697926,
    "S": 0
  },
  "RSS": {
    "R": 8.981194050430947,
    "P": 12.703008985028132,
    "S": 12.497995345992434
  },
  "PRR": {
    "R": 10.560478409793145,
    "P": 8.544085554718837,
    "S": 12.9851216976942
  },
  "PRP": {
    "R": 11.714107737423964,
    "P": 8.453917040005411,
    "S": 10.663075287411438
  },
  "PRS": {
    "R": 0,
    "P": 3.5055038615029965,
    "S": 12.848971627537132
  },
  "PPR": {
    "R": 8.873276684386566,
    "P": 12.041999249193136,
    "S": 1.7976999566458378
  },
  "PPP": {
    "R": 8.68541528414167,
    "P": 11.476143271949427,
    "S": 10.395545608252668
  },
  "PPS": {
    "R": 8.731397414897426,
    "P": 12.081113450724732,
    "S": 11.041294070386325
  },
  "PSR": {
    "R": 9.409414659397637,
    "P": 11.133850039991465,
    "S": 8.998077698063858
  },
  "PSP": {
    "R": 9.82933706894993,
    "P": 11.711459093026876,
    "S": 10.949105269633973
  },
  "PSS": {
    "R": 9.93194670781606,
    "P": 10.893677955967508,
    "S": 9.645371451255919
  },
  "SRR": {
    "R": 11.012073418321112,
    "P": 9.402789580969287,
    "S": 11.883614219109909
  },
  "SRP": {
    "R": 11.51011699640526,
    "P": 9.040625889935374,
    "S": 10.75363632259654
  },
  "SRS": {
    "R": 10.108290187917815,
    "P": 1.88132898250123,
    "S": 11.18271289171709
  },
  "SPR": {
    "R": 12.539995664641179,
    "P": 6.0314393005625035,
    "S": 3.060950173258071
  },
  "SPP": {
    "R": 11.885283455156609,
    "P": 11.408400829185865,
    "S": 12.39215818119703
  },
  "SPS": {
    "R": 11.297368463718641,
    "P": 8.718161477076825,
    "S": 10.666512455422126
  },
  "SSR": {
    "R": 11.291839658502777,
    "P": 6.246418119512879,
    "S": 7.201138353838216
  },
  "SSP": {
    "R": 10.992320660834888,
    "P": 12.334092178928039,
    "S": 11.398680250281807
  },
  "SSS": {
    "R": 10.220765889546385,
    "P": 12.269187671449696,
    "S": 12.49025963769784
  }
}