{
  "RRR": {
    "R": 10.62462474682365,
    "P": 11.437611261348412,
    "S": 10.478013581220027
  },
  "RRP": {
    "R": 11.499642125960818,
    "P": 12.0294179408641,
    "S": 7.849324824852382
  },
  "RRS": {
    "R": 13.439891190340848,
    "P": 9.918858756736798,
    "S": 12.747778084650841
  },
  "RPR": {
    "R": 12.674225182938951,
    "P": 11.33957675727667,
    "S": 11.914872203747777
  },
  "RPP": {
    "R": 11.913993987395292,
    "P": 11.962228228743848,
    "S": 12.35924143812639
  },
  "RPS": {
    "R": 8.949098780103773,
    "P": 12.002448177041531,
    "S": 12.764297049220286
  },
  "RSR": {
    "R": 13.270077035424611,
    "P": 11.870395431725903,
    "S": 13.233259131676371
  },
  "RSP": {
    "R": 8.939912936623553,
    "P": 12.024748175697926,
    "S": 0
  },
  "RSS": {
    "R": 13.422000106023114,
    "P": 12.703008985028132,
    "S": 12.974735283900147
  },
  "PRR": {
    "R": 11.011271800685003,
    "P": 11.010177947091481,
    "S": 12.9851216976942
  },
  "PRP": {
    "R": 11.714107737423964,
    "P": 8.453917040005411,
    "S": 11.932447602435685
  },
  "PRS": {
    "R": 0,
    "P": 3.5055038615029965,
    "S": 12.848971627537132
  },
  "PPR": {
    "R": 13.055906319852745,
    "P": 12.078022651032562,
    "S": 1.7976999566458378
  },
  "PPP": {
    "R": 11.558852364785938,
    "P": 12.714619530146004,
    "S": 11.924769065733443
  },
  "PPS": {
    "R": 12.53032297249559,
    "P": 12.086236266570639,
    "S": 12.049731178145276
  },
  "PSR": {
    "R": 12.478799882581795,
    "P": 11.133850039991465,
    "S": 13.492064730301493
  },
  "PSP": {
    "R": 9.82933706894993,
    "P": 11.711459093026876,
    "S": 11.803663284667685
  },
  "PSS": {
    "R": 12.810717593523085,
    "P": 10.893677955967508,
    "S": 13.057209926820459
  },
  "SRR": {
    "R": 11.012073418321112,
    "P": 10.8895929463757,
    "S": 13.18359972802146
  },
  "SRP": {
    "R": 11.51011699640526,
    "P": 12.186412477210764,
    "S": 12.041931110932712
  },
  "SRS": {
    "R": 13.58021350764342,
    "P": 1.88132898250123,
    "S": 13.624566947217698
  },
  "SPR": {
    "R": 12.539995664641179,
    "P": 6.0314393005625035,
    "S": 3.060950173258071
  },
  "SPP": {
    "R": 12.390818089249823,
    "P": 11.408400829185865,
    "S": 12.440105032740458
  },
  "SPS": {
    "R": 12.658506663261521,
    "P": 8.718161477076825,
    "S": 10.666512455422126
  },
  "SSR": {
    "R": 11.291839658502777,
    "P": 12.000658639577065,
    "S": 13.449075786019213
  },
  "SSP": {
    "R": 10.992320660834888,
    "P": 12.773493731669204,
    "S": 11.398680250281807
  },
  "SSS": {
    "R": 12.88581058077297,
    "P": 12.916454540227285,
    "S": 13.044877747834967
  }
}