{
  "RRR": {
    "R": 10.62462474682365,
    "P": 11.437611261348412,
    "S": 10.478013581220027
  },
  "RRP": {
    "R": 15.165024380958092,
    "P": 14.2486730192443,
    "S": 7.849324824852382
  },
  "RRS": {
    "R": 13.439891190340848,
    "P": 11.755420299468001,
    "S": 12.747778084650841
  },
  "RPR": {
    "R": 14.910950382511965,
    "P": 12.715901296575815,
    "S": 11.914872203747777
  },
  "RPP": {
    "R": 14.291698361102881,
    "P": 14.78012283315361,
    "S": 12.35924143812639
  },
  "RPS": {
    "R": 8.949098780103773,
    "P": 12.133877935023579,
    "S": 12.764297049220286
  },
  "RSR": {
    "R": 13.270077035424611,
    "P": 11.870395431725903,
    "S": 13.233259131676371
  },
  "RSP": {
    "R": 8.939912936623553,
    "P": 13.618532680554893,
    "S": 9.644560340951898
  },
  "RSS": {
    "R": 13.422000106023114,
    "P": 13.482787874110224,
    "S": 12.974735283900147
  },
  "PRR": {
    "R": 11.011271800685003,
    "P": 15.048267460167827,
    "S": 13.597760083291016
  },
  "PRP": {
    "R": 11.714107737423964,
    "P": 13.907114912364914,
    "S": 12.825125033423443
  },
  "PRS": {
    "R": 0,
    "P": 3.5055038615029965,
    "S": 13.731194035079751
  },
  "PPR": {
    "R": 15.040311327814,
    "P": 12.952256983764892,
    "S": 12.96799925935605
  },
  "PPP": {
    "R": 12.943349550181994,
    "P": 14.944621404237827,
    "S": 14.963408657499862
  },
  "PPS": {
    "R": 14.322179152151463,
    "P": 12.086236266570639,
    "S": 14.882504354372186
  },
  "PSR": {
    "R": 12.478799882581795,
    "P": 12.76503904164605,
    "S": 13.988437485136071
  },
  "PSP": {
    "R": 9.82933706894993,
    "P": 14.830520096503864,
    "S": 13.801297229788027
  },
  "PSS": {
    "R": 12.810717593523085,
    "P": 14.803689327759681,
    "S": 13.324777695304398
  },
  "SRR": {
    "R": 11.012073418321112,
    "P": 10.8895929463757,
    "S": 13.18359972802146
  },
  "SRP": {
    "R": 11.51011699640526,
    "P": 14.485340014790179,
    "S": 12.041931110932712
  },
  "SRS": {
    "R": 13.58021350764342,
    "P": 13.264903257236195,
    "S": 13.624566947217698
  },
  "SPR": {
    "R": 12.539995664641179,
    "P": 6.0314393005625035,
    "S": 3.060950173258071
  },
  "SPP": {
    "R": 13.411533457690918,
    "P": 14.526077298669389,
    "S": 14.979010685487438
  },
  "SPS": {
    "R": 14.13143147886913,
    "P": 14.78094076791105,
    "S": 12.712303913565199
  },
  "SSR": {
    "R": 11.291839658502777,
    "P": 12.000658639577065,
    "S": 13.449075786019213
  },
  "SSP": {
    "R": 10.992320660834888,
    "P": 13.716352144619949,
    "S": 14.497522435410302
  },
  "SSS": {
    "R": 12.88581058077297,
    "P": 14.127913317679674,
    "S": 13.044877747834967
  }
}