{
  "RRR": {
    "R": 0,
    "P": 0,
    "S": 0.51460192
  },
  "RRP": {
    "R": 0,
    "P": 0,
    "S": 0
  },
  "RRS": {
    "R": 0,
    "P": 1.9916962854937343,
    "S": 1.7527213397615813
  },
  "RPR": {
    "R": 0,
    "P": 0,
    "S": 0
  },
  "RPP": {
    "R": 0,
    "P": 0,
    "S": 1.414134282815387
  },
  "RPS": {
    "R": 0,
    "P": 0,
    "S": 0.51460192
  },
  "RSR": {
    "R": 0,
    "P": 0,
    "S": 0
  },
  "RSP": {
    "R": 0,
    "P": 2.1466297222840685,
    "S": 0
  },
  "RSS": {
    "R": 0,
    "P": 2.0705308490262473,
    "S": 0.9508356463008457
  },
  "PRR": {
    "R": 0.296,
    "P": 0,
    "S": 2.130599740514631
  },
  "PRP": {
    "R": 0,
    "P": 0.296,
    "S": 0
  },
  "PRS": {
    "R": 0,
    "P": 0.296,
    "S": 1.825128442622864
  },
  "PPR": {
    "R": 2.3071136769789238,
    "P": 0.296,
    "S": 0.5915619200000001
  },
  "PPP": {
    "R": 0.5915619200000001,
    "P": 3.2305624751593616,
    "S": 1.414134282815387
  },
  "PPS": {
    "R": 0,
    "P": 1.5140203147042555,
    "S": 1.839469310394584
  },
  "PSR": {
    "R": 0,
    "P": 0,
    "S": 0
  },
  "PSP": {
    "R": 0,
    "P": 1.5112830845329313,
    "S": 1.2708332586645918
  },
  "PSS": {
    "R": 0,
    "P": 1.9450578099433318,
    "S": 1.4922797960258438
  },
  "SRR": {
    "R": 0,
    "P": 0,
    "S": 0.296
  },
  "SRP": {
    "R": 0,
    "P": 0,
    "S": 0.296
  },
  "SRS": {
    "R": 0,
    "P": 0,
    "S": 0
  },
  "SPR": {
    "R": 1.101012937275254,
    "P": 0,
    "S": 0
  },
  "SPP": {
    "R": 2.489840347206276,
    "P": 1.4741629497448197,
    "S": 1.3875510536637425
  },
  "SPS": {
    "R": 0,
    "P": 0,
    "S": 1.7141796601053407
  },
  "SSR": {
    "R": 0.296,
    "P": 0.296,
    "S": 0
  },
  "SSP": {
    "R": 0.296,
    "P": 1.8416553531305278,
    "S": 0
  },
  "SSS": {
    "R": 0.5915619200000001,
    "P": 0.7530038099584,
    "S": 1.1813741124740298
  }
}