{
  "RRR": {
    "R": 3.854211247490118,
    "P": 3.825298676021867,
    "S": 3.8867564652294444
  },
  "RRP": {
    "R": 3.847656966603851,
    "P": 3.544119521136914,
    "S": 4.011890630520152
  },
  "RRS": {
    "R": 3.86331980762196,
    "P": 3.7701998359036866,
    "S": 3.4796278537498
  },
  "RPR": {
    "R": 3.853296371902137,
    "P": 3.701457888824248,
    "S": 4.208212981934873
  },
  "RPP": {
    "R": 1.8629433365743426,
    "P": 3.8029061422765666,
    "S": 3.5621546587321813
  },
  "RPS": {
    "R": 3.5572792591901092,
    "P": 3.996669565086599,
    "S": 3.8062636994329075
  },
  "RSR": {
    "R": 3.69699807313191,
    "P": 3.752868745869047,
    "S": 2.9272783469316987
  },
  "RSP": {
    "R": 4.153742257470789,
    "P": 3.786455770424598,
    "S": 3.0008501563220586
  },
  "RSS": {
    "R": 3.566256813772709,
    "P": 3.6710176989478103,
    "S": 3.8719690184947932
  },
  "PRR": {
    "R": 3.4761807462043186,
    "P": 4.225696021837923,
    "S": 3.7698355625767537
  },
  "PRP": {
    "R": 3.844919227898997,
    "P": 3.346344271566229,
    "S": 3.753906949603155
  },
  "PRS": {
    "R": 3.3121564319068124,
    "P": 3.9454049178050643,
    "S": 3.735786412900062
  },
  "PPR": {
    "R": 3.7119380949194904,
    "P": 3.1925466496406196,
    "S": 3.575034254486425
  },
  "PPP": {
    "R": 3.6614168719299642,
    "P": 3.4159128298667296,
    "S": 3.575911129621768
  },
  "PPS": {
    "R": 3.9700684269615367,
    "P": 3.575825085675867,
    "S": 3.5180595655402107
  },
  "PSR": {
    "R": 3.9417726286394847,
    "P": 3.823118886986922,
    "S": 3.486021805470321
  },
  "PSP": {
    "R": 4.021320438702798,
    "P": 3.7001942464997475,
    "S": 3.4769855821596263
  },
  "PSS": {
    "R": 3.8295558932960283,
    "P": 3.7441337529263317,
    "S": 3.3135835706277037
  },
  "SRR": {
    "R": 4.078839974274459,
    "P": 3.769859006604422,
    "S": 3.5089852145228777
  },
  "SRP": {
    "R": 3.9908286916911404,
    "P": 3.822360145324955,
    "S": 3.791604347232097
  },
  "SRS": {
    "R": 2.978984586507586,
    "P": 2.5484621738797952,
    "S": 3.7999372825667415
  },
  "SPR": {
    "R": 3.8124358176127098,
    "P": 3.7951501390921143,
    "S": 3.428450417956086
  },
  "SPP": {
    "R": 3.8034771931478577,
    "P": 3.680320203827634,
    "S": 3.5688094693186674
  },
  "SPS": {
    "R": 3.699269463093363,
    "P": 3.083567527836622,
    "S": 3.4179584167033217
  },
  "SSR": {
    "R": 3.7555969704746586,
    "P": 3.567863044776068,
    "S": 3.5870978320591176
  },
  "SSP": {
    "R": 3.7970409064522834,
    "P": 3.785132921700325,
    "S": 3.3016981003383723
  },
  "SSS": {
    "R": 3.6707191735951565,
    "P": 3.806306758088682,
    "S": 3.859932250364849
  }
}