{
  "RRR": {
    "R": 4.882006298459713,
    "P": 4.646720178370485,
    "S": 5.025808904344226
  },
  "RRP": {
    "R": 4.484984537726299,
    "P": 5.042018099615367,
    "S": 4.730499678665384
  },
  "RRS": {
    "R": 4.681539745852385,
    "P": 4.083292277445186,
    "S": 4.91341949262713
  },
  "RPR": {
    "R": 4.97619128806245,
    "P": 4.822025287411741,
    "S": 4.435944101553046
  },
  "RPP": {
    "R": 4.688365352673568,
    "P": 4.730808246385984,
    "S": 4.816993664075931
  },
  "RPS": {
    "R": 4.70244174293866,
    "P": 5.12197424395804,
    "S": 4.751502187653854
  },
  "RSR": {
    "R": 5.0068064468530995,
    "P": 4.693253564535557,
    "S": 4.642112815505352
  },
  "RSP": {
    "R": 2.9586179016572283,
    "P": 3.8741593566146997,
    "S": 4.396804504150172
  },
  "RSS": {
    "R": 4.19921209904583,
    "P": 4.6938869129865175,
    "S": 4.57291039461551
  },
  "PRR": {
    "R": 4.808763920979678,
    "P": 4.522820302738336,
    "S": 4.256667080973937
  },
  "PRP": {
    "R": 5.133015140949472,
    "P": 4.84075204467667,
    "S": 4.568756684369712
  },
  "PRS": {
    "R": 4.737857535885159,
    "P": 4.317741486978427,
    "S": 4.665475417821994
  },
  "PPR": {
    "R": 4.561387754961496,
    "P": 4.722018206325606,
    "S": 4.361136849104903
  },
  "PPP": {
    "R": 4.6666367324256655,
    "P": 4.830739275921892,
    "S": 4.840093415796737
  },
  "PPS": {
    "R": 5.239673811936544,
    "P": 4.435440078411126,
    "S": 4.826213086866788
  },
  "PSR": {
    "R": 5.302217488506627,
    "P": 4.819146313847456,
    "S": 3.954009415900961
  },
  "PSP": {
    "R": 4.855654255985531,
    "P": 4.430275105932447,
    "S": 4.169329333481052
  },
  "PSS": {
    "R": 4.427913925305514,
    "P": 4.750282396651031,
    "S": 4.609679104536417
  },
  "SRR": {
    "R": 5.084283782935776,
    "P": 4.815871380841893,
    "S": 4.520530468136388
  },
  "SRP": {
    "R": 4.5720450013506015,
    "P": 4.7726709175454864,
    "S": 4.80561620224015
  },
  "SRS": {
    "R": 3.748388587044797,
    "P": 4.419593926442283,
    "S": 4.629601708408579
  },
  "SPR": {
    "R": 3.173405673476238,
    "P": 4.954903658314147,
    "S": 4.625278476280702
  },
  "SPP": {
    "R": 4.362569635803338,
    "P": 4.785442573367662,
    "S": 3.83994122854635
  },
  "SPS": {
    "R": 4.195635189838611,
    "P": 5.045568884096205,
    "S": 4.760297178195976
  },
  "SSR": {
    "R": 4.499133238397797,
    "P": 4.353608544636526,
    "S": 4.374474138056763
  },
  "SSP": {
    "R": 4.59602677303084,
    "P": 4.687643155517383,
    "S": 4.752214035592373
  },
  "SSS": {
    "R": 4.415169878010879,
    "P": 4.674453750232829,
    "S": 4.455202832114381
  }
}