{
  "RRR": {
    "R": 4.881627810486074,
    "P": 4.646720178370485,
    "S": 4.109825126845169
  },
  "RRP": {
    "R": 3.0795123439914294,
    "P": 3.9656218186604555,
    "S": 4.730499678665384
  },
  "RRS": {
    "R": 4.632230499635982,
    "P": 4.083292277445186,
    "S": 4.229100906493474
  },
  "RPR": {
    "R": 4.084370867761373,
    "P": 1.8571811750873028,
    "S": 4.435944101553046
  },
  "RPP": {
    "R": 4.19153008371602,
    "P": 3.9534172825737235,
    "S": 4.2839344054807595
  },
  "RPS": {
    "R": 4.70244174293866,
    "P": 4.221194955686832,
    "S": 4.751502187653854
  },
  "RSR": {
    "R": 4.291585103852316,
    "P": 4.693253564535557,
    "S": 4.642112815505352
  },
  "RSP": {
    "R": 2.9586179016572283,
    "P": 3.8741593566146997,
    "S": 4.396804504150172
  },
  "RSS": {
    "R": 4.19921209904583,
    "P": 4.5953229052592945,
    "S": 4.50790886384607
  },
  "PRR": {
    "R": 4.156361385437985,
    "P": 3.329946796459467,
    "S": 4.256667080973937
  },
  "PRP": {
    "R": 3.948246791440296,
    "P": 3.8809745392189243,
    "S": 3.4757866887343756
  },
  "PRS": {
    "R": 4.737857535885159,
    "P": 4.317741486978427,
    "S": 3.3828480513148627
  },
  "PPR": {
    "R": 4.21432378755952,
    "P": 3.8588876454276253,
    "S": 4.361136849104903
  },
  "PPP": {
    "R": 4.172546303072854,
    "P": 3.947028914310988,
    "S": 4.1845590710175244
  },
  "PPS": {
    "R": 4.223812996369685,
    "P": 3.7542752584161843,
    "S": 4.662573727666375
  },
  "PSR": {
    "R": 4.614626581053515,
    "P": 4.6432292663957,
    "S": 3.954009415900961
  },
  "PSP": {
    "R": 4.2141596026150925,
    "P": 3.8621337271360106,
    "S": 4.169329333481052
  },
  "PSS": {
    "R": 4.427913925305514,
    "P": 3.952389958236016,
    "S": 4.609679104536417
  },
  "SRR": {
    "R": 4.332449771227706,
    "P": 3.4918562176540306,
    "S": 4.520530468136388
  },
  "SRP": {
    "R": 4.5720450013506015,
    "P": 4.7726709175454864,
    "S": 4.660084278086566
  },
  "SRS": {
    "R": 3.748388587044797,
    "P": 4.419593926442283,
    "S": 4.629601708408579
  },
  "SPR": {
    "R": 3.173405673476238,
    "P": 4.1585273916699785,
    "S": 3.8128650981499543
  },
  "SPP": {
    "R": 4.363189877389915,
    "P": 4.120585598170626,
    "S": 3.83994122854635
  },
  "SPS": {
    "R": 4.195635189838611,
    "P": 4.244072630586786,
    "S": 4.760297178195976
  },
  "SSR": {
    "R": 4.499133238397797,
    "P": 4.353608544636526,
    "S": 4.374474138056763
  },
  "SSP": {
    "R": 3.5792695916616473,
    "P": 4.420361787046375,
    "S": 4.71796384260353
  },
  "SSS": {
    "R": 4.415169878010879,
    "P": 4.498157091490852,
    "S": 4.455202832114381
  }
}