{
  "RRR": {
    "R": 3.4990917799571877,
    "P": 3.4368311528162456,
    "S": 3.8867564652294444
  },
  "RRP": {
    "R": 3.5689251154872492,
    "P": 3.544119521136914,
    "S": 3.4803413969806174
  },
  "RRS": {
    "R": 3.219279964048391,
    "P": 3.7701998359036866,
    "S": 3.4796278537498
  },
  "RPR": {
    "R": 3.853296371902137,
    "P": 3.288932801551252,
    "S": 3.0201888580945115
  },
  "RPP": {
    "R": 1.8629433365743426,
    "P": 3.8029061422765666,
    "S": 3.5621546587321813
  },
  "RPS": {
    "R": 3.5572792591901092,
    "P": 3.7230850390830996,
    "S": 3.7197924623913585
  },
  "RSR": {
    "R": 3.69699807313191,
    "P": 3.29222819747562,
    "S": 2.9272783469316987
  },
  "RSP": {
    "R": 3.68388607422552,
    "P": 3.786455770424598,
    "S": 3.0008501563220586
  },
  "RSS": {
    "R": 3.2427435493861902,
    "P": 3.6710176989478103,
    "S": 3.221854734100016
  },
  "PRR": {
    "R": 3.4761807462043186,
    "P": 3.718594436100692,
    "S": 3.761798383712167
  },
  "PRP": {
    "R": 3.5583953512378117,
    "P": 3.346344271566229,
    "S": 3.83436225592117
  },
  "PRS": {
    "R": 3.3121564319068124,
    "P": 3.2808907778118863,
    "S": 2.8025631610504824
  },
  "PPR": {
    "R": 3.7119380949194904,
    "P": 3.1925466496406196,
    "S": 3.575034254486425
  },
  "PPP": {
    "R": 3.6614168719299642,
    "P": 3.4159128298667296,
    "S": 3.575911129621768
  },
  "PPS": {
    "R": 3.9700684269615367,
    "P": 3.575825085675867,
    "S": 3.5180595655402107
  },
  "PSR": {
    "R": 3.9417726286394847,
    "P": 3.823118886986922,
    "S": 3.486021805470321
  },
  "PSP": {
    "R": 3.548177530694187,
    "P": 3.7001942464997475,
    "S": 3.4769855821596263
  },
  "PSS": {
    "R": 3.4562218364154087,
    "P": 3.7441337529263317,
    "S": 3.3135835706277037
  },
  "SRR": {
    "R": 3.5092022675892656,
    "P": 3.769859006604422,
    "S": 3.5089852145228777
  },
  "SRP": {
    "R": 3.265739442746055,
    "P": 3.822360145324955,
    "S": 3.791604347232097
  },
  "SRS": {
    "R": 2.978984586507586,
    "P": 2.5484621738797952,
    "S": 3.346087653268685
  },
  "SPR": {
    "R": 3.278911078851437,
    "P": 3.7951501390921143,
    "S": 3.493679422554872
  },
  "SPP": {
    "R": 3.8034771931478577,
    "P": 3.680320203827634,
    "S": 3.5688094693186674
  },
  "SPS": {
    "R": 3.699269463093363,
    "P": 3.083567527836622,
    "S": 3.4179584167033217
  },
  "SSR": {
    "R": 3.4518488342967726,
    "P": 3.567863044776068,
    "S": 2.9759921355927514
  },
  "SSP": {
    "R": 3.7955639451152896,
    "P": 3.785132921700325,
    "S": 3.3016981003383723
  },
  "SSS": {
    "R": 3.699157529873595,
    "P": 3.5738725897774533,
    "S": 3.2001170438561624
  }
}