{
  "RRR": {
    "R": 0,
    "P": 0.33548800000000006,
    "S": 0.7045101559257465
  },
  "RRP": {
    "R": 0.008,
    "P": 0.32000000000000006,
    "S": 0.36266240000000005
  },
  "RRS": {
    "R": 0.7621620189450733,
    "P": 0.3514880000000001,
    "S": 0.8229146065869881
  },
  "RPR": {
    "R": 0.008,
    "P": 0,
    "S": 0
  },
  "RPP": {
    "R": 0,
    "P": 0.14387200000000003,
    "S": 0
  },
  "RPS": {
    "R": 0.32000000000000006,
    "P": 0.08000000000000002,
    "S": 0.5754880000000001
  },
  "RSR": {
    "R": 0.9924876553649722,
    "P": 0,
    "S": 0.5538101439692801
  },
  "RSP": {
    "R": 0,
    "P": 0,
    "S": 0.22557745833626835
  },
  "RSS": {
    "R": 0.5806746950427513,
    "P": 0.6058936045349587,
    "S": 0
  },
  "PRR": {
    "R": 0.32000000000000006,
    "P": 0.08638720000000001,
    "S": 0
  },
  "PRP": {
    "R": 0,
    "P": 0,
    "S": 0
  },
  "PRS": {
    "R": 0.008,
    "P": 0,
    "S": 0
  },
  "PPR": {
    "R": 0.07697154048,
    "P": 0,
    "S": 0
  },
  "PPP": {
    "R": 0,
    "P": 0.7032578048000001,
    "S": 0.3514880000000001
  },
  "PPS": {
    "R": 0.5754880000000001,
    "P": 0.4755821359923201,
    "S": 0.7615171525106696
  },
  "PSR": {
    "R": 0.54934232956928,
    "P": 0,
    "S": 0.8147125439692802
  },
  "PSP": {
    "R": 0.08000000000000002,
    "P": 0.34238720000000006,
    "S": 0.19486740480000003
  },
  "PSS": {
    "R": 0.7019373200826959,
    "P": 0,
    "S": 0.32000000000000006
  },
  "SRR": {
    "R": 0.39342434304000007,
    "P": 0.37638404096000005,
    "S": 0.8175670671108959
  },
  "SRP": {
    "R": 0,
    "P": 0,
    "S": 0
  },
  "SRS": {
    "R": 0.5580559427850732,
    "P": 0,
    "S": 0.6261983091726628
  },
  "SPR": {
    "R": 0,
    "P": 0,
    "S": 0.32000000000000006
  },
  "SPP": {
    "R": 0.008,
    "P": 0,
    "S": 0.6074105746752537
  },
  "SPS": {
    "R": 0.810185478290696,
    "P": 0.19235653599232005,
    "S": 0
  },
  "SSR": {
    "R": 0.4372599305797633,
    "P": 0,
    "S": 0.7458527042436087
  },
  "SSP": {
    "R": 0,
    "P": 0.6386442942572127,
    "S": 0.6856621808770056
  },
  "SSS": {
    "R": 0.008,
    "P": 0,
    "S": 0.32000000000000006
  }
}