{
  "RRR": {
    "R": 12.108574250357618,
    "P": 10.86845576669958,
    "S": 11.997102034126595
  },
  "RRP": {
    "R": 8.377315279815368,
    "P": 11.573647174422284,
    "S": 10.56926200949053
  },
  "RRS": {
    "R": 12.156919157564458,
    "P": 5.987881107732382,
    "S": 11.150399691110088
  },
  "RPR": {
    "R": 11.005955541315855,
    "P": 11.293596120431816,
    "S": 6.106579260813872
  },
  "RPP": {
    "R": 11.395805688374187,
    "P": 8.867493203846447,
    "S": 9.326789727736424
  },
  "RPS": {
    "R": 10.463199205688003,
    "P": 11.126950311161677,
    "S": 7.015104179167643
  },
  "RSR": {
    "R": 10.848112784177271,
    "P": 10.494654430606037,
    "S": 13.91551645878691
  },
  "RSP": {
    "R": 5.486837150638378,
    "P": 5.9103043612759825,
    "S": 8.989647635288925
  },
  "RSS": {
    "R": 10.650693141137781,
    "P": 9.045929421831001,
    "S": 12.786269526677753
  },
  "PRR": {
    "R": 8.563177531901404,
    "P": 10.846941247855106,
    "S": 7.751289805409111
  },
  "PRP": {
    "R": 9.604402523436086,
    "P": 11.678853781588769,
    "S": 9.627842756252358
  },
  "PRS": {
    "R": 0.7952718745304777,
    "P": 7.560154514268185,
    "S": 6.105185971504677
  },
  "PPR": {
    "R": 11.125211694608872,
    "P": 11.691305251479005,
    "S": 5.955149357798492
  },
  "PPP": {
    "R": 10.724394818663825,
    "P": 11.996322486273298,
    "S": 14.47999330192348
  },
  "PPS": {
    "R": 8.99874239058692,
    "P": 16.07729657459022,
    "S": 15.36699284448133
  },
  "PSR": {
    "R": 9.376046037624429,
    "P": 11.269184357264372,
    "S": 12.417515443679136
  },
  "PSP": {
    "R": 2.3220152254747264,
    "P": 16.023345934198264,
    "S": 11.900836656854072
  },
  "PSS": {
    "R": 6.621086940198599,
    "P": 12.549814051275844,
    "S": 15.568408260261098
  },
  "SRR": {
    "R": 11.621514139179379,
    "P": 10.283440443013525,
    "S": 11.82789530042549
  },
  "SRP": {
    "R": 10.909765404968791,
    "P": 8.542904778840963,
    "S": 10.6510870144283
  },
  "SRS": {
    "R": 13.935153344013814,
    "P": 6.004865892993983,
    "S": 12.261642908697807
  },
  "SPR": {
    "R": 8.809883610742112,
    "P": 1.180041001071807,
    "S": 2.7433451030097036
  },
  "SPP": {
    "R": 8.393648960304166,
    "P": 11.55698382213687,
    "S": 16.329653461479595
  },
  "SPS": {
    "R": 11.600287282282508,
    "P": 8.968546940138614,
    "S": 13.237804476090457
  },
  "SSR": {
    "R": 11.81013207310774,
    "P": 6.60780476885401,
    "S": 12.797320727954936
  },
  "SSP": {
    "R": 6.2004752580903375,
    "P": 15.980952610438795,
    "S": 9.310711664779216
  },
  "SSS": {
    "R": 12.635655118900422,
    "P": 13.553207983306665,
    "S": 15.37884292318105
  }
}