{
  "RRR": {
    "R": 4.881627810486074,
    "P": 4.646720178370485,
    "S": 4.109825126845169
  },
  "RRP": {
    "R": 3.0795123439914294,
    "P": 4.53341759306793,
    "S": 4.730499678665384
  },
  "RRS": {
    "R": 4.632230499635982,
    "P": 4.083292277445186,
    "S": 4.229100906493474
  },
  "RPR": {
    "R": 4.084370867761373,
    "P": 4.745844274709436,
    "S": 4.435944101553046
  },
  "RPP": {
    "R": 4.688365352673568,
    "P": 4.730808246385984,
    "S": 4.77872567760744
  },
  "RPS": {
    "R": 4.70244174293866,
    "P": 4.626099429895958,
    "S": 4.751502187653854
  },
  "RSR": {
    "R": 4.291585103852316,
    "P": 4.693253564535557,
    "S": 4.642112815505352
  },
  "RSP": {
    "R": 2.9586179016572283,
    "P": 3.8741593566146997,
    "S": 4.396804504150172
  },
  "RSS": {
    "R": 4.19921209904583,
    "P": 4.6938869129865175,
    "S": 4.50790886384607
  },
  "PRR": {
    "R": 4.156361385437985,
    "P": 3.329946796459467,
    "S": 4.256667080973937
  },
  "PRP": {
    "R": 4.815550757399688,
    "P": 4.84075204467667,
    "S": 4.568756684369712
  },
  "PRS": {
    "R": 4.737857535885159,
    "P": 4.317741486978427,
    "S": 4.665475417821994
  },
  "PPR": {
    "R": 4.561387754961496,
    "P": 4.722018206325606,
    "S": 4.361136849104903
  },
  "PPP": {
    "R": 4.6666367324256655,
    "P": 4.830196338903757,
    "S": 4.534224436211472
  },
  "PPS": {
    "R": 4.223812996369685,
    "P": 4.435440078411126,
    "S": 4.826213086866788
  },
  "PSR": {
    "R": 4.614626581053515,
    "P": 4.6432292663957,
    "S": 3.954009415900961
  },
  "PSP": {
    "R": 4.855654255985531,
    "P": 4.33599754353531,
    "S": 4.169329333481052
  },
  "PSS": {
    "R": 4.427913925305514,
    "P": 4.750282396651031,
    "S": 4.609679104536417
  },
  "SRR": {
    "R": 4.332449771227706,
    "P": 4.795202186977249,
    "S": 4.520530468136388
  },
  "SRP": {
    "R": 4.5720450013506015,
    "P": 4.7726709175454864,
    "S": 4.660084278086566
  },
  "SRS": {
    "R": 3.748388587044797,
    "P": 4.419593926442283,
    "S": 4.629601708408579
  },
  "SPR": {
    "R": 3.173405673476238,
    "P": 4.954903658314147,
    "S": 4.625278476280702
  },
  "SPP": {
    "R": 4.362569635803338,
    "P": 4.245069081934517,
    "S": 3.83994122854635
  },
  "SPS": {
    "R": 4.195635189838611,
    "P": 4.244072630586786,
    "S": 4.760297178195976
  },
  "SSR": {
    "R": 4.499133238397797,
    "P": 4.353608544636526,
    "S": 4.374474138056763
  },
  "SSP": {
    "R": 4.59602677303084,
    "P": 4.687643155517383,
    "S": 4.71796384260353
  },
  "SSS": {
    "R": 4.415169878010879,
    "P": 4.498157091490852,
    "S": 4.455202832114381
  }
}